attraction_id,stadium_code,stadium_name,category,category_group_code,name,category_detail,address,lng_x,lat_y,distance_m,phone,place_url,kakao_place_id,in_stadium_flag,source
KKO_JAMSIL_001,JAMSIL,잠실야구장,음식점,FD6,우이락 잠실야구장점,음식점 > 술집 > 실내포장마차 > 우이락,서울 송파구 올림픽로 25,127.075940250465,37.5161988700642,0,,http://place.map.kakao.com/487584815,487584815,Y,KAKAO_LOCAL_API
KKO_JAMSIL_002,JAMSIL,잠실야구장,음식점,FD6,명인만두 잠실야구장점,음식점 > 분식 > 명인만두,서울 송파구 올림픽로 25,127.075940250465,37.5161988700642,0,,http://place.map.kakao.com/728925010,728925010,Y,KAKAO_LOCAL_API
KKO_JAMSIL_003,JAMSIL,잠실야구장,음식점,FD6,올떡 잠실야구장3루점,음식점 > 분식 > 떡볶이 > 올떡,서울 송파구 올림픽로 25,127.073710763043,37.5150388888773,235,,http://place.map.kakao.com/1889494256,1889494256,N,KAKAO_LOCAL_API
KKO_JAMSIL_004,JAMSIL,잠실야구장,음식점,FD6,올떡 잠실야구장중앙점,음식점 > 분식 > 떡볶이 > 올떡,서울 송파구 올림픽로 25,127.073014868342,37.514778030042,302,,http://place.map.kakao.com/1889356191,1889356191,N,KAKAO_LOCAL_API
KKO_JAMSIL_005,JAMSIL,잠실야구장,음식점,FD6,BBQ 한강버스잠실선착장점,음식점 > 치킨 > BBQ,서울 송파구 백제고분로 2,127.07650549724818,37.519206054007604,337,,http://place.map.kakao.com/1308416450,1308416450,N,KAKAO_LOCAL_API
KKO_JAMSIL_006,JAMSIL,잠실야구장,음식점,FD6,면당포 잠실야구장외야점,음식점 > 한식 > 국수,서울 송파구 올림픽로 25,127.07214583455429,37.516780593875154,341,,http://place.map.kakao.com/1759657314,1759657314,N,KAKAO_LOCAL_API
KKO_JAMSIL_007,JAMSIL,잠실야구장,음식점,FD6,공씨네주먹밥 잠실야구장1호점,음식점 > 분식 > 공씨네주먹밥,서울 송파구 올림픽로 25,127.072333207117,37.5128521032705,489,,http://place.map.kakao.com/2049629473,2049629473,N,KAKAO_LOCAL_API
KKO_JAMSIL_008,JAMSIL,잠실야구장,음식점,FD6,프랭크버거 잠실야구장점,음식점 > 양식 > 햄버거 > 프랭크버거,서울 송파구 올림픽로 25,127.07298882909485,37.51243093108723,492,042-671-1100,http://place.map.kakao.com/1872630793,1872630793,N,KAKAO_LOCAL_API
KKO_JAMSIL_009,JAMSIL,잠실야구장,음식점,FD6,버거리 잠실야구장점,음식점 > 양식 > 햄버거 > 버거리,서울 송파구 올림픽로 25,127.0729638575626,37.51234084611102,502,,http://place.map.kakao.com/766530747,766530747,N,KAKAO_LOCAL_API
KKO_JAMSIL_010,JAMSIL,잠실야구장,음식점,FD6,피자헛 잠실야구장점,음식점 > 양식 > 피자 > 피자헛,서울 송파구 올림픽로 25,127.07296577501869,37.511986750332,536,070-4281-0562,http://place.map.kakao.com/115681374,115681374,N,KAKAO_LOCAL_API
KKO_JAMSIL_011,JAMSIL,잠실야구장,음식점,FD6,BHC치킨 잠실야구장2호점,음식점 > 치킨 > BHC치킨,서울 송파구 올림픽로 25,127.07131857122012,37.51280136301857,556,,http://place.map.kakao.com/1139839344,1139839344,N,KAKAO_LOCAL_API
KKO_JAMSIL_012,JAMSIL,잠실야구장,음식점,FD6,아리수만찬 잠실,"음식점 > 한식 > 육류,고기",서울 송파구 잠실동 1-2,127.08131490438089,37.51884243966242,558,02-2632-2100,http://place.map.kakao.com/1172624575,1172624575,N,KAKAO_LOCAL_API
KKO_JAMSIL_013,JAMSIL,잠실야구장,음식점,FD6,통빱 잠실야구장 3루점,음식점 > 도시락,서울 송파구 올림픽로 25,127.071181742889,37.5128365847168,562,,http://place.map.kakao.com/530458939,530458939,N,KAKAO_LOCAL_API
KKO_JAMSIL_014,JAMSIL,잠실야구장,음식점,FD6,도미노피자 잠실야구장점,음식점 > 양식 > 피자 > 도미노피자,서울 송파구 올림픽로 25,127.07111387754888,37.51283662559489,566,02-422-3082,http://place.map.kakao.com/16474614,16474614,N,KAKAO_LOCAL_API
KKO_JAMSIL_015,JAMSIL,잠실야구장,음식점,FD6,BHC치킨 잠실야구장3호점,음식점 > 치킨 > BHC치킨,서울 송파구 올림픽로 23-2,127.073166682639,37.5115523420622,571,010-3349-0427,http://place.map.kakao.com/1980024468,1980024468,N,KAKAO_LOCAL_API
KKO_JAMSIL_016,JAMSIL,잠실야구장,음식점,FD6,버거킹 종합운동장사거리점,음식점 > 패스트푸드 > 버거킹,서울 송파구 올림픽로 76,127.0789860748957,37.51158643619488,578,070-7462-6856,http://place.map.kakao.com/304539164,304539164,N,KAKAO_LOCAL_API
KKO_JAMSIL_017,JAMSIL,잠실야구장,음식점,FD6,앤티앤스프레즐 잠실야구장점,"음식점 > 간식 > 제과,베이커리 > 앤티앤스프레즐",서울 송파구 올림픽로 25,127.07273580196384,37.51161117344577,582,,http://place.map.kakao.com/1837728534,1837728534,N,KAKAO_LOCAL_API
KKO_JAMSIL_018,JAMSIL,잠실야구장,음식점,FD6,잠실야구장먹거리 인생순살치킨,음식점 > 치킨,서울 송파구 올림픽로 지하 23,127.074289395341,37.511108347225,583,,http://place.map.kakao.com/972500777,972500777,N,KAKAO_LOCAL_API
KKO_JAMSIL_019,JAMSIL,잠실야구장,음식점,FD6,꼬꼬닭 잠실야구장점,음식점 > 치킨,서울 송파구 올림픽로 25,127.070964478256,37.512735803,584,02-412-3542,http://place.map.kakao.com/575809099,575809099,N,KAKAO_LOCAL_API
KKO_JAMSIL_020,JAMSIL,잠실야구장,음식점,FD6,BHC치킨 잠실선착장점,음식점 > 치킨 > BHC치킨,서울 송파구 잠실동 1-2,127.08181246591035,37.51869793558322,588,,http://place.map.kakao.com/1808181015,1808181015,N,KAKAO_LOCAL_API
KKO_JAMSIL_021,JAMSIL,잠실야구장,음식점,FD6,노모어피자 종합운동장역점,음식점 > 양식 > 피자,서울 송파구 올림픽로 76,127.07918172239,37.5115601760849,589,070-4012-0771,http://place.map.kakao.com/1119487795,1119487795,N,KAKAO_LOCAL_API
KKO_JAMSIL_022,JAMSIL,잠실야구장,음식점,FD6,잭슨피자 잠실본점,음식점 > 양식 > 피자 > 잭슨피자,서울 송파구 올림픽로 74,127.078820703713,37.5113630976398,594,02-3432-0717,http://place.map.kakao.com/1845251816,1845251816,N,KAKAO_LOCAL_API
KKO_JAMSIL_023,JAMSIL,잠실야구장,음식점,FD6,KFC 잠실야구장점,음식점 > 패스트푸드 > KFC,서울 송파구 올림픽로 25,127.07089652778164,37.51264574340379,595,02-423-0862,http://place.map.kakao.com/8018483,8018483,N,KAKAO_LOCAL_API
KKO_JAMSIL_024,JAMSIL,잠실야구장,음식점,FD6,대진물산,"음식점 > 한식 > 해물,생선 > 조개",서울 송파구 잠실동 1-2,127.0818182595232,37.51882407199245,595,0507-1495-9295,http://place.map.kakao.com/1870190648,1870190648,N,KAKAO_LOCAL_API
KKO_JAMSIL_025,JAMSIL,잠실야구장,음식점,FD6,써브마켓 잠실야구장,음식점 > 패스트푸드 > 샌드위치,서울 송파구 잠실동 122,127.073356131812,37.510969274829,623,070-7808-1183,http://place.map.kakao.com/66889485,66889485,N,KAKAO_LOCAL_API
KKO_JAMSIL_026,JAMSIL,잠실야구장,음식점,FD6,진김밥,음식점 > 분식,서울 송파구 올림픽로 지하 23,127.07334934456536,37.510968378039664,624,,http://place.map.kakao.com/1465069378,1465069378,N,KAKAO_LOCAL_API
KKO_JAMSIL_027,JAMSIL,잠실야구장,음식점,FD6,송사부수제쌀고로케 잠실야구장3루점,"음식점 > 간식 > 제과,베이커리 > 송사부수제쌀고로케",서울 송파구 올림픽로 25,127.07086524306777,37.511857383613716,658,,http://place.map.kakao.com/997588404,997588404,N,KAKAO_LOCAL_API
KKO_JAMSIL_028,JAMSIL,잠실야구장,음식점,FD6,나폴레옹제과점 잠실점,"음식점 > 간식 > 제과,베이커리",서울 송파구 백제고분로 67,127.07898181772742,37.510766525232626,660,,http://place.map.kakao.com/12443865,12443865,N,KAKAO_LOCAL_API
KKO_JAMSIL_029,JAMSIL,잠실야구장,음식점,FD6,편백재샤브칼국수,음식점 > 한식 > 국수 > 칼국수,서울 송파구 올림픽로8길 6,127.07988817700817,37.51112451539741,662,02-417-3291,http://place.map.kakao.com/1922279717,1922279717,N,KAKAO_LOCAL_API
KKO_JAMSIL_030,JAMSIL,잠실야구장,음식점,FD6,봉추찜닭 잠실새내점,"음식점 > 한식 > 육류,고기 > 닭요리 > 봉추찜닭",서울 송파구 올림픽로8길 6,127.079887047866,37.5111263181695,662,02-415-6981,http://place.map.kakao.com/1866150282,1866150282,N,KAKAO_LOCAL_API
KKO_JAMSIL_031,JAMSIL,잠실야구장,음식점,FD6,미사랑 잠실직영점,음식점 > 한식,서울 송파구 올림픽로 88,127.080369124134,37.5113530442013,665,,http://place.map.kakao.com/18347913,18347913,N,KAKAO_LOCAL_API
KKO_JAMSIL_032,JAMSIL,잠실야구장,음식점,FD6,직화계 잠실점,음식점 > 치킨,서울 송파구 백제고분로7길 3-10,127.07932798141,37.5108230565232,667,,http://place.map.kakao.com/1705478913,1705478913,N,KAKAO_LOCAL_API
KKO_JAMSIL_033,JAMSIL,잠실야구장,음식점,FD6,수내닭꼬치 잠실야구장점,"음식점 > 한식 > 육류,고기 > 닭요리",서울 송파구 올림픽로 25,127.0711906561273,37.51150309329484,669,,http://place.map.kakao.com/1294669814,1294669814,N,KAKAO_LOCAL_API
KKO_JAMSIL_034,JAMSIL,잠실야구장,음식점,FD6,김판조닭강정 잠실점,음식점 > 간식 > 닭강정,서울 송파구 백제고분로7길 3-10,127.07931547493712,37.510761796639585,673,02-415-4791,http://place.map.kakao.com/68924189,68924189,N,KAKAO_LOCAL_API
KKO_JAMSIL_035,JAMSIL,잠실야구장,음식점,FD6,맛찬들왕소금구이 잠실점,"음식점 > 한식 > 육류,고기 > 맛찬들왕소금구이",서울 송파구 백제고분로7길 7-5,127.079558561443,37.5106760377579,691,02-425-6692,http://place.map.kakao.com/1665336800,1665336800,N,KAKAO_LOCAL_API
KKO_JAMSIL_036,JAMSIL,잠실야구장,음식점,FD6,오토김밥 잠실점,음식점 > 분식,서울 송파구 올림픽로8길 7,127.0802578078714,37.51091252883131,700,02-2643-8801,http://place.map.kakao.com/117469071,117469071,N,KAKAO_LOCAL_API
KKO_JAMSIL_037,JAMSIL,잠실야구장,음식점,FD6,홍콩반점0410 잠실새내점,음식점 > 중식 > 중국요리 > 홍콩반점0410,서울 송파구 올림픽로8길 10,127.07997373596,37.5107478377348,702,02-2202-0410,http://place.map.kakao.com/1195009840,1195009840,N,KAKAO_LOCAL_API
KKO_JAMSIL_038,JAMSIL,잠실야구장,음식점,FD6,상무초밥 잠실점,"음식점 > 일식 > 초밥,롤",서울 송파구 올림픽로 96,127.081213020683,37.5114641915132,702,02-416-3777,http://place.map.kakao.com/437494532,437494532,N,KAKAO_LOCAL_API
KKO_JAMSIL_039,JAMSIL,잠실야구장,음식점,FD6,KFC 잠실새내점,음식점 > 패스트푸드 > KFC,서울 송파구 올림픽로 96,127.081300180353,37.5115263008329,702,02-2135-8199,http://place.map.kakao.com/280269552,280269552,N,KAKAO_LOCAL_API
KKO_JAMSIL_040,JAMSIL,잠실야구장,음식점,FD6,청기와타운 잠실새내점,"음식점 > 한식 > 육류,고기 > 갈비",서울 송파구 올림픽로8길 10,127.079977112788,37.5107325183692,703,0507-1429-8101,http://place.map.kakao.com/1617078296,1617078296,N,KAKAO_LOCAL_API
KKO_JAMSIL_041,JAMSIL,잠실야구장,음식점,FD6,사보텐 신천점,"음식점 > 일식 > 돈까스,우동 > 사보텐",서울 송파구 백제고분로7길 3,127.0794124175115,37.51045178603353,707,,http://place.map.kakao.com/18825490,18825490,N,KAKAO_LOCAL_API
KKO_JAMSIL_042,JAMSIL,잠실야구장,음식점,FD6,교촌치킨 잠실1호점,음식점 > 치킨 > 교촌치킨,서울 송파구 백제고분로7길 9,127.07986155394158,37.510553296712246,716,02-416-9939,http://place.map.kakao.com/8662816,8662816,N,KAKAO_LOCAL_API
KKO_JAMSIL_043,JAMSIL,잠실야구장,음식점,FD6,아궁이왕돌구이,"음식점 > 한식 > 육류,고기 > 삼겹살",서울 송파구 백제고분로7길 15-5,127.080472601847,37.5108123712303,719,02-414-3949,http://place.map.kakao.com/1876671598,1876671598,N,KAKAO_LOCAL_API
KKO_JAMSIL_044,JAMSIL,잠실야구장,음식점,FD6,화담,"음식점 > 한식 > 육류,고기",서울 송파구 올림픽로8길 12,127.080015381175,37.5105567966269,722,,http://place.map.kakao.com/2093814807,2093814807,N,KAKAO_LOCAL_API
KKO_JAMSIL_045,JAMSIL,잠실야구장,음식점,FD6,빈궁,음식점 > 중식 > 중국요리,서울 송파구 백제고분로7길 6,127.079449578949,37.5102976893067,724,02-420-2991,http://place.map.kakao.com/10445041,10445041,N,KAKAO_LOCAL_API
KKO_JAMSIL_046,JAMSIL,잠실야구장,카페,CE7,사과나무카페,음식점 > 카페,서울 송파구 올림픽로 25,127.07529595920026,37.51215197367618,452,,http://place.map.kakao.com/1808412559,1808412559,N,KAKAO_LOCAL_API
KKO_JAMSIL_047,JAMSIL,잠실야구장,카페,CE7,빽다방 종합운동장역점,음식점 > 카페 > 커피전문점 > 빽다방,서울 송파구 올림픽로 76,127.079344576372,37.5115411457238,598,,http://place.map.kakao.com/1280186756,1280186756,N,KAKAO_LOCAL_API
KKO_JAMSIL_048,JAMSIL,잠실야구장,카페,CE7,픽베이크 잠실야구장점,음식점 > 카페 > 테마카페 > 디저트카페 > 픽베이크,서울 송파구 올림픽로 25,127.07240544235,37.5115212759883,606,,http://place.map.kakao.com/1124986731,1124986731,N,KAKAO_LOCAL_API
KKO_JAMSIL_049,JAMSIL,잠실야구장,카페,CE7,요거트아이스크림의정석 잠실야구장점,음식점 > 카페 > 테마카페 > 디저트카페 > 요거트아이스크림의정석,서울 송파구 올림픽로 25,127.07086801635259,37.512397984397786,615,,http://place.map.kakao.com/2129747040,2129747040,N,KAKAO_LOCAL_API
KKO_JAMSIL_050,JAMSIL,잠실야구장,카페,CE7,크레스타운 잠실점,음식점 > 카페,서울 송파구 백제고분로 63,127.078913146676,37.5110738135661,626,,http://place.map.kakao.com/362946062,362946062,N,KAKAO_LOCAL_API
KKO_JAMSIL_051,JAMSIL,잠실야구장,카페,CE7,매머드익스프레스 잠실종합운동장점,음식점 > 카페 > 커피전문점 > 매머드익스프레스,서울 송파구 올림픽로8길 4-11,127.079308019891,37.5111987886926,629,02-422-5727,http://place.map.kakao.com/706472509,706472509,N,KAKAO_LOCAL_API
KKO_JAMSIL_052,JAMSIL,잠실야구장,카페,CE7,갤러리덴,음식점 > 카페 > 테마카페 > 갤러리카페,서울 송파구 올림픽로 86,127.080211961831,37.5114054092641,652,02-6229-2976,http://place.map.kakao.com/1915095795,1915095795,N,KAKAO_LOCAL_API
KKO_JAMSIL_053,JAMSIL,잠실야구장,카페,CE7,스타벅스 잠실새내역점,음식점 > 카페 > 커피전문점 > 스타벅스,서울 송파구 올림픽로 96,127.08112937138624,37.511510200207084,693,1522-3232,http://place.map.kakao.com/21580658,21580658,N,KAKAO_LOCAL_API
KKO_JAMSIL_054,JAMSIL,잠실야구장,카페,CE7,스타벅스 아시아선수촌점,음식점 > 카페 > 커피전문점 > 스타벅스,서울 송파구 백제고분로 69,127.079042533793,37.510424102992,697,1522-3232,http://place.map.kakao.com/7961930,7961930,N,KAKAO_LOCAL_API
KKO_JAMSIL_055,JAMSIL,잠실야구장,카페,CE7,몬스터핸드,"가정,생활 > 여가시설 > 보드카페",서울 송파구 올림픽로8길 10,127.079974867017,37.510747836969,702,02-424-6054,http://place.map.kakao.com/496519868,496519868,N,KAKAO_LOCAL_API
KKO_JAMSIL_056,JAMSIL,잠실야구장,카페,CE7,메가MGC커피 종합운동장점,음식점 > 카페 > 커피전문점 > 메가MGC커피,서울 송파구 올림픽로8길 11,127.08031648781626,37.51078634835335,714,02-425-2221,http://place.map.kakao.com/2858091,2858091,N,KAKAO_LOCAL_API
KKO_JAMSIL_057,JAMSIL,잠실야구장,카페,CE7,투썸플레이스 잠실신천점,음식점 > 카페 > 커피전문점 > 투썸플레이스,서울 송파구 백제고분로7길 9,127.07985811566279,37.51051095183533,720,02-415-2344,http://place.map.kakao.com/14981572,14981572,N,KAKAO_LOCAL_API
KKO_JAMSIL_058,JAMSIL,잠실야구장,카페,CE7,퀸즈라이브7080,음식점 > 카페 > 테마카페 > 라이브카페,서울 송파구 백제고분로7길 6,127.07945067179955,37.51026164839849,728,02-420-3334,http://place.map.kakao.com/988079894,988079894,N,KAKAO_LOCAL_API
KKO_JAMSIL_059,JAMSIL,잠실야구장,카페,CE7,커피빈 신천역점,음식점 > 카페 > 커피전문점 > 커피빈,서울 송파구 올림픽로 100,127.08170279179173,37.51148097282949,730,02-417-8851,http://place.map.kakao.com/26773899,26773899,N,KAKAO_LOCAL_API
KKO_JAMSIL_060,JAMSIL,잠실야구장,카페,CE7,달빛정거장,"가정,생활 > 여가시설 > 만화방 > 만화카페",서울 송파구 백제고분로7길 8,127.07963957915346,37.51028224428449,733,02-413-4252,http://place.map.kakao.com/463852691,463852691,N,KAKAO_LOCAL_API
KKO_JAMSIL_061,JAMSIL,잠실야구장,카페,CE7,룸메이트,음식점 > 카페 > 테마카페,서울 송파구 올림픽로12길 4-25,127.081352874131,37.511096485576,741,,http://place.map.kakao.com/1597402176,1597402176,N,KAKAO_LOCAL_API
KKO_JAMSIL_062,JAMSIL,잠실야구장,카페,CE7,데이롱카페 잠실새내점,음식점 > 카페 > 테마카페 > 무인카페 > 데이롱카페,서울 송파구 올림픽로8길 20,127.07995733026131,37.510212652283435,753,,http://place.map.kakao.com/1330239182,1330239182,N,KAKAO_LOCAL_API
KKO_JAMSIL_063,JAMSIL,잠실야구장,카페,CE7,셜록홈즈 잠실1호점,음식점 > 카페 > 테마카페,서울 송파구 백제고분로7길 19,127.080942993626,37.5106931172678,754,02-422-0053,http://place.map.kakao.com/1468583272,1468583272,N,KAKAO_LOCAL_API
KKO_JAMSIL_064,JAMSIL,잠실야구장,카페,CE7,아지트보드게임카페,"가정,생활 > 여가시설 > 보드카페",서울 송파구 올림픽로12길 4-23,127.081658292406,37.5111251069653,756,02-412-2848,http://place.map.kakao.com/528293016,528293016,N,KAKAO_LOCAL_API
KKO_JAMSIL_065,JAMSIL,잠실야구장,카페,CE7,캣툰 잠실새내점,"가정,생활 > 여가시설 > 만화방 > 만화카페 > 캣툰",서울 송파구 올림픽로10길 9,127.081240581569,37.5108037364847,760,02-2088-1964,http://place.map.kakao.com/1282484038,1282484038,N,KAKAO_LOCAL_API
KKO_JAMSIL_066,JAMSIL,잠실야구장,카페,CE7,보드게임카페 잠실새내점,"가정,생활 > 여가시설 > 보드카페",서울 송파구 올림픽로10길 9,127.081237185466,37.5108010358147,760,02-420-3799,http://place.map.kakao.com/1221252868,1221252868,N,KAKAO_LOCAL_API
KKO_JAMSIL_067,JAMSIL,잠실야구장,카페,CE7,홈즈앤루팡24 오티티 보드게임 플러스 잠실새내점,"가정,생활 > 여가시설 > 보드카페 > 홈즈앤루팡",서울 송파구 백제고분로7길 25,127.08169412307886,37.510791710624645,786,0503-7152-8198,http://place.map.kakao.com/1817024920,1817024920,N,KAKAO_LOCAL_API
KKO_JAMSIL_068,JAMSIL,잠실야구장,카페,CE7,벌툰 엔틱 잠실새내점,"가정,생활 > 여가시설 > 만화방 > 만화카페 > 벌툰",서울 송파구 백제고분로7길 27,127.08189778634174,37.51085824391266,793,010-5126-5860,http://place.map.kakao.com/1609818137,1609818137,N,KAKAO_LOCAL_API
KKO_JAMSIL_069,JAMSIL,잠실야구장,카페,CE7,하라핸즈커피,음식점 > 카페,서울 송파구 올림픽로12길 4-15,127.082269018893,37.5110814349824,797,,http://place.map.kakao.com/526081914,526081914,N,KAKAO_LOCAL_API
KKO_JAMSIL_070,JAMSIL,잠실야구장,카페,CE7,콩당콩당,음식점 > 카페 > 커피전문점,서울 송파구 올림픽로4길 17,127.076697459117,37.508926377572,810,02-2203-1214,http://place.map.kakao.com/1692075386,1692075386,N,KAKAO_LOCAL_API
KKO_JAMSIL_071,JAMSIL,잠실야구장,카페,CE7,커피베이 잠실새내점,음식점 > 카페 > 커피전문점 > 커피베이,서울 송파구 백제고분로7길 28,127.08193373006772,37.51062936390149,814,02-6925-1028,http://place.map.kakao.com/1604300709,1604300709,N,KAKAO_LOCAL_API
KKO_JAMSIL_072,JAMSIL,잠실야구장,카페,CE7,놀숲 잠실새내점,"가정,생활 > 여가시설 > 만화방 > 만화카페 > 놀숲",서울 송파구 올림픽로12길 4,127.08281097985144,37.511245940029234,819,02-420-9888,http://place.map.kakao.com/1409580447,1409580447,N,KAKAO_LOCAL_API
KKO_JAMSIL_073,JAMSIL,잠실야구장,카페,CE7,하우스서울,음식점 > 카페,서울 송파구 백제고분로9길 5,127.079656719442,37.5093821293364,824,02-6000-6722,http://place.map.kakao.com/957718512,957718512,N,KAKAO_LOCAL_API
KKO_JAMSIL_074,JAMSIL,잠실야구장,카페,CE7,도화서가 신천점,음식점 > 카페,서울 송파구 백제고분로9길 9,127.080122841365,37.5095079547074,829,070-4334-7542,http://place.map.kakao.com/352237120,352237120,N,KAKAO_LOCAL_API
KKO_JAMSIL_075,JAMSIL,잠실야구장,카페,CE7,공차 잠실엘스점,음식점 > 카페 > 공차,서울 송파구 올림픽로 119,127.08381289392557,37.512069652116544,833,02-418-0789,http://place.map.kakao.com/2084546455,2084546455,N,KAKAO_LOCAL_API
KKO_JAMSIL_076,JAMSIL,잠실야구장,카페,CE7,테라로사 잠실한강공원점,음식점 > 카페,서울 송파구 잠실동 1-2,127.08482145620465,37.5187480712026,834,1668-2764,http://place.map.kakao.com/983662019,983662019,N,KAKAO_LOCAL_API
KKO_JAMSIL_077,JAMSIL,잠실야구장,카페,CE7,할리스 잠실새내역점,음식점 > 카페 > 커피전문점 > 할리스,서울 송파구 올림픽로12길 8,127.082785819784,37.5109954785106,836,02-416-2085,http://place.map.kakao.com/923199862,923199862,N,KAKAO_LOCAL_API
KKO_JAMSIL_078,JAMSIL,잠실야구장,카페,CE7,어라이브,음식점 > 카페 > 테마카페 > 라이브카페,서울 송파구 올림픽로10길 20,127.081147990451,37.5099027958305,836,,http://place.map.kakao.com/1542386945,1542386945,N,KAKAO_LOCAL_API
KKO_JAMSIL_079,JAMSIL,잠실야구장,카페,CE7,200도,음식점 > 카페 > 테마카페 > 디저트카페,서울 송파구 백제고분로7길 16-19,127.08100413652,37.5097073766155,848,,http://place.map.kakao.com/339820585,339820585,N,KAKAO_LOCAL_API
KKO_JAMSIL_080,JAMSIL,잠실야구장,카페,CE7,신천커피,음식점 > 카페,서울 송파구 백제고분로7길 34,127.082635044007,37.5106829356211,851,,http://place.map.kakao.com/1464610054,1464610054,N,KAKAO_LOCAL_API
KKO_JAMSIL_081,JAMSIL,잠실야구장,카페,CE7,카페제이,음식점 > 카페 > 커피전문점,서울 송파구 올림픽로 119,127.084188454019,37.5121072272061,859,,http://place.map.kakao.com/19722308,19722308,N,KAKAO_LOCAL_API
KKO_JAMSIL_082,JAMSIL,잠실야구장,카페,CE7,말랑슬라임,"가정,생활 > 유아 > 놀이시설 > 키즈카페",서울 송파구 올림픽로 119,127.084165791997,37.5120712031951,859,0502-5550-8785,http://place.map.kakao.com/676703141,676703141,N,KAKAO_LOCAL_API
KKO_JAMSIL_083,JAMSIL,잠실야구장,카페,CE7,더치즈샵 잠실새내점,음식점 > 카페 > 테마카페 > 디저트카페,서울 송파구 올림픽로 119,127.084183905422,37.5120856063515,860,,http://place.map.kakao.com/855268969,855268969,N,KAKAO_LOCAL_API
KKO_JAMSIL_084,JAMSIL,잠실야구장,카페,CE7,룸카페바니 잠실점,음식점 > 카페 > 테마카페,서울 송파구 올림픽로10길 21,127.081451013441,37.5098133878359,860,,http://place.map.kakao.com/1344660600,1344660600,N,KAKAO_LOCAL_API
KKO_JAMSIL_085,JAMSIL,잠실야구장,카페,CE7,엘스카페,음식점 > 카페,서울 송파구 올림픽로 119,127.084188429731,37.5120856031269,860,,http://place.map.kakao.com/783310123,783310123,N,KAKAO_LOCAL_API
KKO_JAMSIL_086,JAMSIL,잠실야구장,카페,CE7,요거트아이스크림의정석 잠실새내점,음식점 > 카페 > 테마카페 > 디저트카페 > 요거트아이스크림의정석,서울 송파구 올림픽로 119,127.08418616656424,37.5120847037359,860,010-9907-8299,http://place.map.kakao.com/154757322,154757322,N,KAKAO_LOCAL_API
KKO_JAMSIL_087,JAMSIL,잠실야구장,카페,CE7,더코너커피,음식점 > 카페,서울 송파구 올림픽로 119,127.084188316522,37.5120855131072,860,,http://place.map.kakao.com/1970481891,1970481891,N,KAKAO_LOCAL_API
KKO_JAMSIL_088,JAMSIL,잠실야구장,카페,CE7,매머드익스프레스 잠실엘스점,음식점 > 카페 > 커피전문점 > 매머드익스프레스,서울 송파구 올림픽로 119,127.084186166564,37.5120847037359,860,,http://place.map.kakao.com/2112332086,2112332086,N,KAKAO_LOCAL_API
KKO_JAMSIL_089,JAMSIL,잠실야구장,카페,CE7,소림사 잠실엘스점,음식점 > 카페 > 테마카페 > 디저트카페,서울 송파구 올림픽로 119,127.084186166564,37.512084703729,860,,http://place.map.kakao.com/300044404,300044404,N,KAKAO_LOCAL_API
KKO_JAMSIL_090,JAMSIL,잠실야구장,카페,CE7,모엔플라워커피,음식점 > 카페,서울 송파구 올림픽로 119,127.084188429731,37.5120856031269,860,,http://place.map.kakao.com/1330278296,1330278296,N,KAKAO_LOCAL_API
KKO_JAMSIL_091,JAMSIL,잠실야구장,관광명소,AT4,황톳길,"여행 > 관광,명소 > 도보여행",서울 송파구 잠실동 16,127.080130350668,37.5165321760488,372,,http://place.map.kakao.com/1851128581,1851128581,N,KAKAO_LOCAL_API
KKO_JAMSIL_092,JAMSIL,잠실야구장,관광명소,AT4,송파둘레길 한강길,"여행 > 관광,명소 > 도보여행 > 둘레길",서울 송파구 잠실동 1-1,127.08649422379914,37.518535122371766,968,,http://place.map.kakao.com/42793206,42793206,N,KAKAO_LOCAL_API
KKO_JAMSIL_093,JAMSIL,잠실야구장,관광명소,AT4,서울테마산책길 뚝섬숲속길,"여행 > 관광,명소 > 도보여행",서울 광진구 자양동 112,127.07215999249094,37.52795842248039,1347,,http://place.map.kakao.com/1787052534,1787052534,N,KAKAO_LOCAL_API
KKO_JAMSIL_094,JAMSIL,잠실야구장,관광명소,AT4,서울명예도로 무역대로,"여행 > 관광,명소 > 도보여행",서울 강남구 삼성동 111-8,127.06280889280914,37.509511221879244,1377,,http://place.map.kakao.com/692931196,692931196,N,KAKAO_LOCAL_API
KKO_JAMSIL_095,JAMSIL,잠실야구장,관광명소,AT4,서울명예도로 아셈길,"여행 > 관광,명소 > 도보여행",서울 강남구 삼성동 159-4,127.05785583734026,37.5106742454568,1712,,http://place.map.kakao.com/991740014,991740014,N,KAKAO_LOCAL_API
KKO_JAMSIL_096,JAMSIL,잠실야구장,관광명소,AT4,뚝섬한강공원 눈썰매장,"스포츠,레저 > 스포츠시설 > 눈썰매장",서울 광진구 자양동 112,127.06694190913146,37.52999235289054,1725,02-452-5955,http://place.map.kakao.com/468812452,468812452,N,KAKAO_LOCAL_API
KKO_JAMSIL_097,JAMSIL,잠실야구장,관광명소,AT4,우리유황온천,"여행 > 관광,명소 > 온천",서울 광진구 자양로5길 33,127.0839016807752,37.53075638299484,1762,02-3436-0005,http://place.map.kakao.com/11789318,11789318,N,KAKAO_LOCAL_API
KKO_JAMSIL_098,JAMSIL,잠실야구장,관광명소,AT4,자마장시장 골목형상점가,"여행 > 관광,명소 > 테마거리",서울 광진구 자양동 720,127.081449129631,37.5330556524711,1933,,http://place.map.kakao.com/88658061,88658061,N,KAKAO_LOCAL_API
KKO_JAMSIL_099,JAMSIL,잠실야구장,관광명소,AT4,태형숲1호,"여행 > 관광,명소 > 숲",서울 송파구 신천동 1-1,127.097760794106,37.5220510569589,2035,,http://place.map.kakao.com/49069154,49069154,N,KAKAO_LOCAL_API
KKO_JAMSIL_100,JAMSIL,잠실야구장,관광명소,AT4,롯데월드 어드벤처,"여행 > 관광,명소 > 테마파크",서울 송파구 올림픽로 240,127.09811980036908,37.51113059993883,2040,1661-2000,http://place.map.kakao.com/27560699,27560699,N,KAKAO_LOCAL_API
KKO_JAMSIL_101,JAMSIL,잠실야구장,관광명소,AT4,자양15번가 골목형상점가,"여행 > 관광,명소 > 테마거리",서울 광진구 자양로15길 69,127.079801584718,37.534959690733,2109,,http://place.map.kakao.com/88863607,88863607,N,KAKAO_LOCAL_API
KKO_JAMSIL_102,JAMSIL,잠실야구장,관광명소,AT4,디에스씨에프씨,"여행 > 관광,명소 > 도자기,도예촌",서울 송파구 석촌호수로 188,127.097717557768,37.5062438852221,2219,,http://place.map.kakao.com/25807351,25807351,N,KAKAO_LOCAL_API
KKO_JAMSIL_103,JAMSIL,잠실야구장,관광명소,AT4,뚝섬전망문화콤플렉스 인증센터,"여행 > 관광,명소 > 자전거여행",서울 광진구 자양동 145-4,127.060180364398,37.5320556807962,2244,,http://place.map.kakao.com/25045182,25045182,N,KAKAO_LOCAL_API
KKO_JAMSIL_104,JAMSIL,잠실야구장,관광명소,AT4,석촌호수 서호,"여행 > 관광,명소 > 호수",서울 송파구 잠실동 47,127.099112837006,37.5076807262772,2256,,http://place.map.kakao.com/7947003,7947003,N,KAKAO_LOCAL_API
KKO_JAMSIL_105,JAMSIL,잠실야구장,관광명소,AT4,마루공원산책로,"여행 > 관광,명소 > 숲",서울 강남구 개포동 18-1,127.08063327035,37.4961438943881,2264,,http://place.map.kakao.com/25700728,25700728,N,KAKAO_LOCAL_API
KKO_JAMSIL_106,JAMSIL,잠실야구장,관광명소,AT4,등기소길,"여행 > 관광,명소 > 테마거리",서울 강남구 삼성동,127.051553043846,37.5098842804929,2267,,http://place.map.kakao.com/27457087,27457087,N,KAKAO_LOCAL_API
KKO_JAMSIL_107,JAMSIL,잠실야구장,관광명소,AT4,선정릉나들길,"여행 > 관광,명소 > 도보여행",서울 강남구 삼성동,127.05131341036319,37.510100625916095,2280,,http://place.map.kakao.com/26563540,26563540,N,KAKAO_LOCAL_API
KKO_JAMSIL_108,JAMSIL,잠실야구장,관광명소,AT4,송파둘레길 탄천길,"여행 > 관광,명소 > 도보여행 > 둘레길",서울 송파구 삼전동 185-4,127.09007464063016,37.49897344053314,2284,,http://place.map.kakao.com/59553852,59553852,N,KAKAO_LOCAL_API
KKO_JAMSIL_109,JAMSIL,잠실야구장,관광명소,AT4,매직아일랜드,"여행 > 관광,명소 > 테마파크",서울 송파구 삼학사로 136,127.100077838695,37.5087142658269,2290,1661-2000,http://place.map.kakao.com/17384522,17384522,N,KAKAO_LOCAL_API
KKO_JAMSIL_110,JAMSIL,잠실야구장,관광명소,AT4,양재천 감나무길,"여행 > 관광,명소 > 도보여행",서울 강남구 대치동 10,127.07316584505,37.4956279734092,2296,,http://place.map.kakao.com/1391362834,1391362834,N,KAKAO_LOCAL_API
KKO_JAMSIL_111,JAMSIL,잠실야구장,관광명소,AT4,서울도보관광코스 선릉~봉은사,"여행 > 관광,명소 > 도보여행",서울 강남구 삼성동,127.05019216354772,37.51122556117405,2342,,http://place.map.kakao.com/26563937,26563937,N,KAKAO_LOCAL_API
KKO_JAMSIL_112,JAMSIL,잠실야구장,관광명소,AT4,서울스카이,"여행 > 관광,명소 > 전망대",서울 송파구 올림픽로 300,127.10243668971323,37.51250727315613,2377,1661-2000,http://place.map.kakao.com/680691609,680691609,N,KAKAO_LOCAL_API
KKO_JAMSIL_113,JAMSIL,잠실야구장,관광명소,AT4,리트릿 시그니엘 스파,"여행 > 관광,명소 > 온천",서울 송파구 올림픽로 300,127.102598314961,37.512419735513,2393,02-3213-1383,http://place.map.kakao.com/1191796037,1191796037,N,KAKAO_LOCAL_API
KKO_GOCHEOK_001,GOCHEOK,고척스카이돔,음식점,FD6,BBQ 고척스카이돔3루점,음식점 > 치킨 > BBQ,서울 구로구 경인로 430,126.8670889679075,37.49821220764421,0,,http://place.map.kakao.com/1982147626,1982147626,Y,KAKAO_LOCAL_API
KKO_GOCHEOK_002,GOCHEOK,고척스카이돔,음식점,FD6,BBQ 고척스카이돔1루점,음식점 > 치킨 > BBQ,서울 구로구 경인로 430,126.867088967908,37.4982122076442,0,,http://place.map.kakao.com/724486772,724486772,Y,KAKAO_LOCAL_API
KKO_GOCHEOK_003,GOCHEOK,고척스카이돔,음식점,FD6,멕시카나강정 4층외야,음식점 > 치킨,서울 구로구 경인로 430,126.867102466071,37.4976148559773,66,,http://place.map.kakao.com/1626065875,1626065875,N,KAKAO_LOCAL_API
KKO_GOCHEOK_004,GOCHEOK,고척스카이돔,음식점,FD6,땅땅치킨 3층외야,음식점 > 치킨 > 땅땅치킨,서울 구로구 경인로 430,126.867102466071,37.4976148559773,66,,http://place.map.kakao.com/543456204,543456204,N,KAKAO_LOCAL_API
KKO_GOCHEOK_005,GOCHEOK,고척스카이돔,음식점,FD6,자담치킨 4층외야,음식점 > 치킨 > 자담치킨,서울 구로구 경인로 430,126.867102466071,37.4976148559773,66,,http://place.map.kakao.com/1706409513,1706409513,N,KAKAO_LOCAL_API
KKO_GOCHEOK_006,GOCHEOK,고척스카이돔,음식점,FD6,명랑핫도그 2층1루,음식점 > 패스트푸드 > 명랑핫도그,서울 구로구 경인로 430,126.867102466071,37.4976148559773,66,,http://place.map.kakao.com/814154529,814154529,N,KAKAO_LOCAL_API
KKO_GOCHEOK_007,GOCHEOK,고척스카이돔,음식점,FD6,브뤼셀프라이 4층내야,음식점 > 분식,서울 구로구 경인로 430,126.867102466071,37.4976148559773,66,,http://place.map.kakao.com/1109676074,1109676074,N,KAKAO_LOCAL_API
KKO_GOCHEOK_008,GOCHEOK,고척스카이돔,음식점,FD6,우이락 고척스카이돔점,음식점 > 술집 > 실내포장마차 > 우이락,서울 구로구 경인로 430,126.867102466071,37.4976148559773,66,,http://place.map.kakao.com/1453446637,1453446637,N,KAKAO_LOCAL_API
KKO_GOCHEOK_009,GOCHEOK,고척스카이돔,음식점,FD6,쉬림프쉐프 2층1루,음식점 > 양식,서울 구로구 경인로 430,126.867102466071,37.4976148559773,66,,http://place.map.kakao.com/1659888648,1659888648,N,KAKAO_LOCAL_API
KKO_GOCHEOK_010,GOCHEOK,고척스카이돔,음식점,FD6,땅땅치킨 2층3루,음식점 > 치킨 > 땅땅치킨,서울 구로구 경인로 430,126.867102466071,37.4976148559773,66,,http://place.map.kakao.com/1581826177,1581826177,N,KAKAO_LOCAL_API
KKO_GOCHEOK_011,GOCHEOK,고척스카이돔,음식점,FD6,땅땅치킨 2층1루,음식점 > 치킨 > 땅땅치킨,서울 구로구 경인로 430,126.867102466071,37.4976148559773,66,,http://place.map.kakao.com/840196160,840196160,N,KAKAO_LOCAL_API
KKO_GOCHEOK_012,GOCHEOK,고척스카이돔,음식점,FD6,명랑핫도그 3층외야,음식점 > 패스트푸드 > 명랑핫도그,서울 구로구 경인로 430,126.867102466071,37.4976148559773,66,,http://place.map.kakao.com/1359442670,1359442670,N,KAKAO_LOCAL_API
KKO_GOCHEOK_013,GOCHEOK,고척스카이돔,음식점,FD6,쉬림프쉐프 4층외야,음식점 > 양식,서울 구로구 경인로 430,126.867102466071,37.4976148559773,66,,http://place.map.kakao.com/1885854666,1885854666,N,KAKAO_LOCAL_API
KKO_GOCHEOK_014,GOCHEOK,고척스카이돔,음식점,FD6,히어로떡볶이,음식점 > 분식 > 떡볶이,서울 구로구 경인로 430,126.867102466071,37.4976148559773,66,,http://place.map.kakao.com/1115872499,1115872499,N,KAKAO_LOCAL_API
KKO_GOCHEOK_015,GOCHEOK,고척스카이돔,음식점,FD6,카츄마마,음식점 > 분식,서울 구로구 경인로 430,126.867102466071,37.4976148559773,66,,http://place.map.kakao.com/1107610879,1107610879,N,KAKAO_LOCAL_API
KKO_GOCHEOK_016,GOCHEOK,고척스카이돔,음식점,FD6,꼬치닭,음식점 > 분식,서울 구로구 경인로 430,126.867102466071,37.4976148559773,66,,http://place.map.kakao.com/1185493373,1185493373,N,KAKAO_LOCAL_API
KKO_GOCHEOK_017,GOCHEOK,고척스카이돔,음식점,FD6,자담치킨 4층내야,음식점 > 치킨 > 자담치킨,서울 구로구 경인로 430,126.867102466071,37.4976148559773,66,,http://place.map.kakao.com/1791943189,1791943189,N,KAKAO_LOCAL_API
KKO_GOCHEOK_018,GOCHEOK,고척스카이돔,음식점,FD6,올떡 외야3층3호,음식점 > 분식 > 떡볶이 > 올떡,서울 구로구 경인로 430,126.867102466071,37.4976148559773,66,,http://place.map.kakao.com/1164467166,1164467166,N,KAKAO_LOCAL_API
KKO_GOCHEOK_019,GOCHEOK,고척스카이돔,음식점,FD6,BHC치킨 3층외야,음식점 > 치킨 > BHC치킨,서울 구로구 경인로 430,126.867102466071,37.4976148559773,66,,http://place.map.kakao.com/1821887796,1821887796,N,KAKAO_LOCAL_API
KKO_GOCHEOK_020,GOCHEOK,고척스카이돔,음식점,FD6,BK버거 4층내야,음식점 > 양식 > 햄버거,서울 구로구 경인로 430,126.867102466071,37.4976148559773,66,,http://place.map.kakao.com/342404742,342404742,N,KAKAO_LOCAL_API
KKO_GOCHEOK_021,GOCHEOK,고척스카이돔,음식점,FD6,자담치킨 2층3루,음식점 > 치킨 > 자담치킨,서울 구로구 경인로 430,126.867102466071,37.4976148559773,66,,http://place.map.kakao.com/251969874,251969874,N,KAKAO_LOCAL_API
KKO_GOCHEOK_022,GOCHEOK,고척스카이돔,음식점,FD6,스테프핫도그 2층3루,음식점 > 패스트푸드 > 스테프핫도그,서울 구로구 경인로 430,126.867102466071,37.4976148559773,66,,http://place.map.kakao.com/1572340929,1572340929,N,KAKAO_LOCAL_API
KKO_GOCHEOK_023,GOCHEOK,고척스카이돔,음식점,FD6,BHC치킨 2층1루,음식점 > 치킨 > BHC치킨,서울 구로구 경인로 430,126.867102466071,37.4976148559773,66,,http://place.map.kakao.com/1096289217,1096289217,N,KAKAO_LOCAL_API
KKO_GOCHEOK_024,GOCHEOK,고척스카이돔,음식점,FD6,마왕족발,"음식점 > 한식 > 육류,고기 > 족발,보쌈 > 마왕족발",서울 구로구 경인로 430,126.867102466071,37.4976148559773,66,,http://place.map.kakao.com/995038211,995038211,N,KAKAO_LOCAL_API
KKO_GOCHEOK_025,GOCHEOK,고척스카이돔,음식점,FD6,멕시카나강정 2층3루,음식점 > 치킨,서울 구로구 경인로 430,126.867102466071,37.4976148559773,66,,http://place.map.kakao.com/1247830832,1247830832,N,KAKAO_LOCAL_API
KKO_GOCHEOK_026,GOCHEOK,고척스카이돔,음식점,FD6,브뤼셀프라이 3층외야,음식점 > 분식,서울 구로구 경인로 430,126.867102466071,37.4976148559773,66,,http://place.map.kakao.com/161200042,161200042,N,KAKAO_LOCAL_API
KKO_GOCHEOK_027,GOCHEOK,고척스카이돔,음식점,FD6,스테프핫도그 3층외야,음식점 > 패스트푸드 > 스테프핫도그,서울 구로구 경인로 430,126.867102466071,37.4976148559773,66,,http://place.map.kakao.com/329771399,329771399,N,KAKAO_LOCAL_API
KKO_GOCHEOK_028,GOCHEOK,고척스카이돔,음식점,FD6,초장집,"음식점 > 한식 > 해물,생선 > 회",서울 구로구 경인로 430,126.867102466071,37.4976148559773,66,,http://place.map.kakao.com/1124124134,1124124134,N,KAKAO_LOCAL_API
KKO_GOCHEOK_029,GOCHEOK,고척스카이돔,음식점,FD6,올떡 2층1루,음식점 > 분식,서울 구로구 경인로 430,126.86753660701713,37.49767661196962,71,,http://place.map.kakao.com/977703349,977703349,N,KAKAO_LOCAL_API
KKO_GOCHEOK_030,GOCHEOK,고척스카이돔,음식점,FD6,올떡 2층3루,음식점 > 분식,서울 구로구 경인로 430,126.866654569727,37.497657599542904,72,,http://place.map.kakao.com/126965580,126965580,N,KAKAO_LOCAL_API
KKO_GOCHEOK_031,GOCHEOK,고척스카이돔,음식점,FD6,BK버거 2층1루,음식점 > 양식 > 햄버거,서울 구로구 경인로 430,126.86757619500739,37.49767215132322,73,,http://place.map.kakao.com/1870084083,1870084083,N,KAKAO_LOCAL_API
KKO_GOCHEOK_032,GOCHEOK,고척스카이돔,음식점,FD6,펠리돔,"음식점 > 한식 > 육류,고기 > 닭요리",서울 구로구 경인로 430,126.86724371949319,37.498951206333395,83,,http://place.map.kakao.com/1589250177,1589250177,N,KAKAO_LOCAL_API
KKO_GOCHEOK_033,GOCHEOK,고척스카이돔,음식점,FD6,편밀밀,음식점 > 분식,서울 구로구 경인로 430,126.86739556042157,37.49750075758832,83,,http://place.map.kakao.com/1328747017,1328747017,N,KAKAO_LOCAL_API
KKO_GOCHEOK_034,GOCHEOK,고척스카이돔,음식점,FD6,멕시카나강정 2층 1루,음식점 > 치킨,서울 구로구 경인로 430,126.86746339582727,37.497509843771454,84,,http://place.map.kakao.com/2032363250,2032363250,N,KAKAO_LOCAL_API
KKO_GOCHEOK_035,GOCHEOK,고척스카이돔,음식점,FD6,타코비 고척스카이돔점,음식점 > 일식 > 타코비,서울 구로구 경인로 433-1,126.86717107295024,37.499742207589755,170,02-2681-3292,http://place.map.kakao.com/1257186417,1257186417,N,KAKAO_LOCAL_API
KKO_GOCHEOK_036,GOCHEOK,고척스카이돔,음식점,FD6,백남옥달인손만두 고척점,음식점 > 분식,서울 구로구 경인로 433-1,126.867083959341,37.4997619317285,172,010-3306-9686,http://place.map.kakao.com/103200310,103200310,N,KAKAO_LOCAL_API
KKO_GOCHEOK_037,GOCHEOK,고척스카이돔,음식점,FD6,푸라닭치킨 고척점,음식점 > 치킨 > 푸라닭치킨,서울 구로구 경인로 433-1,126.867083959341,37.4997619317285,172,02-2616-9206,http://place.map.kakao.com/685399247,685399247,N,KAKAO_LOCAL_API
KKO_GOCHEOK_038,GOCHEOK,고척스카이돔,음식점,FD6,야꾸미,음식점 > 술집 > 일본식주점,서울 구로구 경인로 435,126.867237683753,37.4998053528553,177,02-2683-5922,http://place.map.kakao.com/16937932,16937932,N,KAKAO_LOCAL_API
KKO_GOCHEOK_039,GOCHEOK,고척스카이돔,음식점,FD6,육회바른연어 고척스카이점,"음식점 > 한식 > 해물,생선 > 회 > 육회바른연어",서울 구로구 경인로47길 7,126.867094999953,37.4999133130699,188,02-2687-0053,http://place.map.kakao.com/660663693,660663693,N,KAKAO_LOCAL_API
KKO_GOCHEOK_040,GOCHEOK,고척스카이돔,음식점,FD6,에뚜왈오뎅바,음식점 > 술집 > 오뎅바,서울 구로구 경인로47길 7,126.867094999953,37.4999133130771,188,,http://place.map.kakao.com/224297440,224297440,N,KAKAO_LOCAL_API
KKO_GOCHEOK_041,GOCHEOK,고척스카이돔,음식점,FD6,삼구삼진,음식점 > 한식,서울 구로구 경인로47길 11,126.866894761725,37.4999527318645,193,,http://place.map.kakao.com/1771501343,1771501343,N,KAKAO_LOCAL_API
KKO_GOCHEOK_042,GOCHEOK,고척스카이돔,음식점,FD6,동대문엽기떡볶이 구로고척점,음식점 > 분식 > 떡볶이 > 동대문엽기떡볶이,서울 구로구 경인로47길 11,126.86689698672573,37.49997345749792,196,02-2615-8592,http://place.map.kakao.com/1364247273,1364247273,N,KAKAO_LOCAL_API
KKO_GOCHEOK_043,GOCHEOK,고척스카이돔,음식점,FD6,또봉이통닭 서울고척스카이돔점,음식점 > 치킨 > 또봉이통닭,서울 구로구 경인로47길 6,126.86736064001087,37.499981187041925,197,02-2681-9700,http://place.map.kakao.com/602594556,602594556,N,KAKAO_LOCAL_API
KKO_GOCHEOK_044,GOCHEOK,고척스카이돔,음식점,FD6,본죽&비빔밥cafe 고척동양대학점,음식점 > 퓨전요리 > 퓨전한식 > 본죽&비빔밥cafe,서울 구로구 경인로47길 6,126.86730631729216,37.50000365117323,199,02-2687-6288,http://place.map.kakao.com/11059105,11059105,N,KAKAO_LOCAL_API
KKO_GOCHEOK_045,GOCHEOK,고척스카이돔,음식점,FD6,동명,"음식점 > 일식 > 돈까스,우동",서울 구로구 경인로47길 6,126.8673210029619,37.500012677723085,201,0503-7152-7188,http://place.map.kakao.com/1094572752,1094572752,N,KAKAO_LOCAL_API
KKO_GOCHEOK_046,GOCHEOK,고척스카이돔,카페,CE7,매머드커피 2층1루,음식점 > 카페 > 커피전문점 > 매머드커피,서울 구로구 경인로 430,126.867102466071,37.4976148559773,66,,http://place.map.kakao.com/912807768,912807768,N,KAKAO_LOCAL_API
KKO_GOCHEOK_047,GOCHEOK,고척스카이돔,카페,CE7,매머드커피 2호점,음식점 > 카페 > 커피전문점 > 매머드커피,서울 구로구 경인로 430,126.867102466071,37.4976148559773,66,,http://place.map.kakao.com/905560233,905560233,N,KAKAO_LOCAL_API
KKO_GOCHEOK_048,GOCHEOK,고척스카이돔,카페,CE7,스트릿츄러스 3층외야,음식점 > 카페,서울 구로구 경인로 430,126.867102466071,37.4976148559773,66,,http://place.map.kakao.com/1862495163,1862495163,N,KAKAO_LOCAL_API
KKO_GOCHEOK_049,GOCHEOK,고척스카이돔,카페,CE7,매머드커피 2층3루,음식점 > 카페 > 커피전문점 > 매머드커피,서울 구로구 경인로 430,126.867102466071,37.4976148559773,66,,http://place.map.kakao.com/213883549,213883549,N,KAKAO_LOCAL_API
KKO_GOCHEOK_050,GOCHEOK,고척스카이돔,카페,CE7,매머드커피 3층외야,음식점 > 카페 > 커피전문점 > 매머드커피,서울 구로구 경인로 430,126.86709003781984,37.497608534954374,66,,http://place.map.kakao.com/1002220356,1002220356,N,KAKAO_LOCAL_API
KKO_GOCHEOK_051,GOCHEOK,고척스카이돔,카페,CE7,스트릿츄러스 2층3루,음식점 > 카페,서울 구로구 경인로 430,126.866807459569,37.49753163119892,79,,http://place.map.kakao.com/1592610741,1592610741,N,KAKAO_LOCAL_API
KKO_GOCHEOK_052,GOCHEOK,고척스카이돔,카페,CE7,탐앤탐스 고척스카이돔1루점,음식점 > 카페 > 커피전문점 > 탐앤탐스,서울 구로구 경인로 430,126.867079521883,37.499075360476,96,,http://place.map.kakao.com/1489487140,1489487140,N,KAKAO_LOCAL_API
KKO_GOCHEOK_053,GOCHEOK,고척스카이돔,카페,CE7,스위치,음식점 > 카페,서울 구로구 경인로47길 13,126.86675890414,37.5000372732328,204,,http://place.map.kakao.com/1131590107,1131590107,N,KAKAO_LOCAL_API
KKO_GOCHEOK_054,GOCHEOK,고척스카이돔,카페,CE7,지니네밀크빙수,음식점 > 카페 > 테마카페 > 디저트카페,서울 구로구 중앙로6길 50,126.86654055025001,37.500088384063,213,,http://place.map.kakao.com/375141721,375141721,N,KAKAO_LOCAL_API
KKO_GOCHEOK_055,GOCHEOK,고척스카이돔,카페,CE7,컴포즈커피 동양미래대학점,음식점 > 카페 > 커피전문점 > 컴포즈커피,서울 구로구 중앙로6길 50,126.866581248023,37.5000965390833,213,02-2066-9020,http://place.map.kakao.com/495720791,495720791,N,KAKAO_LOCAL_API
KKO_GOCHEOK_056,GOCHEOK,고척스카이돔,카페,CE7,메가MGC커피 고척중앙점,음식점 > 카페 > 커피전문점 > 메가MGC커피,서울 구로구 경인로 403,126.864339157899,37.4979568002739,244,02-2688-7778,http://place.map.kakao.com/1872049018,1872049018,N,KAKAO_LOCAL_API
KKO_GOCHEOK_057,GOCHEOK,고척스카이돔,카페,CE7,빽다방 동양미래대점,음식점 > 카페 > 커피전문점 > 빽다방,서울 구로구 경인로47길 23,126.866417885575,37.5003846762125,248,02-3666-5444,http://place.map.kakao.com/1528920907,1528920907,N,KAKAO_LOCAL_API
KKO_GOCHEOK_058,GOCHEOK,고척스카이돔,카페,CE7,더홀릭보드게임카페 고척점,"가정,생활 > 여가시설 > 보드카페",서울 구로구 경인로47길 23,126.866416754677,37.5003846749266,248,0503-7153-4360,http://place.map.kakao.com/1492194063,1492194063,N,KAKAO_LOCAL_API
KKO_GOCHEOK_059,GOCHEOK,고척스카이돔,카페,CE7,디저트39 구로헤리움점,음식점 > 카페 > 테마카페 > 디저트카페 > 디저트39,서울 구로구 중앙로 18,126.864595226242,37.4995626861356,266,02-2060-3933,http://place.map.kakao.com/36790778,36790778,N,KAKAO_LOCAL_API
KKO_GOCHEOK_060,GOCHEOK,고척스카이돔,카페,CE7,메가MGC커피 동양미래대학점,음식점 > 카페 > 커피전문점 > 메가MGC커피,서울 구로구 경인로47길 26,126.86663238619133,37.50059305081516,267,02-2688-4924,http://place.map.kakao.com/1912944132,1912944132,N,KAKAO_LOCAL_API
KKO_GOCHEOK_061,GOCHEOK,고척스카이돔,카페,CE7,테라커피 동양미래대점,음식점 > 카페 > 커피전문점 > 테라커피,서울 구로구 경인로47길 31,126.866088407815,37.500600544475,279,070-8648-0370,http://place.map.kakao.com/521036336,521036336,N,KAKAO_LOCAL_API
KKO_GOCHEOK_062,GOCHEOK,고척스카이돔,카페,CE7,벌툰 몽유도원고척점,"가정,생활 > 여가시설 > 만화방 > 만화카페 > 벌툰",서울 구로구 경인로47길 31,126.86617994978803,37.50063488641419,280,,http://place.map.kakao.com/1658925237,1658925237,N,KAKAO_LOCAL_API
KKO_GOCHEOK_063,GOCHEOK,고척스카이돔,카페,CE7,카페드림 동양미래대3호관점,음식점 > 카페 > 커피전문점 > 카페드림,서울 구로구 경인로 445-3,126.867944102543,37.5006684068734,282,02-2612-0127,http://place.map.kakao.com/1598104168,1598104168,N,KAKAO_LOCAL_API
KKO_GOCHEOK_064,GOCHEOK,고척스카이돔,카페,CE7,이디야커피 고척스카이돔점,음식점 > 카페 > 커피전문점 > 이디야커피,서울 구로구 경인로 397,126.86395197012494,37.49757162553192,286,02-2060-0223,http://place.map.kakao.com/510235287,510235287,N,KAKAO_LOCAL_API
KKO_GOCHEOK_065,GOCHEOK,고척스카이돔,카페,CE7,투썸플레이스 동양미래대점,음식점 > 카페 > 커피전문점 > 투썸플레이스,서울 구로구 경인로47길 34-1,126.866202085528,37.5009052131044,309,02-2615-7557,http://place.map.kakao.com/2041426645,2041426645,N,KAKAO_LOCAL_API
KKO_GOCHEOK_066,GOCHEOK,고척스카이돔,카페,CE7,에그카페24 구로고척스카이돔점,음식점 > 카페 > 커피전문점 > 에그카페24,서울 구로구 중앙로6길 9,126.864392043227,37.5006049163807,356,,http://place.map.kakao.com/1230955761,1230955761,N,KAKAO_LOCAL_API
KKO_GOCHEOK_067,GOCHEOK,고척스카이돔,카페,CE7,월드킹 구로점,"가정,생활 > 유아 > 놀이시설 > 키즈카페",서울 구로구 경인로 393-7,126.86304864953597,37.49744263895914,367,02-2688-3330,http://place.map.kakao.com/208063764,208063764,N,KAKAO_LOCAL_API
KKO_GOCHEOK_068,GOCHEOK,고척스카이돔,카페,CE7,브래드777,음식점 > 카페,서울 구로구 중앙로 23,126.86355848178705,37.50003001611125,371,02-2684-0777,http://place.map.kakao.com/1250601779,1250601779,N,KAKAO_LOCAL_API
KKO_GOCHEOK_069,GOCHEOK,고척스카이돔,카페,CE7,크림토끼 고척점,음식점 > 카페,서울 구로구 안양천로537길 56,126.869251528635,37.5012600196759,388,0503-7151-0497,http://place.map.kakao.com/298025845,298025845,N,KAKAO_LOCAL_API
KKO_GOCHEOK_070,GOCHEOK,고척스카이돔,카페,CE7,우니스,음식점 > 카페 > 테마카페 > 디저트카페,서울 구로구 구일로 130,126.87177896620089,37.496721721354106,446,02-855-1256,http://place.map.kakao.com/2043902761,2043902761,N,KAKAO_LOCAL_API
KKO_GOCHEOK_071,GOCHEOK,고척스카이돔,카페,CE7,킹콩커피빈,음식점 > 카페,서울 구로구 중앙로 34,126.863579011304,37.5011779206638,452,,http://place.map.kakao.com/1928780638,1928780638,N,KAKAO_LOCAL_API
KKO_GOCHEOK_072,GOCHEOK,고척스카이돔,카페,CE7,로맨틱핑크,음식점 > 카페,서울 구로구 경인로47길 68,126.864775339431,37.5019037043642,457,,http://place.map.kakao.com/724644338,724644338,N,KAKAO_LOCAL_API
KKO_GOCHEOK_073,GOCHEOK,고척스카이돔,카페,CE7,우지커피 고척중앙점,음식점 > 카페 > 커피전문점 > 우지커피,서울 구로구 경인로 377,126.862136120058,37.4967883482888,465,,http://place.map.kakao.com/348973392,348973392,N,KAKAO_LOCAL_API
KKO_GOCHEOK_074,GOCHEOK,고척스카이돔,카페,CE7,양지다방,음식점 > 카페 > 다방,서울 구로구 중앙로3길 53,126.86170787532691,37.498440292406386,476,02-617-8100,http://place.map.kakao.com/1944046434,1944046434,N,KAKAO_LOCAL_API
KKO_GOCHEOK_075,GOCHEOK,고척스카이돔,카페,CE7,트리플에이커피 고척점,음식점 > 카페,서울 구로구 경인로43길 28,126.86172388080357,37.49773302164216,477,,http://place.map.kakao.com/378775118,378775118,N,KAKAO_LOCAL_API
KKO_GOCHEOK_076,GOCHEOK,고척스카이돔,카페,CE7,마마스키즈카페,"가정,생활 > 유아 > 놀이시설 > 키즈카페",서울 구로구 경인로 373,126.861909675755,37.4969376508031,479,070-8821-0503,http://place.map.kakao.com/13101368,13101368,N,KAKAO_LOCAL_API
KKO_GOCHEOK_077,GOCHEOK,고척스카이돔,카페,CE7,무인키즈카페키즈룸무키무키 고척점,"가정,생활 > 유아 > 놀이시설 > 키즈카페",서울 구로구 경인로 373,126.861898425361,37.4969061024378,480,010-8641-1021,http://place.map.kakao.com/979065079,979065079,N,KAKAO_LOCAL_API
KKO_GOCHEOK_078,GOCHEOK,고척스카이돔,카페,CE7,백억커피 구로고척점,음식점 > 카페 > 커피전문점 > 백억커피,서울 구로구 경인로47길 76,126.864526014081,37.5021926413444,496,070-4833-3322,http://place.map.kakao.com/1071662336,1071662336,N,KAKAO_LOCAL_API
KKO_GOCHEOK_079,GOCHEOK,고척스카이돔,카페,CE7,비마이피스,음식점 > 카페 > 테마카페 > 디저트카페,서울 구로구 구일로10길 27,126.87232630197647,37.49605376761786,521,010-5076-0082,http://place.map.kakao.com/2670508,2670508,N,KAKAO_LOCAL_API
KKO_GOCHEOK_080,GOCHEOK,고척스카이돔,카페,CE7,이디야커피 구일역점,음식점 > 카페 > 커피전문점 > 이디야커피,서울 구로구 구일로 110,126.871909786224,37.4949450790873,559,02-855-0324,http://place.map.kakao.com/604912386,604912386,N,KAKAO_LOCAL_API
KKO_GOCHEOK_081,GOCHEOK,고척스카이돔,카페,CE7,조도,음식점 > 카페,서울 구로구 경인로47길 95-1,126.8638349727,37.5028396694732,588,010-7257-9702,http://place.map.kakao.com/241517923,241517923,N,KAKAO_LOCAL_API
KKO_GOCHEOK_082,GOCHEOK,고척스카이돔,카페,CE7,메가MGC커피 구일역점,음식점 > 카페 > 커피전문점 > 메가MGC커피,서울 구로구 구일로10길 27,126.8728721550583,37.49558763507825,588,02-855-5111,http://place.map.kakao.com/552016162,552016162,N,KAKAO_LOCAL_API
KKO_GOCHEOK_083,GOCHEOK,고척스카이돔,카페,CE7,커피밤로스터리&플로라,음식점 > 카페 > 커피전문점,서울 구로구 중앙로3길 50,126.86057869829713,37.4993534858294,589,,http://place.map.kakao.com/1697537627,1697537627,N,KAKAO_LOCAL_API
KKO_GOCHEOK_084,GOCHEOK,고척스카이돔,카페,CE7,우지커피 구일역점,음식점 > 카페 > 커피전문점 > 우지커피,서울 구로구 구일로10길 27,126.87314356113367,37.49558342178865,609,070-4355-0575,http://place.map.kakao.com/1214622516,1214622516,N,KAKAO_LOCAL_API
KKO_GOCHEOK_085,GOCHEOK,고척스카이돔,카페,CE7,컴포즈커피 구일역점,음식점 > 카페 > 커피전문점 > 컴포즈커피,서울 구로구 구일로10길 27,126.87352667440422,37.49572438953286,632,,http://place.map.kakao.com/1988799836,1988799836,N,KAKAO_LOCAL_API
KKO_GOCHEOK_086,GOCHEOK,고척스카이돔,카페,CE7,꿈을볶는커피하우스,음식점 > 카페 > 커피전문점,서울 구로구 경인로53길 15,126.87398973548088,37.500107376927744,645,,http://place.map.kakao.com/13720172,13720172,N,KAKAO_LOCAL_API
KKO_GOCHEOK_087,GOCHEOK,고척스카이돔,카페,CE7,메가MGC커피 구로고척시장점,음식점 > 카페 > 커피전문점 > 메가MGC커피,서울 구로구 경인로47길 107,126.86364173044167,37.50338004956649,649,02-2611-6238,http://place.map.kakao.com/1972375740,1972375740,N,KAKAO_LOCAL_API
KKO_GOCHEOK_088,GOCHEOK,고척스카이돔,카페,CE7,셀프커피 고척점,음식점 > 카페 > 테마카페 > 무인카페,서울 구로구 경인로47다길 31-2,126.86560506102006,37.50400669596296,656,,http://place.map.kakao.com/1944913587,1944913587,N,KAKAO_LOCAL_API
KKO_GOCHEOK_089,GOCHEOK,고척스카이돔,카페,CE7,블루터틀,음식점 > 카페 > 커피전문점,서울 구로구 안양천로539길 11,126.86983864759604,37.50376546231635,662,02-2618-1878,http://place.map.kakao.com/196083392,196083392,N,KAKAO_LOCAL_API
KKO_GOCHEOK_090,GOCHEOK,고척스카이돔,카페,CE7,빽다방 구일역점,음식점 > 카페 > 커피전문점 > 빽다방,서울 구로구 구일로8길 56,126.87405369518574,37.495692516342295,676,02-858-1236,http://place.map.kakao.com/657565449,657565449,N,KAKAO_LOCAL_API
KKO_GOCHEOK_091,GOCHEOK,고척스카이돔,관광명소,AT4,고척교전망대,"여행 > 관광,명소 > 전망대",서울 구로구 경인로 472,126.871356134091,37.4986386021963,380,,http://place.map.kakao.com/630691207,630691207,N,KAKAO_LOCAL_API
KKO_GOCHEOK_092,GOCHEOK,고척스카이돔,관광명소,AT4,고척중앙 골목형상점가,"여행 > 관광,명소 > 테마거리",서울 구로구 고척동 52-346,126.863714189057,37.5008483087446,417,,http://place.map.kakao.com/2139820968,2139820968,N,KAKAO_LOCAL_API
KKO_GOCHEOK_093,GOCHEOK,고척스카이돔,관광명소,AT4,가을단풍길,"여행 > 관광,명소 > 테마거리",서울 구로구 구로동 685-381,126.874819643728,37.4941120642993,821,,http://place.map.kakao.com/433444591,433444591,N,KAKAO_LOCAL_API
KKO_GOCHEOK_094,GOCHEOK,고척스카이돔,관광명소,AT4,갈산,"여행 > 관광,명소 > 산",서울 양천구 신정동 162-56,126.86864905748521,37.506895136874284,973,,http://place.map.kakao.com/25376837,25376837,N,KAKAO_LOCAL_API
KKO_GOCHEOK_095,GOCHEOK,고척스카이돔,관광명소,AT4,유림지,"여행 > 관광,명소 > 저수지",서울 구로구 구로동 689-7,126.87353386697865,37.49011743294329,1063,,http://place.map.kakao.com/23182421,23182421,N,KAKAO_LOCAL_API
KKO_GOCHEOK_096,GOCHEOK,고척스카이돔,관광명소,AT4,개봉현대정문상가 골목형상점가,"여행 > 관광,명소 > 테마거리",서울 구로구 개봉로20길 6,126.856583494014,37.4921451598461,1147,,http://place.map.kakao.com/2140152394,2140152394,N,KAKAO_LOCAL_API
KKO_GOCHEOK_097,GOCHEOK,고척스카이돔,관광명소,AT4,신정산둘레길,"여행 > 관광,명소 > 도보여행",서울 양천구 신정동 621,126.856007815938,37.510460092967,1675,,http://place.map.kakao.com/14857020,14857020,N,KAKAO_LOCAL_API
KKO_GOCHEOK_098,GOCHEOK,고척스카이돔,관광명소,AT4,능골,"여행 > 관광,명소 > 계곡",서울 양천구 신정동,126.85590105026,37.5118691325161,1809,,http://place.map.kakao.com/25200065,25200065,N,KAKAO_LOCAL_API
KKO_GOCHEOK_099,GOCHEOK,고척스카이돔,관광명소,AT4,오류골먹자골목,"여행 > 관광,명소 > 테마거리",서울 구로구 오류동 318-1,126.843466787984,37.4974174142609,2090,,http://place.map.kakao.com/88557212,88557212,N,KAKAO_LOCAL_API
KKO_GOCHEOK_100,GOCHEOK,고척스카이돔,관광명소,AT4,오류버들,"여행 > 관광,명소 > 테마거리",서울 구로구 오류동 135-4,126.843817508618,37.4935417509049,2121,02-860-3411,http://place.map.kakao.com/1174266694,1174266694,N,KAKAO_LOCAL_API
KKO_GOCHEOK_101,GOCHEOK,고척스카이돔,관광명소,AT4,이혜선도예,"여행 > 관광,명소 > 도자기,도예촌",서울 구로구 구로중앙로7길 28,126.889208957614,37.4904214947074,2138,,http://place.map.kakao.com/530746933,530746933,N,KAKAO_LOCAL_API
KKO_GOCHEOK_102,GOCHEOK,고척스카이돔,관광명소,AT4,개웅산,"여행 > 관광,명소 > 산",서울 구로구 개봉동 산 53-3,126.84586307731779,37.486959880050165,2254,,http://place.map.kakao.com/183790795,183790795,N,KAKAO_LOCAL_API
KKO_GOCHEOK_103,GOCHEOK,고척스카이돔,관광명소,AT4,신기,"여행 > 관광,명소 > 계곡",서울 양천구 신정동,126.853093495383,37.5154480630781,2278,,http://place.map.kakao.com/25298275,25298275,N,KAKAO_LOCAL_API
KKO_GOCHEOK_104,GOCHEOK,고척스카이돔,관광명소,AT4,먹거리촌,"여행 > 관광,명소 > 테마거리 > 먹자골목",서울 금천구 가산동 458-1,126.880079506507,37.4803717492521,2289,,http://place.map.kakao.com/13147261,13147261,N,KAKAO_LOCAL_API
KKO_GOCHEOK_105,GOCHEOK,고척스카이돔,관광명소,AT4,개웅산숲산책길,"여행 > 관광,명소 > 도보여행",서울 구로구 개봉동,126.84591438238208,37.48620310082056,2298,,http://place.map.kakao.com/26563561,26563561,N,KAKAO_LOCAL_API
KKO_GOCHEOK_106,GOCHEOK,고척스카이돔,관광명소,AT4,개웅산둘레길,"여행 > 관광,명소 > 도보여행 > 둘레길",서울 구로구 오류동,126.845044424013,37.4869732252965,2314,,http://place.map.kakao.com/429374500,429374500,N,KAKAO_LOCAL_API
KKO_GOCHEOK_107,GOCHEOK,고척스카이돔,관광명소,AT4,광명사거리 먹자골목,"여행 > 관광,명소 > 테마거리 > 먹자골목",경기 광명시 광명동 158-829,126.853668244706,37.4794463888698,2396,,http://place.map.kakao.com/553856517,553856517,N,KAKAO_LOCAL_API
KKO_GOCHEOK_108,GOCHEOK,고척스카이돔,관광명소,AT4,왕재산,"여행 > 관광,명소 > 산",경기 광명시 철산동,126.872917864871,37.4766160667531,2451,,http://place.map.kakao.com/10621743,10621743,N,KAKAO_LOCAL_API
KKO_MUNHAK_001,MUNHAK,인천 SSG 랜더스필드,음식점,FD6,장식당,음식점 > 한식,인천 미추홀구 매소홀로 618,126.691776230654,37.4351819467251,90,,http://place.map.kakao.com/158273899,158273899,N,KAKAO_LOCAL_API
KKO_MUNHAK_002,MUNHAK,인천 SSG 랜더스필드,음식점,FD6,브라더스&데일리비어,"음식점 > 술집 > 호프,요리주점",인천 미추홀구 매소홀로 618,126.68978639701513,37.43464694590251,98,,http://place.map.kakao.com/1123229705,1123229705,N,KAKAO_LOCAL_API
KKO_MUNHAK_003,MUNHAK,인천 SSG 랜더스필드,음식점,FD6,조리고 문학경기장점,"음식점 > 한식 > 해물,생선",인천 미추홀구 매소홀로 618,126.690927653986,37.4360086624564,103,032-421-5585,http://place.map.kakao.com/1923820669,1923820669,N,KAKAO_LOCAL_API
KKO_MUNHAK_004,MUNHAK,인천 SSG 랜더스필드,음식점,FD6,우이락 문학구장점,음식점 > 술집 > 실내포장마차 > 우이락,인천 미추홀구 매소홀로 618,126.69241799674795,37.436292764854116,199,,http://place.map.kakao.com/1005701614,1005701614,N,KAKAO_LOCAL_API
KKO_MUNHAK_005,MUNHAK,인천 SSG 랜더스필드,음식점,FD6,스트릿츄러스 인천SSG랜더스필드점,음식점 > 간식,인천 미추홀구 매소홀로 618,126.69251656155518,37.43622904941283,201,,http://place.map.kakao.com/1011306336,1011306336,N,KAKAO_LOCAL_API
KKO_MUNHAK_006,MUNHAK,인천 SSG 랜더스필드,음식점,FD6,샐러리아 문학경기장점,음식점 > 샐러드 > 샐러리아,인천 미추홀구 매소홀로 618,126.693096720455,37.4352754839009,207,032-710-7748,http://place.map.kakao.com/360634137,360634137,N,KAKAO_LOCAL_API
KKO_MUNHAK_007,MUNHAK,인천 SSG 랜더스필드,음식점,FD6,자담치킨 인천문학경기장점,음식점 > 치킨 > 자담치킨,인천 미추홀구 매소홀로 618,126.693096720457,37.4352754838928,207,032-435-1008,http://place.map.kakao.com/1201615168,1201615168,N,KAKAO_LOCAL_API
KKO_MUNHAK_008,MUNHAK,인천 SSG 랜더스필드,음식점,FD6,순살싸다리치킨,음식점 > 치킨,인천 미추홀구 매소홀로 618,126.69276581789325,37.436064812270104,208,,http://place.map.kakao.com/615245270,615245270,N,KAKAO_LOCAL_API
KKO_MUNHAK_009,MUNHAK,인천 SSG 랜더스필드,음식점,FD6,푸드힐스,음식점 > 분식,인천 미추홀구 매소홀로 618,126.69311153062918,37.435245788928995,209,,http://place.map.kakao.com/1364537614,1364537614,N,KAKAO_LOCAL_API
KKO_MUNHAK_010,MUNHAK,인천 SSG 랜더스필드,음식점,FD6,야구사랑,음식점 > 패스트푸드,인천 미추홀구 매소홀로 618,126.69278562238661,37.43619551056178,217,,http://place.map.kakao.com/1049906300,1049906300,N,KAKAO_LOCAL_API
KKO_MUNHAK_011,MUNHAK,인천 SSG 랜더스필드,음식점,FD6,김치말이국수,음식점 > 한식 > 국수,인천 미추홀구 매소홀로 618,126.692906991282,37.4360813973533,220,,http://place.map.kakao.com/303170416,303170416,N,KAKAO_LOCAL_API
KKO_MUNHAK_012,MUNHAK,인천 SSG 랜더스필드,음식점,FD6,노랑통닭,음식점 > 치킨 > 노랑통닭,인천 미추홀구 매소홀로 618,126.692995283101,37.436042883169,224,,http://place.map.kakao.com/1002726752,1002726752,N,KAKAO_LOCAL_API
KKO_MUNHAK_013,MUNHAK,인천 SSG 랜더스필드,음식점,FD6,BHC치킨 인천문학야구장1호점,음식점 > 치킨 > BHC치킨,인천 미추홀구 매소홀로 618,126.69313708186822,37.43590629747599,229,032-441-6631,http://place.map.kakao.com/1976741030,1976741030,N,KAKAO_LOCAL_API
KKO_MUNHAK_014,MUNHAK,인천 SSG 랜더스필드,음식점,FD6,자담치킨 2층 외야,음식점 > 치킨 > 자담치킨,인천 미추홀구 매소홀로 618,126.69308237868573,37.436020584037266,230,,http://place.map.kakao.com/1015263053,1015263053,N,KAKAO_LOCAL_API
KKO_MUNHAK_015,MUNHAK,인천 SSG 랜더스필드,음식점,FD6,노브랜드버거 SSG랜더스필드점,음식점 > 패스트푸드 > 노브랜드버거,인천 미추홀구 매소홀로 618,126.69231648340404,37.43680067164812,235,032-446-0670,http://place.map.kakao.com/1238838093,1238838093,N,KAKAO_LOCAL_API
KKO_MUNHAK_016,MUNHAK,인천 SSG 랜더스필드,음식점,FD6,버거원더스,음식점 > 양식 > 햄버거,인천 미추홀구 매소홀로 618,126.69245790877852,37.43675598908299,238,,http://place.map.kakao.com/736021937,736021937,N,KAKAO_LOCAL_API
KKO_MUNHAK_017,MUNHAK,인천 SSG 랜더스필드,음식점,FD6,스트릿츄러스 1층 1루,음식점 > 간식,인천 미추홀구 매소홀로 618,126.692463558416,37.4367560037824,239,,http://place.map.kakao.com/241281374,241281374,N,KAKAO_LOCAL_API
KKO_MUNHAK_018,MUNHAK,인천 SSG 랜더스필드,음식점,FD6,우리동네미미네 1층 1루,음식점 > 분식,인천 미추홀구 매소홀로 618,126.69246355104278,37.436757805787956,239,,http://place.map.kakao.com/1084701607,1084701607,N,KAKAO_LOCAL_API
KKO_MUNHAK_019,MUNHAK,인천 SSG 랜더스필드,음식점,FD6,문학철판삼겹,"음식점 > 한식 > 육류,고기",인천 미추홀구 매소홀로 618,126.69232154288173,37.436944846794255,248,,http://place.map.kakao.com/734164692,734164692,N,KAKAO_LOCAL_API
KKO_MUNHAK_020,MUNHAK,인천 SSG 랜더스필드,음식점,FD6,허갈닭강정,음식점 > 간식 > 닭강정,인천 미추홀구 매소홀로 618,126.692310206691,37.4369538274088,248,,http://place.map.kakao.com/90209358,90209358,N,KAKAO_LOCAL_API
KKO_MUNHAK_021,MUNHAK,인천 SSG 랜더스필드,음식점,FD6,BHC치킨 문학야구장3호점,음식점 > 치킨 > BHC치킨,인천 미추홀구 매소홀로 618,126.69261561222231,37.43687533293183,257,010-5258-4720,http://place.map.kakao.com/623244948,623244948,N,KAKAO_LOCAL_API
KKO_MUNHAK_022,MUNHAK,인천 SSG 랜더스필드,음식점,FD6,몬칩팩토리,음식점 > 간식 > 닭강정,인천 미추홀구 매소홀로 618,126.69231522190132,37.437108814584036,263,,http://place.map.kakao.com/1060209956,1060209956,N,KAKAO_LOCAL_API
KKO_MUNHAK_023,MUNHAK,인천 SSG 랜더스필드,음식점,FD6,BHC치킨 SSG랜더스필드점,음식점 > 치킨 > BHC치킨,인천 미추홀구 매소홀로 618,126.69241475555502,37.43708474630281,266,,http://place.map.kakao.com/1130494988,1130494988,N,KAKAO_LOCAL_API
KKO_MUNHAK_024,MUNHAK,인천 SSG 랜더스필드,음식점,FD6,국대떡볶이 문학야구장점,음식점 > 분식 > 떡볶이 > 국대떡볶이,인천 미추홀구 매소홀로 618,126.69267121339658,37.437094423510004,280,,http://place.map.kakao.com/295197281,295197281,N,KAKAO_LOCAL_API
KKO_MUNHAK_025,MUNHAK,인천 SSG 랜더스필드,음식점,FD6,우리동네미미네 4층 1루,음식점 > 분식,인천 미추홀구 매소홀로 618,126.69240508183483,37.43723969524626,280,,http://place.map.kakao.com/1130662394,1130662394,N,KAKAO_LOCAL_API
KKO_MUNHAK_026,MUNHAK,인천 SSG 랜더스필드,음식점,FD6,크리스피크림도넛 2층 1루,음식점 > 간식 > 도넛 > 크리스피크림도넛,인천 미추홀구 매소홀로 618,126.692465023685,37.4372263360342,281,,http://place.map.kakao.com/1159359824,1159359824,N,KAKAO_LOCAL_API
KKO_MUNHAK_027,MUNHAK,인천 SSG 랜더스필드,음식점,FD6,티마트,음식점 > 간식,인천 미추홀구 매소홀로 618,126.692744714274,37.4370810994089,282,,http://place.map.kakao.com/1527063061,1527063061,N,KAKAO_LOCAL_API
KKO_MUNHAK_028,MUNHAK,인천 SSG 랜더스필드,음식점,FD6,푸라닭치킨 인천SSG랜더스필드점,음식점 > 치킨 > 푸라닭치킨,인천 미추홀구 매소홀로 618,126.6925554258286,37.43722476918397,285,,http://place.map.kakao.com/1408597646,1408597646,N,KAKAO_LOCAL_API
KKO_MUNHAK_029,MUNHAK,인천 SSG 랜더스필드,음식점,FD6,씬난다스테이크&마라새우,음식점 > 중식,인천 미추홀구 매소홀로 618,126.6924591712305,37.43727587648335,286,,http://place.map.kakao.com/1060862229,1060862229,N,KAKAO_LOCAL_API
KKO_MUNHAK_030,MUNHAK,인천 SSG 랜더스필드,음식점,FD6,크리스피크림도넛 인천문학경기장점,음식점 > 간식 > 도넛 > 크리스피크림도넛,인천 미추홀구 매소홀로 618,126.69377481568003,37.43607193564809,288,,http://place.map.kakao.com/794704906,794704906,N,KAKAO_LOCAL_API
KKO_MUNHAK_031,MUNHAK,인천 SSG 랜더스필드,음식점,FD6,파파존스 SSG랜더스점,음식점 > 양식 > 피자 > 파파존스,인천 미추홀구 매소홀로 618,126.69248166671191,37.437301163355414,289,1577-8080,http://place.map.kakao.com/639952111,639952111,N,KAKAO_LOCAL_API
KKO_MUNHAK_032,MUNHAK,인천 SSG 랜더스필드,음식점,FD6,노랑통닭 SSG랜더스필드점,음식점 > 치킨 > 노랑통닭,인천 미추홀구 매소홀로 618,126.69266828296952,37.43725840013153,294,1599-2527,http://place.map.kakao.com/962513739,962513739,N,KAKAO_LOCAL_API
KKO_MUNHAK_033,MUNHAK,인천 SSG 랜더스필드,음식점,FD6,코르크픽미31 문학점,음식점 > 간식,인천 미추홀구 매소홀로 618,126.69254360308035,37.43735268218544,297,,http://place.map.kakao.com/1732552425,1732552425,N,KAKAO_LOCAL_API
KKO_MUNHAK_034,MUNHAK,인천 SSG 랜더스필드,음식점,FD6,명인만두 SSG랜더스필드점,음식점 > 분식 > 명인만두,인천 미추홀구 매소홀로 618,126.69397810910657,37.43609498745793,306,,http://place.map.kakao.com/96460053,96460053,N,KAKAO_LOCAL_API
KKO_MUNHAK_035,MUNHAK,인천 SSG 랜더스필드,음식점,FD6,패밀리푸드존,음식점 > 분식,인천 미추홀구 매소홀로 618,126.69275482755339,37.437371251660096,309,,http://place.map.kakao.com/21375568,21375568,N,KAKAO_LOCAL_API
KKO_MUNHAK_036,MUNHAK,인천 SSG 랜더스필드,음식점,FD6,스테이션,음식점 > 양식,인천 미추홀구 매소홀로 618,126.69263360004331,37.43745022556435,310,,http://place.map.kakao.com/1059833575,1059833575,N,KAKAO_LOCAL_API
KKO_MUNHAK_037,MUNHAK,인천 SSG 랜더스필드,음식점,FD6,한우소머리곰탕,음식점 > 한식 > 곰탕,인천 미추홀구 소성로 375,126.688878440148,37.4375314032837,318,032-422-0720,http://place.map.kakao.com/15386726,15386726,N,KAKAO_LOCAL_API
KKO_MUNHAK_038,MUNHAK,인천 SSG 랜더스필드,음식점,FD6,오레오츄러스,"음식점 > 간식 > 제과,베이커리",인천 미추홀구 매소홀로 618,126.69372149275691,37.43723410350843,354,,http://place.map.kakao.com/1060391815,1060391815,N,KAKAO_LOCAL_API
KKO_MUNHAK_039,MUNHAK,인천 SSG 랜더스필드,음식점,FD6,북촌손만두 SSG랜더스필드점,음식점 > 분식 > 북촌손만두,인천 미추홀구 매소홀로 618,126.6942748985061,37.43674448444039,361,,http://place.map.kakao.com/721042819,721042819,N,KAKAO_LOCAL_API
KKO_MUNHAK_040,MUNHAK,인천 SSG 랜더스필드,음식점,FD6,오사카야키 그루터기 문학구장점,음식점 > 간식,인천 미추홀구 매소홀로 618,126.69401654883107,37.43719972820978,372,,http://place.map.kakao.com/1697013323,1697013323,N,KAKAO_LOCAL_API
KKO_MUNHAK_041,MUNHAK,인천 SSG 랜더스필드,음식점,FD6,민영활어공장 베이스볼파크점,"음식점 > 일식 > 초밥,롤",인천 미추홀구 매소홀로 618,126.69441589034548,37.43680611787344,376,,http://place.map.kakao.com/1774319137,1774319137,N,KAKAO_LOCAL_API
KKO_MUNHAK_042,MUNHAK,인천 SSG 랜더스필드,음식점,FD6,맥도날드 문학DT점,음식점 > 패스트푸드 > 맥도날드,인천 미추홀구 매소홀로 600,126.688907288716,37.438205436282,383,032-266-5700,http://place.map.kakao.com/25743374,25743374,N,KAKAO_LOCAL_API
KKO_MUNHAK_043,MUNHAK,인천 SSG 랜더스필드,음식점,FD6,자담치킨 인천랜더스필드점,음식점 > 치킨 > 자담치킨,인천 미추홀구 매소홀로 618,126.69409978992005,37.43729184691505,384,,http://place.map.kakao.com/1440903457,1440903457,N,KAKAO_LOCAL_API
KKO_MUNHAK_044,MUNHAK,인천 SSG 랜더스필드,음식점,FD6,킹콩떡볶이,음식점 > 분식 > 떡볶이,인천 미추홀구 매소홀로 618,126.69409748604095,37.43730265310055,384,,http://place.map.kakao.com/1358715755,1358715755,N,KAKAO_LOCAL_API
KKO_MUNHAK_045,MUNHAK,인천 SSG 랜더스필드,음식점,FD6,반올림피자 인천SSG랜더스필드점,음식점 > 양식 > 피자 > 반올림피자,인천 미추홀구 매소홀로 618,126.69419615708142,37.43721280718647,385,,http://place.map.kakao.com/208090551,208090551,N,KAKAO_LOCAL_API
KKO_MUNHAK_046,MUNHAK,인천 SSG 랜더스필드,카페,CE7,카페준메라,음식점 > 카페,인천 미추홀구 매소홀로 618,126.68977572159477,37.43504336343067,87,,http://place.map.kakao.com/577458238,577458238,N,KAKAO_LOCAL_API
KKO_MUNHAK_047,MUNHAK,인천 SSG 랜더스필드,카페,CE7,커피에반하다 인천문학경기장점 스마트 무인카페,음식점 > 카페 > 커피전문점 > 커피에반하다,인천 미추홀구 매소홀로 618,126.690926516659,37.4360104615074,104,,http://place.map.kakao.com/1782926196,1782926196,N,KAKAO_LOCAL_API
KKO_MUNHAK_048,MUNHAK,인천 SSG 랜더스필드,카페,CE7,브라더스커피앤데일리비어,음식점 > 카페,인천 미추홀구 매소홀로 618,126.69200649105558,37.43524111274324,111,032-432-2891,http://place.map.kakao.com/880841734,880841734,N,KAKAO_LOCAL_API
KKO_MUNHAK_049,MUNHAK,인천 SSG 랜더스필드,카페,CE7,스타벅스 SSG랜더스필드2F점,음식점 > 카페 > 커피전문점 > 스타벅스,인천 미추홀구 매소홀로 618,126.692362403383,37.4366241927537,222,1522-3232,http://place.map.kakao.com/269373751,269373751,N,KAKAO_LOCAL_API
KKO_MUNHAK_050,MUNHAK,인천 SSG 랜더스필드,카페,CE7,태그커피 인천문학점,음식점 > 카페,인천 미추홀구 매소홀로 618,126.693401960307,37.4352357304684,234,,http://place.map.kakao.com/1914281456,1914281456,N,KAKAO_LOCAL_API
KKO_MUNHAK_051,MUNHAK,인천 SSG 랜더스필드,카페,CE7,커빙,음식점 > 카페,인천 미추홀구 매소홀로 618,126.69242106156469,37.43692438252508,251,010-8465-4223,http://place.map.kakao.com/879827276,879827276,N,KAKAO_LOCAL_API
KKO_MUNHAK_052,MUNHAK,인천 SSG 랜더스필드,카페,CE7,블루시드커피,음식점 > 카페,인천 미추홀구 매소홀로 618,126.693686792282,37.4360446771981,280,,http://place.map.kakao.com/474627778,474627778,N,KAKAO_LOCAL_API
KKO_MUNHAK_053,MUNHAK,인천 SSG 랜더스필드,카페,CE7,스타벅스 SSG랜더스필드1F점,음식점 > 카페 > 커피전문점 > 스타벅스,인천 미추홀구 매소홀로 618,126.692806061404,37.43727677853342,303,1522-3232,http://place.map.kakao.com/124818972,124818972,N,KAKAO_LOCAL_API
KKO_MUNHAK_054,MUNHAK,인천 SSG 랜더스필드,카페,CE7,알로하 카페앤바,음식점 > 카페,인천 미추홀구 매소홀로 618,126.69374767217633,37.43718731869984,352,010-9558-2030,http://place.map.kakao.com/259986870,259986870,N,KAKAO_LOCAL_API
KKO_MUNHAK_055,MUNHAK,인천 SSG 랜더스필드,카페,CE7,코피발리 인천문학점,음식점 > 카페 > 커피전문점,인천 미추홀구 매소홀로 618,126.69413460470336,37.43706668392373,371,,http://place.map.kakao.com/1827385733,1827385733,N,KAKAO_LOCAL_API
KKO_MUNHAK_056,MUNHAK,인천 SSG 랜더스필드,카페,CE7,투썸플레이스 인천문학점,음식점 > 카페 > 커피전문점 > 투썸플레이스,인천 미추홀구 매소홀로 590,126.68759877793424,37.43820919322479,445,032-227-0220,http://place.map.kakao.com/1287312910,1287312910,N,KAKAO_LOCAL_API
KKO_MUNHAK_057,MUNHAK,인천 SSG 랜더스필드,카페,CE7,카페온24시무인,음식점 > 카페,인천 미추홀구 소성로350번길 17,126.686108222643,37.4366185619264,445,,http://place.map.kakao.com/1455084087,1455084087,N,KAKAO_LOCAL_API
KKO_MUNHAK_058,MUNHAK,인천 SSG 랜더스필드,카페,CE7,이디야커피 인천문학점,음식점 > 카페 > 커피전문점 > 이디야커피,인천 미추홀구 매소홀로 572,126.685544184264,37.4382866381753,582,032-438-3335,http://place.map.kakao.com/563834624,563834624,N,KAKAO_LOCAL_API
KKO_MUNHAK_059,MUNHAK,인천 SSG 랜더스필드,카페,CE7,브라더스문학점,음식점 > 카페 > 커피전문점,인천 미추홀구 소성로338번길 4,126.684748412811,37.4372753849496,585,,http://place.map.kakao.com/911619349,911619349,N,KAKAO_LOCAL_API
KKO_MUNHAK_060,MUNHAK,인천 SSG 랜더스필드,카페,CE7,감성커피 연수포레나점,음식점 > 카페,인천 연수구 넘말로 81,126.696225166308,37.4314344378199,630,,http://place.map.kakao.com/1961543917,1961543917,N,KAKAO_LOCAL_API
KKO_MUNHAK_061,MUNHAK,인천 SSG 랜더스필드,카페,CE7,메가MGC커피 인천문학점,음식점 > 카페 > 커피전문점 > 메가MGC커피,인천 미추홀구 소성로 334,126.68408799705253,37.43740066441083,644,032-889-0925,http://place.map.kakao.com/1342361944,1342361944,N,KAKAO_LOCAL_API
KKO_MUNHAK_062,MUNHAK,인천 SSG 랜더스필드,카페,CE7,테라커피 인천문학점,음식점 > 카페 > 커피전문점 > 테라커피,인천 미추홀구 소성로 328,126.68385415328926,37.43738742501973,662,010-4031-0731,http://place.map.kakao.com/940091948,940091948,N,KAKAO_LOCAL_API
KKO_MUNHAK_063,MUNHAK,인천 SSG 랜더스필드,카페,CE7,커피너티,음식점 > 카페 > 커피전문점,인천 미추홀구 주승로 264,126.69538880824231,37.43986306049072,670,0506-368-9513,http://place.map.kakao.com/1788885523,1788885523,N,KAKAO_LOCAL_API
KKO_MUNHAK_064,MUNHAK,인천 SSG 랜더스필드,카페,CE7,호미스,음식점 > 카페,인천 미추홀구 주승로 262,126.695379169473,37.44001080161,682,070-8657-3367,http://place.map.kakao.com/1924355829,1924355829,N,KAKAO_LOCAL_API
KKO_MUNHAK_065,MUNHAK,인천 SSG 랜더스필드,카페,CE7,데이롱카페 연수포레나점,음식점 > 카페 > 테마카페 > 무인카페 > 데이롱카페,인천 연수구 넘말로55번길 6-12,126.69640264709042,37.43085193817259,685,,http://place.map.kakao.com/1800144849,1800144849,N,KAKAO_LOCAL_API
KKO_MUNHAK_066,MUNHAK,인천 SSG 랜더스필드,카페,CE7,별빛,음식점 > 카페,인천 연수구 넘말로 75,126.696709192721,37.4310437399192,691,,http://place.map.kakao.com/1581674903,1581674903,N,KAKAO_LOCAL_API
KKO_MUNHAK_067,MUNHAK,인천 SSG 랜더스필드,카페,CE7,시루꽃 이야기,음식점 > 카페 > 테마카페 > 디저트카페,인천 미추홀구 경원대로640번길 20-16,126.694933830125,37.4405980138032,715,,http://place.map.kakao.com/1799771104,1799771104,N,KAKAO_LOCAL_API
KKO_MUNHAK_068,MUNHAK,인천 SSG 랜더스필드,카페,CE7,키치덴즈,음식점 > 카페,인천 연수구 넘말로55번길 19,126.696147314496,37.4297304213981,761,010-3535-7429,http://place.map.kakao.com/295687708,295687708,N,KAKAO_LOCAL_API
KKO_MUNHAK_069,MUNHAK,인천 SSG 랜더스필드,카페,CE7,하삼동커피 인천문학호산점,음식점 > 카페 > 커피전문점 > 하삼동커피,인천 미추홀구 소성로 317,126.6825307351261,37.4377136483152,784,0507-1317-3984,http://place.map.kakao.com/1463278040,1463278040,N,KAKAO_LOCAL_API
KKO_MUNHAK_070,MUNHAK,인천 SSG 랜더스필드,카페,CE7,스타벅스 인천관교DT점,음식점 > 카페 > 커피전문점 > 스타벅스,인천 미추홀구 경원대로 656,126.69308984972231,37.44193845056836,788,1522-3232,http://place.map.kakao.com/1261580248,1261580248,N,KAKAO_LOCAL_API
KKO_MUNHAK_071,MUNHAK,인천 SSG 랜더스필드,카페,CE7,메가MGC커피 인천승학초점,음식점 > 카페 > 커피전문점 > 메가MGC커피,인천 미추홀구 주승로 246,126.69523571062412,37.44139168294451,804,032-433-9777,http://place.map.kakao.com/1791724238,1791724238,N,KAKAO_LOCAL_API
KKO_MUNHAK_072,MUNHAK,인천 SSG 랜더스필드,카페,CE7,플러스82 인천구월점,음식점 > 카페 > 커피전문점 > 플러스82,인천 미추홀구 경원대로640번길 25-31,126.694617281976,37.4417468873487,814,,http://place.map.kakao.com/307771933,307771933,N,KAKAO_LOCAL_API
KKO_MUNHAK_073,MUNHAK,인천 SSG 랜더스필드,카페,CE7,댓츠마이잼,음식점 > 카페 > 테마카페 > 디저트카페,인천 미추홀구 경원대로640번길 25-26,126.694880781176,37.4416962102027,819,010-2313-9180,http://place.map.kakao.com/2129366332,2129366332,N,KAKAO_LOCAL_API
KKO_MUNHAK_074,MUNHAK,인천 SSG 랜더스필드,카페,CE7,아미드프룻X모모케이크,음식점 > 카페 > 생과일전문점,인천 미추홀구 경원대로652번길 25-3,126.694429607762,37.4420473401895,838,010-2456-1997,http://place.map.kakao.com/544156622,544156622,N,KAKAO_LOCAL_API
KKO_MUNHAK_075,MUNHAK,인천 SSG 랜더스필드,카페,CE7,브런치2017,음식점 > 카페,인천 미추홀구 경원대로658번길 5-27,126.69261512276083,37.4425201713814,841,070-8691-2262,http://place.map.kakao.com/814657345,814657345,N,KAKAO_LOCAL_API
KKO_MUNHAK_076,MUNHAK,인천 SSG 랜더스필드,카페,CE7,레오커피,음식점 > 카페 > 커피전문점,인천 연수구 예술로22번길 32,126.700414881313,37.4359213632017,859,032-422-7484,http://place.map.kakao.com/1844978649,1844978649,N,KAKAO_LOCAL_API
KKO_MUNHAK_077,MUNHAK,인천 SSG 랜더스필드,카페,CE7,셀프이스팀커피로스터스,음식점 > 카페 > 커피전문점,인천 연수구 경원대로534번길 15,126.69959058731261,37.43182506821242,861,0503-7152-6756,http://place.map.kakao.com/1683427862,1683427862,N,KAKAO_LOCAL_API
KKO_MUNHAK_078,MUNHAK,인천 SSG 랜더스필드,카페,CE7,대단한커피&탕후루 인천문학점,음식점 > 카페 > 테마카페 > 디저트카페,인천 미추홀구 매소홀로541번길 3,126.682035709212,37.4388070471793,875,,http://place.map.kakao.com/889988485,889988485,N,KAKAO_LOCAL_API
KKO_MUNHAK_079,MUNHAK,인천 SSG 랜더스필드,카페,CE7,더치앤빈카페 인천문학점,음식점 > 카페 > 커피전문점,인천 미추홀구 매소홀로541번길 3,126.682035709214,37.4388070471713,875,,http://place.map.kakao.com/1036373924,1036373924,N,KAKAO_LOCAL_API
KKO_MUNHAK_080,MUNHAK,인천 SSG 랜더스필드,카페,CE7,무무커피 관교점,음식점 > 카페,인천 미추홀구 경원대로670번길 3,126.691871653569,37.4430498322777,889,,http://place.map.kakao.com/1091856903,1091856903,N,KAKAO_LOCAL_API
KKO_MUNHAK_081,MUNHAK,인천 SSG 랜더스필드,카페,CE7,텐퍼센트커피 문학큰나무점,음식점 > 카페 > 커피전문점 > 텐퍼센트커피,인천 미추홀구 문학길 7,126.6813250558642,37.43825101103081,905,032-425-2220,http://place.map.kakao.com/2106912477,2106912477,N,KAKAO_LOCAL_API
KKO_MUNHAK_082,MUNHAK,인천 SSG 랜더스필드,카페,CE7,카페온정,음식점 > 카페,인천 미추홀구 문학길 28,126.68099225677317,37.43759147359274,908,,http://place.map.kakao.com/1516912612,1516912612,N,KAKAO_LOCAL_API
KKO_MUNHAK_083,MUNHAK,인천 SSG 랜더스필드,카페,CE7,데이롱카페 인천터미널점,음식점 > 카페 > 테마카페 > 무인카페 > 데이롱카페,인천 미추홀구 문화로 27,126.69828646951402,37.441458075618925,971,,http://place.map.kakao.com/2021452223,2021452223,N,KAKAO_LOCAL_API
KKO_MUNHAK_084,MUNHAK,인천 SSG 랜더스필드,카페,CE7,헤리티지카페,음식점 > 카페 > 커피전문점,인천 미추홀구 경원대로670번길 28,126.693090668305,37.4436747017767,975,,http://place.map.kakao.com/1623652147,1623652147,N,KAKAO_LOCAL_API
KKO_MUNHAK_085,MUNHAK,인천 SSG 랜더스필드,카페,CE7,모여라영11,음식점 > 카페 > 테마카페 > 라이브카페,인천 연수구 학나래로 120,126.698496628694,37.4285065532554,1000,032-813-6070,http://place.map.kakao.com/10338062,10338062,N,KAKAO_LOCAL_API
KKO_MUNHAK_086,MUNHAK,인천 SSG 랜더스필드,카페,CE7,발도스커피 선학역점,음식점 > 카페 > 발도스커피,인천 연수구 학나래로118번길 9,126.69842478169224,37.42810992390673,1029,,http://place.map.kakao.com/1009571966,1009571966,N,KAKAO_LOCAL_API
KKO_MUNHAK_087,MUNHAK,인천 SSG 랜더스필드,카페,CE7,컴포즈커피 인천선학점,음식점 > 카페 > 커피전문점 > 컴포즈커피,인천 연수구 학나래로118번길 9,126.69846483055133,37.42798388414314,1042,032-212-1853,http://place.map.kakao.com/1269759271,1269759271,N,KAKAO_LOCAL_API
KKO_MUNHAK_088,MUNHAK,인천 SSG 랜더스필드,카페,CE7,카페 작은 숲,음식점 > 카페,인천 미추홀구 승학길26번길 25,126.68084081558068,37.440524759056906,1065,010-3376-8663,http://place.map.kakao.com/21530776,21530776,N,KAKAO_LOCAL_API
KKO_MUNHAK_089,MUNHAK,인천 SSG 랜더스필드,카페,CE7,콘플라워,음식점 > 카페,인천 미추홀구 매소홀로535번길 36,126.680220146532,37.440064466585,1084,,http://place.map.kakao.com/1020462240,1020462240,N,KAKAO_LOCAL_API
KKO_MUNHAK_090,MUNHAK,인천 SSG 랜더스필드,카페,CE7,선학아이스링크스퀘어,음식점 > 카페,인천 연수구 경원대로 526,126.701848324032,37.4309036416558,1085,,http://place.map.kakao.com/1325621225,1325621225,N,KAKAO_LOCAL_API
KKO_MUNHAK_091,MUNHAK,인천 SSG 랜더스필드,관광명소,AT4,문학눈썰매장,"스포츠,레저 > 스포츠시설 > 눈썰매장",인천 미추홀구 매소홀로 618,126.690927653986,37.4360086624564,103,,http://place.map.kakao.com/12777812,12777812,N,KAKAO_LOCAL_API
KKO_MUNHAK_092,MUNHAK,인천 SSG 랜더스필드,관광명소,AT4,북망산,"여행 > 관광,명소 > 산",인천 미추홀구 관교동 산 106,126.687596967028,37.4424502505961,864,,http://place.map.kakao.com/230312115,230312115,N,KAKAO_LOCAL_API
KKO_MUNHAK_093,MUNHAK,인천 SSG 랜더스필드,관광명소,AT4,승학산,"여행 > 관광,명소 > 산",인천 미추홀구 관교동,126.687836226532,37.4425238646689,865,,http://place.map.kakao.com/25257143,25257143,N,KAKAO_LOCAL_API
KKO_MUNHAK_094,MUNHAK,인천 SSG 랜더스필드,관광명소,AT4,고마리길,"여행 > 관광,명소 > 숲",인천 미추홀구 문학동,126.680751568528,37.4322730486675,939,,http://place.map.kakao.com/19180551,19180551,N,KAKAO_LOCAL_API
KKO_MUNHAK_095,MUNHAK,인천 SSG 랜더스필드,관광명소,AT4,학산둘레길,"여행 > 관광,명소 > 도보여행",인천 미추홀구 문학동,126.67873038603102,37.433557822719344,1077,,http://place.map.kakao.com/26563804,26563804,N,KAKAO_LOCAL_API
KKO_MUNHAK_096,MUNHAK,인천 SSG 랜더스필드,관광명소,AT4,연수둘레길 문학산코스,"여행 > 관광,명소 > 도보여행 > 둘레길",인천 연수구 선학동 404-2,126.696431796471,37.426151424479,1111,,http://place.map.kakao.com/460946351,460946351,N,KAKAO_LOCAL_API
KKO_MUNHAK_097,MUNHAK,인천 SSG 랜더스필드,관광명소,AT4,선학음식문화거리,"여행 > 관광,명소 > 테마거리",인천 연수구 선학동 425,126.697854088109,37.4253333434201,1250,,http://place.map.kakao.com/1983066288,1983066288,N,KAKAO_LOCAL_API
KKO_MUNHAK_098,MUNHAK,인천 SSG 랜더스필드,관광명소,AT4,문학산,"여행 > 관광,명소 > 산",인천 미추홀구 문학동 164-69,126.6772974191693,37.43151402666845,1255,,http://place.map.kakao.com/7873702,7873702,N,KAKAO_LOCAL_API
KKO_MUNHAK_099,MUNHAK,인천 SSG 랜더스필드,관광명소,AT4,함박마을 세계음식문화거리,"여행 > 관광,명소 > 테마거리",인천 연수구 연수동 638,126.682951322826,37.4256006583173,1258,,http://place.map.kakao.com/303848103,303848103,N,KAKAO_LOCAL_API
KKO_MUNHAK_100,MUNHAK,인천 SSG 랜더스필드,관광명소,AT4,구월동밴댕이골목,"여행 > 관광,명소 > 테마거리 > 먹자골목",인천 남동구 구월동 1436,126.698527506046,37.4455970363541,1354,,http://place.map.kakao.com/8708667,8708667,N,KAKAO_LOCAL_API
KKO_MUNHAK_101,MUNHAK,인천 SSG 랜더스필드,관광명소,AT4,구월로데오 음식문화거리,"여행 > 관광,명소 > 테마거리 > 먹자골목",인천 남동구 구월동 1409-24,126.702026123424,37.4447643639992,1465,,http://place.map.kakao.com/1538194225,1538194225,N,KAKAO_LOCAL_API
KKO_MUNHAK_102,MUNHAK,인천 SSG 랜더스필드,관광명소,AT4,구월동로데오거리,"여행 > 관광,명소 > 테마거리",인천 남동구 구월동 1409-25,126.70205765864294,37.44507619342108,1493,,http://place.map.kakao.com/18973312,18973312,N,KAKAO_LOCAL_API
KKO_MUNHAK_103,MUNHAK,인천 SSG 랜더스필드,관광명소,AT4,소야도자기,"여행 > 관광,명소 > 도자기,도예촌",인천 남동구 문화서로46번길 43,126.698761466756,37.4492521330377,1724,070-8276-2065,http://place.map.kakao.com/27587464,27587464,N,KAKAO_LOCAL_API
KKO_MUNHAK_104,MUNHAK,인천 SSG 랜더스필드,관광명소,AT4,쓰임,"여행 > 관광,명소 > 도자기,도예촌",인천 남동구 문화로115번길 13,126.698774450104,37.4493963278245,1739,010-4889-7020,http://place.map.kakao.com/1062568637,1062568637,N,KAKAO_LOCAL_API
KKO_MUNHAK_105,MUNHAK,인천 SSG 랜더스필드,관광명소,AT4,삼호현 전통숲,"여행 > 관광,명소 > 숲",인천 연수구 청학동 217-75,126.671507345114,37.4306331057936,1774,,http://place.map.kakao.com/1675802433,1675802433,N,KAKAO_LOCAL_API
KKO_MUNHAK_106,MUNHAK,인천 SSG 랜더스필드,관광명소,AT4,남촌501저수지,"여행 > 관광,명소 > 저수지",인천 남동구 남촌동 510-16,126.70862908949921,37.425812701748676,1886,,http://place.map.kakao.com/26139917,26139917,N,KAKAO_LOCAL_API
KKO_MUNHAK_107,MUNHAK,인천 SSG 랜더스필드,관광명소,AT4,인천둘레길 8코스,"여행 > 관광,명소 > 도보여행 > 둘레길 > 인천둘레길",인천 남동구 논현동 471-1,126.6933478079913,37.41554753039028,2180,,http://place.map.kakao.com/18741290,18741290,N,KAKAO_LOCAL_API
KKO_MUNHAK_108,MUNHAK,인천 SSG 랜더스필드,관광명소,AT4,가천이길여길,"여행 > 관광,명소 > 테마거리",인천 남동구 구월동 1330-1,126.708101667293,37.4513668161738,2370,,http://place.map.kakao.com/1486936869,1486936869,N,KAKAO_LOCAL_API
KKO_MUNHAK_109,MUNHAK,인천 SSG 랜더스필드,관광명소,AT4,쥬니멀,"여행 > 관광,명소 > 동물원 > 실내동물원",인천 남동구 인하로 629,126.716666522629,37.4431425053773,2461,032-471-5948,http://place.map.kakao.com/836530517,836530517,N,KAKAO_LOCAL_API
KKO_SUWON_001,SUWON,수원 KT 위즈 파크,음식점,FD6,BHC치킨 KT위즈파크점,음식점 > 치킨 > BHC치킨,경기 수원시 장안구 경수대로 893,127.011549198983,37.2970954612805,84,010-4900-3016,http://place.map.kakao.com/1979937842,1979937842,N,KAKAO_LOCAL_API
KKO_SUWON_002,SUWON,수원 KT 위즈 파크,음식점,FD6,카츄마마 수원KT위즈파크점,"음식점 > 일식 > 돈까스,우동",경기 수원시 장안구 경수대로 893,127.010227468346,37.2979173286578,99,,http://place.map.kakao.com/792494244,792494244,N,KAKAO_LOCAL_API
KKO_SUWON_003,SUWON,수원 KT 위즈 파크,음식점,FD6,그집해장국,음식점 > 한식 > 해장국,경기 수원시 장안구 송정로 142,127.012356673404,37.2966845067943,156,031-244-6694,http://place.map.kakao.com/11397358,11397358,N,KAKAO_LOCAL_API
KKO_SUWON_004,SUWON,수원 KT 위즈 파크,음식점,FD6,주인장,"음식점 > 술집 > 호프,요리주점",경기 수원시 장안구 송정로 136,127.011878423357,37.2964070362999,166,031-243-9382,http://place.map.kakao.com/24662090,24662090,N,KAKAO_LOCAL_API
KKO_SUWON_005,SUWON,수원 KT 위즈 파크,음식점,FD6,돈수백 북수원점,음식점 > 한식 > 국밥 > 돈수백,경기 수원시 장안구 경수대로 880,127.01281272638,37.2990631959759,187,031-241-7300,http://place.map.kakao.com/49039527,49039527,N,KAKAO_LOCAL_API
KKO_SUWON_006,SUWON,수원 KT 위즈 파크,음식점,FD6,큰맛남원추어탕,"음식점 > 한식 > 해물,생선 > 추어",경기 수원시 장안구 경수대로 874,127.01321418558936,37.298683815323145,190,031-241-3503,http://place.map.kakao.com/24525850,24525850,N,KAKAO_LOCAL_API
KKO_SUWON_007,SUWON,수원 KT 위즈 파크,음식점,FD6,톰스아메리칸다이너,음식점 > 양식,경기 수원시 장안구 경수대로 882,127.012625526479,37.2992326110024,191,,http://place.map.kakao.com/1400669208,1400669208,N,KAKAO_LOCAL_API
KKO_SUWON_008,SUWON,수원 KT 위즈 파크,음식점,FD6,청미식당,음식점 > 한식,경기 수원시 장안구 송정로 128,127.011093396155,37.2960683224763,198,,http://place.map.kakao.com/15520559,15520559,N,KAKAO_LOCAL_API
KKO_SUWON_009,SUWON,수원 KT 위즈 파크,음식점,FD6,쉬는시간,음식점 > 한식,경기 수원시 장안구 경수대로 893,127.0091447638978,37.29828684242027,201,,http://place.map.kakao.com/728072634,728072634,N,KAKAO_LOCAL_API
KKO_SUWON_010,SUWON,수원 KT 위즈 파크,음식점,FD6,삼동소바 북수원 운동장점,"음식점 > 일식 > 돈까스,우동",경기 수원시 장안구 경수대로 886,127.012306377916,37.2994930442438,202,,http://place.map.kakao.com/2066761620,2066761620,N,KAKAO_LOCAL_API
KKO_SUWON_011,SUWON,수원 KT 위즈 파크,음식점,FD6,도담국시,음식점 > 한식 > 국수,경기 수원시 장안구 송정로130번길 10,127.011358394017,37.2957781633228,228,031-252-9554,http://place.map.kakao.com/2090415917,2090415917,N,KAKAO_LOCAL_API
KKO_SUWON_012,SUWON,수원 KT 위즈 파크,음식점,FD6,그섬에가면,"음식점 > 한식 > 해물,생선 > 회",경기 수원시 장안구 경수대로 862,127.01392909344365,37.297789003653875,229,031-241-2966,http://place.map.kakao.com/9668716,9668716,N,KAKAO_LOCAL_API
KKO_SUWON_013,SUWON,수원 KT 위즈 파크,음식점,FD6,꽃대지김치찌개,"음식점 > 한식 > 찌개,전골",경기 수원시 장안구 송정로 122,127.01048884372284,37.295835909973626,235,031-251-1253,http://place.map.kakao.com/794443666,794443666,N,KAKAO_LOCAL_API
KKO_SUWON_014,SUWON,수원 KT 위즈 파크,음식점,FD6,사랑의선물,음식점 > 분식,경기 수원시 장안구 경수대로 860,127.014129812728,37.2975745330596,248,,http://place.map.kakao.com/1251419831,1251419831,N,KAKAO_LOCAL_API
KKO_SUWON_015,SUWON,수원 KT 위즈 파크,음식점,FD6,맛깔참죽 수원조원점,음식점 > 한식 > 죽 > 맛깔참죽,경기 수원시 장안구 송정로 160,127.014230197404,37.2976024531811,256,031-246-6288,http://place.map.kakao.com/422932005,422932005,N,KAKAO_LOCAL_API
KKO_SUWON_016,SUWON,수원 KT 위즈 파크,음식점,FD6,비비바,음식점 > 한식,경기 수원시 장안구 송정로 160,127.014239221295,37.297607858318,257,031-252-7771,http://place.map.kakao.com/444532491,444532491,N,KAKAO_LOCAL_API
KKO_SUWON_017,SUWON,수원 KT 위즈 파크,음식점,FD6,스윗미타임,"음식점 > 간식 > 제과,베이커리",경기 수원시 장안구 송정로118번길 7,127.01023844204,37.2956674379196,260,010-8131-7864,http://place.map.kakao.com/1095947612,1095947612,N,KAKAO_LOCAL_API
KKO_SUWON_018,SUWON,수원 KT 위즈 파크,음식점,FD6,까삐네손칼국수,음식점 > 한식 > 국수 > 칼국수,경기 수원시 장안구 송정로 161,127.01428212474494,37.29784482587438,260,031-242-4673,http://place.map.kakao.com/25049895,25049895,N,KAKAO_LOCAL_API
KKO_SUWON_019,SUWON,수원 KT 위즈 파크,음식점,FD6,구쁘다화덕피자 북수원점,음식점 > 양식 > 피자,경기 수원시 장안구 경수대로894번길 10,127.01214068667788,37.30016613578056,267,,http://place.map.kakao.com/26620615,26620615,N,KAKAO_LOCAL_API
KKO_SUWON_020,SUWON,수원 KT 위즈 파크,음식점,FD6,명원갈비,"음식점 > 한식 > 육류,고기 > 갈비",경기 수원시 장안구 송정로167번길 34,127.01372071888288,37.29932980107818,267,031-251-0285,http://place.map.kakao.com/362396944,362396944,N,KAKAO_LOCAL_API
KKO_SUWON_021,SUWON,수원 KT 위즈 파크,음식점,FD6,함바그21.1도,음식점 > 일식,경기 수원시 장안구 조원로89번길 50,127.01362600403,37.2994820872333,271,,http://place.map.kakao.com/1105454124,1105454124,N,KAKAO_LOCAL_API
KKO_SUWON_022,SUWON,수원 KT 위즈 파크,음식점,FD6,하이설기,"음식점 > 간식 > 떡,한과",경기 수원시 장안구 송정로118번길 7,127.010368121977,37.2955178544312,272,010-2515-1187,http://place.map.kakao.com/1140228891,1140228891,N,KAKAO_LOCAL_API
KKO_SUWON_023,SUWON,수원 KT 위즈 파크,음식점,FD6,찐스뉴욕베이글 수원본점,"음식점 > 간식 > 제과,베이커리",경기 수원시 장안구 경수대로894번길 14,127.0123324334834,37.300192246008706,275,010-9238-7147,http://place.map.kakao.com/1421195911,1421195911,N,KAKAO_LOCAL_API
KKO_SUWON_024,SUWON,수원 KT 위즈 파크,음식점,FD6,빙아이스크림 수원종합운동장점,음식점 > 간식 > 아이스크림,경기 수원시 장안구 송정로118번길 7,127.01026661697661,37.29551425912993,275,,http://place.map.kakao.com/379422210,379422210,N,KAKAO_LOCAL_API
KKO_SUWON_025,SUWON,수원 KT 위즈 파크,음식점,FD6,명랑핫도그 KT WIZ 야구장,음식점 > 패스트푸드 > 명랑핫도그,경기 수원시 장안구 경수대로 893,127.010250331912,37.3001744239152,276,,http://place.map.kakao.com/192741906,192741906,N,KAKAO_LOCAL_API
KKO_SUWON_026,SUWON,수원 KT 위즈 파크,음식점,FD6,효제,음식점 > 한식,경기 수원시 장안구 송정로 165,127.01452464379472,37.297993467474264,282,010-4972-1571,http://place.map.kakao.com/358212848,358212848,N,KAKAO_LOCAL_API
KKO_SUWON_027,SUWON,수원 KT 위즈 파크,음식점,FD6,나오리장작구이 수원KT야구장앞점,"음식점 > 한식 > 육류,고기",경기 수원시 장안구 경수대로 900,127.011361345836,37.3004067899291,284,,http://place.map.kakao.com/1546610774,1546610774,N,KAKAO_LOCAL_API
KKO_SUWON_028,SUWON,수원 KT 위즈 파크,음식점,FD6,백세삼계탕 수원조원점,"음식점 > 한식 > 육류,고기 > 닭요리 > 삼계탕",경기 수원시 장안구 경수대로 851,127.0142920634352,37.29672393455017,289,031-241-0888,http://place.map.kakao.com/24875401,24875401,N,KAKAO_LOCAL_API
KKO_SUWON_029,SUWON,수원 KT 위즈 파크,음식점,FD6,코코야끼,음식점 > 일식,경기 수원시 장안구 경수대로894번길 11,127.0121531271829,37.300375174992375,290,0502-5550-9243,http://place.map.kakao.com/1229877753,1229877753,N,KAKAO_LOCAL_API
KKO_SUWON_030,SUWON,수원 KT 위즈 파크,음식점,FD6,거제활어,"음식점 > 한식 > 해물,생선 > 회",경기 수원시 장안구 조원로89번길 43-2,127.013951953906,37.2994306901734,290,031-258-4379,http://place.map.kakao.com/2090316237,2090316237,N,KAKAO_LOCAL_API
KKO_SUWON_031,SUWON,수원 KT 위즈 파크,음식점,FD6,임가네칡냉면,음식점 > 한식 > 냉면,경기 수원시 장안구 조원로89번길 44-9,127.013458018692,37.2998740574377,293,031-251-2672,http://place.map.kakao.com/9415949,9415949,N,KAKAO_LOCAL_API
KKO_SUWON_032,SUWON,수원 KT 위즈 파크,음식점,FD6,또리펍 내야 3루점,"음식점 > 술집 > 호프,요리주점",경기 수원시 장안구 경수대로 893,127.010105977317,37.3002960762756,293,,http://place.map.kakao.com/1006214844,1006214844,N,KAKAO_LOCAL_API
KKO_SUWON_033,SUWON,수원 KT 위즈 파크,음식점,FD6,샤오마라,음식점 > 중식 > 중국요리 > 샤오마라,경기 수원시 장안구 경수대로 893,127.010092446138,37.300323108529,297,,http://place.map.kakao.com/1882832726,1882832726,N,KAKAO_LOCAL_API
KKO_SUWON_034,SUWON,수원 KT 위즈 파크,음식점,FD6,아낌없이,음식점 > 한식,경기 수원시 장안구 송정로 164,127.01470169016461,37.29784747761274,297,031-246-5552,http://place.map.kakao.com/631094029,631094029,N,KAKAO_LOCAL_API
KKO_SUWON_035,SUWON,수원 KT 위즈 파크,음식점,FD6,콩두주백 북수원직영점,음식점 > 한식 > 두부전문점,경기 수원시 장안구 송정로 114,127.009812089483,37.2954151835629,301,031-241-9982,http://place.map.kakao.com/193000669,193000669,N,KAKAO_LOCAL_API
KKO_SUWON_036,SUWON,수원 KT 위즈 파크,음식점,FD6,작은동경,음식점 > 일식,경기 수원시 장안구 경수대로 893,127.010038312703,37.3003663628906,303,,http://place.map.kakao.com/899613033,899613033,N,KAKAO_LOCAL_API
KKO_SUWON_037,SUWON,수원 KT 위즈 파크,음식점,FD6,보영만두 KT위즈파크직영점,음식점 > 분식,경기 수원시 장안구 경수대로 893,127.01020525131996,37.30043572843311,305,,http://place.map.kakao.com/26544938,26544938,N,KAKAO_LOCAL_API
KKO_SUWON_038,SUWON,수원 KT 위즈 파크,음식점,FD6,쉬림프쉐프,음식점 > 중식,경기 수원시 장안구 경수대로 893,127.010038315098,37.3003843836228,305,,http://place.map.kakao.com/2039964094,2039964094,N,KAKAO_LOCAL_API
KKO_SUWON_039,SUWON,수원 KT 위즈 파크,음식점,FD6,땅땅치킨 수원KT위즈경기장점,음식점 > 치킨 > 땅땅치킨,경기 수원시 장안구 경수대로 893,127.01010035408706,37.30041771669935,306,,http://place.map.kakao.com/1807511078,1807511078,N,KAKAO_LOCAL_API
KKO_SUWON_040,SUWON,수원 KT 위즈 파크,음식점,FD6,무진막창,"음식점 > 한식 > 육류,고기 > 곱창,막창",경기 수원시 장안구 조원로89번길 44-2,127.01397681342172,37.29967937338041,309,031-256-1116,http://place.map.kakao.com/434148258,434148258,N,KAKAO_LOCAL_API
KKO_SUWON_041,SUWON,수원 KT 위즈 파크,음식점,FD6,다래식당 장안구1호점,"음식점 > 한식 > 찌개,전골",경기 수원시 장안구 송정로168번길 2,127.01488216594134,37.29793755875656,313,031-244-9244,http://place.map.kakao.com/1503139583,1503139583,N,KAKAO_LOCAL_API
KKO_SUWON_042,SUWON,수원 KT 위즈 파크,음식점,FD6,달달구링 조원점,음식점 > 간식 > 아이스크림,경기 수원시 장안구 송정로168번길 2,127.014896814846,37.2978699791495,314,031-247-7588,http://place.map.kakao.com/1206758042,1206758042,N,KAKAO_LOCAL_API
KKO_SUWON_043,SUWON,수원 KT 위즈 파크,음식점,FD6,사랑이네베트남쌀국수,음식점 > 아시아음식 > 동남아음식 > 베트남음식,경기 수원시 장안구 조원로89번길 44-2,127.014023064775,37.2997217166351,316,010-3122-7457,http://place.map.kakao.com/1377845337,1377845337,N,KAKAO_LOCAL_API
KKO_SUWON_044,SUWON,수원 KT 위즈 파크,음식점,FD6,샐러리아 KT위즈파크점,음식점 > 샐러드 > 샐러리아,경기 수원시 장안구 경수대로 893,127.00987477799902,37.300449272016415,317,,http://place.map.kakao.com/952631957,952631957,N,KAKAO_LOCAL_API
KKO_SUWON_045,SUWON,수원 KT 위즈 파크,음식점,FD6,뉴욕양꼬치,음식점 > 중식 > 양꼬치,경기 수원시 장안구 경수대로 893,127.00910212180214,37.300087117233204,318,,http://place.map.kakao.com/155348632,155348632,N,KAKAO_LOCAL_API
KKO_SUWON_046,SUWON,수원 KT 위즈 파크,카페,CE7,카페 퐁낭,음식점 > 카페,경기 수원시 장안구 송정로138번길 4,127.01211639336198,37.29637908001408,176,,http://place.map.kakao.com/889509584,889509584,N,KAKAO_LOCAL_API
KKO_SUWON_047,SUWON,수원 KT 위즈 파크,카페,CE7,한경다방,음식점 > 카페 > 다방,경기 수원시 장안구 송정로 128,127.0111012952449,37.29609715491827,194,,http://place.map.kakao.com/25958571,25958571,N,KAKAO_LOCAL_API
KKO_SUWON_048,SUWON,수원 KT 위즈 파크,카페,CE7,솜씨케이크,음식점 > 카페,경기 수원시 장안구 송정로150번길 9,127.01348340645893,37.296771784395084,223,031-241-8896,http://place.map.kakao.com/140026956,140026956,N,KAKAO_LOCAL_API
KKO_SUWON_049,SUWON,수원 KT 위즈 파크,카페,CE7,서동진의커피랩 본점,음식점 > 카페,경기 수원시 장안구 경수대로878번길 10-24,127.01413892127218,37.29803225877123,248,031-244-9001,http://place.map.kakao.com/24371612,24371612,N,KAKAO_LOCAL_API
KKO_SUWON_050,SUWON,수원 KT 위즈 파크,카페,CE7,반해요,음식점 > 카페,경기 수원시 장안구 송정로167번길 3,127.014653238564,37.2980871594582,294,,http://place.map.kakao.com/1769438155,1769438155,N,KAKAO_LOCAL_API
KKO_SUWON_051,SUWON,수원 KT 위즈 파크,카페,CE7,이구커피,음식점 > 카페,경기 수원시 장안구 경수대로847번길 17,127.013921991826,37.2959743156845,308,,http://place.map.kakao.com/695057127,695057127,N,KAKAO_LOCAL_API
KKO_SUWON_052,SUWON,수원 KT 위즈 파크,카페,CE7,카페그라운드,음식점 > 카페,경기 수원시 장안구 경수대로847번길 8,127.01436079934125,37.29639414660627,311,031-255-7966,http://place.map.kakao.com/1005457315,1005457315,N,KAKAO_LOCAL_API
KKO_SUWON_053,SUWON,수원 KT 위즈 파크,카페,CE7,메가MGC커피 수원국민체육센터점,음식점 > 카페 > 커피전문점 > 메가MGC커피,경기 수원시 장안구 송원로14번길 52,127.00834601574915,37.296325343701014,314,031-548-2175,http://place.map.kakao.com/429651711,429651711,N,KAKAO_LOCAL_API
KKO_SUWON_054,SUWON,수원 KT 위즈 파크,카페,CE7,빅카페 3루점,음식점 > 카페,경기 수원시 장안구 경수대로 893,127.009936813176,37.3004537720073,315,,http://place.map.kakao.com/276765470,276765470,N,KAKAO_LOCAL_API
KKO_SUWON_055,SUWON,수원 KT 위즈 파크,카페,CE7,요거트아이스크림의정석 수원야구장3루점,음식점 > 카페 > 테마카페 > 디저트카페 > 요거트아이스크림의정석,경기 수원시 장안구 경수대로 893,127.01020526592903,37.30054385282385,316,,http://place.map.kakao.com/697467634,697467634,N,KAKAO_LOCAL_API
KKO_SUWON_056,SUWON,수원 KT 위즈 파크,카페,CE7,청화다방,음식점 > 카페 > 다방,경기 수원시 장안구 조원로89번길 39,127.0141730581685,37.29963610027994,320,031-243-3282,http://place.map.kakao.com/21655006,21655006,N,KAKAO_LOCAL_API
KKO_SUWON_057,SUWON,수원 KT 위즈 파크,카페,CE7,우이쿠키,음식점 > 카페 > 테마카페 > 디저트카페,경기 수원시 장안구 송정로 83,127.00828057545107,37.29609197964844,333,0507-1429-8184,http://place.map.kakao.com/545834334,545834334,N,KAKAO_LOCAL_API
KKO_SUWON_058,SUWON,수원 KT 위즈 파크,카페,CE7,빅카페 1루점,음식점 > 카페,경기 수원시 장안구 경수대로 893,127.00895325072867,37.30018173743741,335,,http://place.map.kakao.com/1294199765,1294199765,N,KAKAO_LOCAL_API
KKO_SUWON_059,SUWON,수원 KT 위즈 파크,카페,CE7,정지영커피로스터즈 KT위즈파크점,음식점 > 카페,경기 수원시 장안구 경수대로 893,127.00881789271584,37.3000934460174,335,,http://place.map.kakao.com/1947941904,1947941904,N,KAKAO_LOCAL_API
KKO_SUWON_060,SUWON,수원 KT 위즈 파크,카페,CE7,키다리아저씨,음식점 > 카페,경기 수원시 장안구 정조로 988,127.00994624304748,37.29497636715767,341,,http://place.map.kakao.com/27510656,27510656,N,KAKAO_LOCAL_API
KKO_SUWON_061,SUWON,수원 KT 위즈 파크,카페,CE7,한입과일 장안점,음식점 > 카페 > 생과일전문점,경기 수원시 장안구 수성로381번길 20,127.013229343848,37.29507515985,349,031-890-9191,http://place.map.kakao.com/1223649576,1223649576,N,KAKAO_LOCAL_API
KKO_SUWON_062,SUWON,수원 KT 위즈 파크,카페,CE7,카페머그,음식점 > 카페,경기 수원시 장안구 송원로14번길 42,127.00784413398584,37.29639295582944,349,0502-5551-9394,http://place.map.kakao.com/20954792,20954792,N,KAKAO_LOCAL_API
KKO_SUWON_063,SUWON,수원 KT 위즈 파크,카페,CE7,두부랑놀개,음식점 > 카페 > 테마카페 > 애견카페,경기 수원시 장안구 송원로14번길 42,127.007751650657,37.2963893577636,357,0507-1333-6371,http://place.map.kakao.com/13457196,13457196,N,KAKAO_LOCAL_API
KKO_SUWON_064,SUWON,수원 KT 위즈 파크,카페,CE7,디아즈 북수원점,음식점 > 카페,경기 수원시 장안구 경수대로 910,127.01054934780657,37.30105561141648,363,031-255-0712,http://place.map.kakao.com/1039808824,1039808824,N,KAKAO_LOCAL_API
KKO_SUWON_065,SUWON,수원 KT 위즈 파크,카페,CE7,유캔두잇 수원정자점,음식점 > 카페 > 커피전문점 > 유캔두잇,경기 수원시 장안구 송정로104번길 2,127.00833463167581,37.2953675418527,382,031-548-0858,http://place.map.kakao.com/395201030,395201030,N,KAKAO_LOCAL_API
KKO_SUWON_066,SUWON,수원 KT 위즈 파크,카페,CE7,시간여행,음식점 > 카페,경기 수원시 장안구 송정로 174-1,127.015642411768,37.2982537246947,383,010-5389-5917,http://place.map.kakao.com/211579705,211579705,N,KAKAO_LOCAL_API
KKO_SUWON_067,SUWON,수원 KT 위즈 파크,카페,CE7,브루테일,음식점 > 카페,경기 수원시 장안구 영화로86번길 46,127.00841355137375,37.2951152457863,398,,http://place.map.kakao.com/1220291663,1220291663,N,KAKAO_LOCAL_API
KKO_SUWON_068,SUWON,수원 KT 위즈 파크,카페,CE7,세라젬 웰라운지 수원조원직영점,음식점 > 카페 > 테마카페,경기 수원시 장안구 경수대로 914,127.01027530807146,37.30136829519758,402,031-8019-8225,http://place.map.kakao.com/1945071378,1945071378,N,KAKAO_LOCAL_API
KKO_SUWON_069,SUWON,수원 KT 위즈 파크,카페,CE7,감성커피 수원장안점,음식점 > 카페 > 커피전문점 > 감성커피,경기 수원시 장안구 정조로 979,127.00980067877958,37.29439430907426,406,031-258-0436,http://place.map.kakao.com/143524679,143524679,N,KAKAO_LOCAL_API
KKO_SUWON_070,SUWON,수원 KT 위즈 파크,카페,CE7,더벤티 수원송죽점,음식점 > 카페 > 커피전문점 > 더벤티,경기 수원시 장안구 송원로 39,127.00701317242597,37.299163696797976,411,070-7537-1275,http://place.map.kakao.com/1698788223,1698788223,N,KAKAO_LOCAL_API
KKO_SUWON_071,SUWON,수원 KT 위즈 파크,카페,CE7,쉬어가다,음식점 > 카페,경기 수원시 장안구 송원로59번길 4,127.00827317717031,37.30062599798066,412,070-7755-6062,http://place.map.kakao.com/166510418,166510418,N,KAKAO_LOCAL_API
KKO_SUWON_072,SUWON,수원 KT 위즈 파크,카페,CE7,오층 커피랩,음식점 > 카페,경기 수원시 장안구 송원로59번길 4,127.008265282038,37.3006278006154,412,,http://place.map.kakao.com/734536344,734536344,N,KAKAO_LOCAL_API
KKO_SUWON_073,SUWON,수원 KT 위즈 파크,카페,CE7,카페그리닝샌드위치 샐러드 수원정자점,음식점 > 카페,경기 수원시 장안구 정조로 979,127.00987961023999,37.29427716763199,416,031-546-2732,http://place.map.kakao.com/1925101597,1925101597,N,KAKAO_LOCAL_API
KKO_SUWON_074,SUWON,수원 KT 위즈 파크,카페,CE7,르그레인,음식점 > 카페,경기 수원시 장안구 송원로 20,127.006565224191,37.2971048530357,431,,http://place.map.kakao.com/1522663678,1522663678,N,KAKAO_LOCAL_API
KKO_SUWON_075,SUWON,수원 KT 위즈 파크,카페,CE7,요거트아이스크림의정석 장안KT위즈파크,음식점 > 카페 > 테마카페 > 디저트카페 > 요거트아이스크림의정석,경기 수원시 장안구 송정로187번길 75,127.01360264667099,37.301304886985854,433,010-3927-1925,http://place.map.kakao.com/208905157,208905157,N,KAKAO_LOCAL_API
KKO_SUWON_076,SUWON,수원 KT 위즈 파크,카페,CE7,웨이스테이션,음식점 > 카페,경기 수원시 장안구 송정로187번길 71-2,127.013767309018,37.3012327850279,433,,http://place.map.kakao.com/1732138998,1732138998,N,KAKAO_LOCAL_API
KKO_SUWON_077,SUWON,수원 KT 위즈 파크,카페,CE7,하스펠,음식점 > 카페,경기 수원시 장안구 경수대로927번길 35,127.00759415611978,37.30039988331167,437,031-241-0915,http://place.map.kakao.com/1512068494,1512068494,N,KAKAO_LOCAL_API
KKO_SUWON_078,SUWON,수원 KT 위즈 파크,카페,CE7,윤바커피,음식점 > 카페,경기 수원시 장안구 조원로89번길 13,127.015320236786,37.3002036104549,439,,http://place.map.kakao.com/1165866894,1165866894,N,KAKAO_LOCAL_API
KKO_SUWON_079,SUWON,수원 KT 위즈 파크,카페,CE7,메가MGC커피 장안구청사거리점,음식점 > 카페 > 커피전문점 > 메가MGC커피,경기 수원시 장안구 송원로 69,127.008706360505,37.3012170468746,441,031-241-7771,http://place.map.kakao.com/1632952364,1632952364,N,KAKAO_LOCAL_API
KKO_SUWON_080,SUWON,수원 KT 위즈 파크,카페,CE7,스타벅스 수원종합운동장점,음식점 > 카페 > 커피전문점 > 스타벅스,경기 수원시 장안구 송원로 71,127.00888796488879,37.301305334961356,441,1522-3232,http://place.map.kakao.com/1765846179,1765846179,N,KAKAO_LOCAL_API
KKO_SUWON_081,SUWON,수원 KT 위즈 파크,카페,CE7,브라더앤시스터,음식점 > 카페,경기 수원시 장안구 정조로 970,127.010798708549,37.29381305299076,449,,http://place.map.kakao.com/1839328355,1839328355,N,KAKAO_LOCAL_API
KKO_SUWON_082,SUWON,수원 KT 위즈 파크,카페,CE7,룽고디저트카페,음식점 > 카페,경기 수원시 장안구 송정로90번길 3,127.0071955406348,37.295502772179695,450,,http://place.map.kakao.com/1213668205,1213668205,N,KAKAO_LOCAL_API
KKO_SUWON_083,SUWON,수원 KT 위즈 파크,카페,CE7,요거저거,음식점 > 카페 > 테마카페 > 디저트카페,경기 수원시 장안구 송원로59번길 15,127.00763027898336,37.300697223063985,457,,http://place.map.kakao.com/1156017427,1156017427,N,KAKAO_LOCAL_API
KKO_SUWON_084,SUWON,수원 KT 위즈 파크,카페,CE7,마누알레,음식점 > 카페,경기 수원시 장안구 송원로41번길 14,127.0065756012992,37.29970614605904,470,,http://place.map.kakao.com/551004822,551004822,N,KAKAO_LOCAL_API
KKO_SUWON_085,SUWON,수원 KT 위즈 파크,카페,CE7,투썸플레이스 수원송죽점,음식점 > 카페 > 커피전문점 > 투썸플레이스,경기 수원시 장안구 송원로 25,127.00603068705843,37.297913111729706,471,031-244-3371,http://place.map.kakao.com/323941387,323941387,N,KAKAO_LOCAL_API
KKO_SUWON_086,SUWON,수원 KT 위즈 파크,카페,CE7,성지다방,음식점 > 카페 > 다방,경기 수원시 장안구 정조로 966,127.01102648098177,37.293513887503956,481,,http://place.map.kakao.com/1117700745,1117700745,N,KAKAO_LOCAL_API
KKO_SUWON_087,SUWON,수원 KT 위즈 파크,카페,CE7,브라운필 수원1호점,음식점 > 카페,경기 수원시 장안구 송원로 20,127.00597648886456,37.29714543090848,482,031-546-0540,http://place.map.kakao.com/1910374123,1910374123,N,KAKAO_LOCAL_API
KKO_SUWON_088,SUWON,수원 KT 위즈 파크,카페,CE7,스타벅스 수원조원DT점,음식점 > 카페 > 커피전문점 > 스타벅스,경기 수원시 장안구 경수대로 831,127.015770359013,37.295237035293,487,1522-3232,http://place.map.kakao.com/812118501,812118501,N,KAKAO_LOCAL_API
KKO_SUWON_089,SUWON,수원 KT 위즈 파크,카페,CE7,카페스몰,음식점 > 카페,경기 수원시 장안구 경수대로927번길 12-4,127.00815822379205,37.30148559480575,493,010-9016-6671,http://place.map.kakao.com/850380760,850380760,N,KAKAO_LOCAL_API
KKO_SUWON_090,SUWON,수원 KT 위즈 파크,카페,CE7,언더기,음식점 > 카페 > 커피전문점,경기 수원시 장안구 송정로182번길 24,127.016917912016,37.2977210364047,494,070-8620-3711,http://place.map.kakao.com/283389516,283389516,N,KAKAO_LOCAL_API
KKO_SUWON_091,SUWON,수원 KT 위즈 파크,관광명소,AT4,송죽솔대골목형상점가,"여행 > 관광,명소 > 테마거리",경기 수원시 장안구 송원로59번길 8,127.008014900597,37.3007530619095,437,,http://place.map.kakao.com/65880618,65880618,N,KAKAO_LOCAL_API
KKO_SUWON_092,SUWON,수원 KT 위즈 파크,관광명소,AT4,대추나무골 골목형상점가,"여행 > 관광,명소 > 테마거리",경기 수원시 장안구 조원동 788,127.014629397727,37.3031068371931,652,,http://place.map.kakao.com/65836678,65836678,N,KAKAO_LOCAL_API
KKO_SUWON_093,SUWON,수원 KT 위즈 파크,관광명소,AT4,만석공원 만석거,"여행 > 관광,명소 > 저수지",경기 수원시 장안구 송죽동 414,127.000956453782,37.2999180684856,949,,http://place.map.kakao.com/17807777,17807777,N,KAKAO_LOCAL_API
KKO_SUWON_094,SUWON,수원 KT 위즈 파크,관광명소,AT4,송죽만석골목형상점가,"여행 > 관광,명소 > 테마거리",경기 수원시 장안구 정조로 1104,127.001839676252,37.3032753197989,1036,,http://place.map.kakao.com/65956950,65956950,N,KAKAO_LOCAL_API
KKO_SUWON_095,SUWON,수원 KT 위즈 파크,관광명소,AT4,수원팔색길 모수길,"여행 > 관광,명소 > 도보여행 > 수원팔색길",경기 수원시 장안구 영화동 381-53,127.01751121302507,37.28818887183258,1202,,http://place.map.kakao.com/27598166,27598166,N,KAKAO_LOCAL_API
KKO_SUWON_096,SUWON,수원 KT 위즈 파크,관광명소,AT4,효도자기아트,"여행 > 관광,명소 > 도자기,도예촌",경기 수원시 장안구 연무로 53,127.02552163477,37.2955687181584,1281,010-3923-7741,http://place.map.kakao.com/1185760495,1185760495,N,KAKAO_LOCAL_API
KKO_SUWON_097,SUWON,수원 KT 위즈 파크,관광명소,AT4,수원팔색길 효행길,"여행 > 관광,명소 > 도보여행 > 수원팔색길",경기 수원시 팔달구 북수동,127.01541775501111,37.28616723234612,1345,,http://place.map.kakao.com/27598198,27598198,N,KAKAO_LOCAL_API
KKO_SUWON_098,SUWON,수원 KT 위즈 파크,관광명소,AT4,수원팔색길 화성성곽길,"여행 > 관광,명소 > 도보여행 > 수원팔색길",경기 수원시 장안구 연무동,127.0187965332498,37.28706778274413,1366,,http://place.map.kakao.com/26564541,26564541,N,KAKAO_LOCAL_API
KKO_SUWON_099,SUWON,수원 KT 위즈 파크,관광명소,AT4,행리단길,"여행 > 관광,명소 > 테마거리",경기 수원시 팔달구 신풍동 27-2,127.014127546851,37.2854573747618,1396,,http://place.map.kakao.com/338128637,338128637,N,KAKAO_LOCAL_API
KKO_SUWON_100,SUWON,수원 KT 위즈 파크,관광명소,AT4,화서문점집골목,"여행 > 관광,명소 > 테마거리",경기 수원시 팔달구 신풍동 345,127.012084137182,37.2850971854371,1415,,http://place.map.kakao.com/27511915,27511915,N,KAKAO_LOCAL_API
KKO_SUWON_101,SUWON,수원 KT 위즈 파크,관광명소,AT4,수원라이프스포츠 워터파크,"여행 > 관광,명소 > 테마파크 > 워터테마파크",경기 수원시 장안구 대평로90번길 19,126.993747184586,37.2971787550058,1562,031-268-4000,http://place.map.kakao.com/25102245,25102245,N,KAKAO_LOCAL_API
KKO_SUWON_102,SUWON,수원 KT 위즈 파크,관광명소,AT4,연무골목형상점가,"여행 > 관광,명소 > 테마거리",경기 수원시 장안구 연무동 8-3,127.029888636896,37.2985447224986,1645,,http://place.map.kakao.com/77478029,77478029,N,KAKAO_LOCAL_API
KKO_SUWON_103,SUWON,수원 KT 위즈 파크,관광명소,AT4,화성행궁 노래당,"여행 > 관광,명소 > 문화유적 > 고궁,궁",경기 수원시 팔달구 신풍로 15,127.01292264595,37.2822930629981,1731,,http://place.map.kakao.com/1765195558,1765195558,N,KAKAO_LOCAL_API
KKO_SUWON_104,SUWON,수원 KT 위즈 파크,관광명소,AT4,광교저수지,"여행 > 관광,명소 > 저수지",경기 수원시 장안구 하광교동 447,127.02853807770109,37.30618944772443,1783,,http://place.map.kakao.com/11034070,11034070,N,KAKAO_LOCAL_API
KKO_SUWON_105,SUWON,수원 KT 위즈 파크,관광명소,AT4,화성행궁,"여행 > 관광,명소 > 문화유적 > 고궁,궁",경기 수원시 팔달구 정조로 825,127.014041185109,37.2819144990562,1783,031-290-3600,http://place.map.kakao.com/8175657,8175657,N,KAKAO_LOCAL_API
KKO_SUWON_106,SUWON,수원 KT 위즈 파크,관광명소,AT4,화서도시숲,"여행 > 관광,명소 > 숲",경기 수원시 팔달구 화서동 79-9,127.003867802754,37.2828793807445,1787,,http://place.map.kakao.com/2059450892,2059450892,N,KAKAO_LOCAL_API
KKO_SUWON_107,SUWON,수원 KT 위즈 파크,관광명소,AT4,화성행궁 경룡관,"여행 > 관광,명소 > 문화유적 > 고궁,궁",경기 수원시 팔달구 정조로 825,127.013136806479,37.2817794469592,1789,,http://place.map.kakao.com/1766114646,1766114646,N,KAKAO_LOCAL_API
KKO_SUWON_108,SUWON,수원 KT 위즈 파크,관광명소,AT4,숙지산,"여행 > 관광,명소 > 산",경기 수원시 팔달구 화서동 산 11-1,127.00130807091502,37.28341915921735,1831,,http://place.map.kakao.com/7958338,7958338,N,KAKAO_LOCAL_API
KKO_SUWON_109,SUWON,수원 KT 위즈 파크,관광명소,AT4,광교마루길,"여행 > 관광,명소 > 테마거리",경기 수원시 장안구 하광교동,127.031979036898,37.3022744675917,1894,,http://place.map.kakao.com/27610056,27610056,N,KAKAO_LOCAL_API
KKO_SUWON_110,SUWON,수원 KT 위즈 파크,관광명소,AT4,팔달산,"여행 > 관광,명소 > 산",경기 수원시 팔달구 남창동 55-24,127.00991166804761,37.28073455507732,1902,,http://place.map.kakao.com/25386948,25386948,N,KAKAO_LOCAL_API
KKO_SUWON_111,SUWON,수원 KT 위즈 파크,관광명소,AT4,화서1동골목형상점가,"여행 > 관광,명소 > 테마거리",경기 수원시 팔달구 팔달로 109-2,127.004229601258,37.2797752871871,2102,,http://place.map.kakao.com/42532265,42532265,N,KAKAO_LOCAL_API
KKO_SUWON_112,SUWON,수원 KT 위즈 파크,관광명소,AT4,수원통닭거리,"여행 > 관광,명소 > 테마거리 > 먹자골목",경기 수원시 팔달구 남수동 158-2,127.0177516366243,37.27952174062038,2111,,http://place.map.kakao.com/20810049,20810049,N,KAKAO_LOCAL_API
KKO_SUWON_113,SUWON,수원 KT 위즈 파크,관광명소,AT4,수원공방거리,"여행 > 관광,명소 > 테마거리",경기 수원시 팔달구 남창동,127.015335023514,37.2785877000022,2165,,http://place.map.kakao.com/27445985,27445985,N,KAKAO_LOCAL_API
KKO_SUWON_114,SUWON,수원 KT 위즈 파크,관광명소,AT4,수원팔색길 지게길,"여행 > 관광,명소 > 도보여행 > 수원팔색길",경기 수원시 장안구 하광교동 440-52,127.01638531767252,37.3173898156064,2215,,http://place.map.kakao.com/27598175,27598175,N,KAKAO_LOCAL_API
KKO_SUWON_115,SUWON,수원 KT 위즈 파크,관광명소,AT4,화서역먹자골목,"여행 > 관광,명소 > 테마거리 > 먹자골목",경기 수원시 팔달구 화서동 697,126.988984571545,37.2873246575744,2300,,http://place.map.kakao.com/27469648,27469648,N,KAKAO_LOCAL_API
KKO_SUWON_116,SUWON,수원 KT 위즈 파크,관광명소,AT4,아뜰리에테라,"여행 > 관광,명소 > 도자기,도예촌",경기 수원시 팔달구 수원천로255번길 6,127.01857423093,37.2773005509051,2368,010-7452-6635,http://place.map.kakao.com/571395425,571395425,N,KAKAO_LOCAL_API
KKO_DAEJEON_001,DAEJEON,대전 한화생명 볼파크,음식점,FD6,스플래쉬,음식점,대전 중구 대종로 373,127.428013711604,36.3173369110214,0,,http://place.map.kakao.com/1073758519,1073758519,Y,KAKAO_LOCAL_API
KKO_DAEJEON_002,DAEJEON,대전 한화생명 볼파크,음식점,FD6,선비꼬마김밥 대전야구장점,음식점 > 분식 > 선비꼬마김밥,대전 중구 대종로 373,127.42845719690747,36.31738939297825,40,,http://place.map.kakao.com/1442095837,1442095837,Y,KAKAO_LOCAL_API
KKO_DAEJEON_003,DAEJEON,대전 한화생명 볼파크,음식점,FD6,황제돈까스,"음식점 > 일식 > 돈까스,우동",대전 중구 충무로 100,127.42814772147266,36.31781405561781,54,042-526-6868,http://place.map.kakao.com/26098804,26098804,N,KAKAO_LOCAL_API
KKO_DAEJEON_004,DAEJEON,대전 한화생명 볼파크,음식점,FD6,하나칼국수,음식점 > 한식 > 국수 > 칼국수,대전 중구 충무로 94,127.42746707940758,36.3175641615999,55,042-252-3148,http://place.map.kakao.com/10001481,10001481,N,KAKAO_LOCAL_API
KKO_DAEJEON_005,DAEJEON,대전 한화생명 볼파크,음식점,FD6,호야네 한식뷔페,음식점 > 뷔페 > 한식뷔페,대전 중구 충무로 100-1,127.428244634657,36.3178200167385,57,042-221-1477,http://place.map.kakao.com/273303995,273303995,N,KAKAO_LOCAL_API
KKO_DAEJEON_006,DAEJEON,대전 한화생명 볼파크,음식점,FD6,호야김밥,음식점 > 분식,대전 중구 충무로 100-1,127.428239091561,36.317824542463,57,,http://place.map.kakao.com/913754831,913754831,N,KAKAO_LOCAL_API
KKO_DAEJEON_007,DAEJEON,대전 한화생명 볼파크,음식점,FD6,신토불이추어탕 민물장어전문점,"음식점 > 한식 > 해물,생선 > 장어",대전 중구 충무로92번길 2,127.427236931884,36.3174262029413,70,042-252-3555,http://place.map.kakao.com/10610743,10610743,N,KAKAO_LOCAL_API
KKO_DAEJEON_008,DAEJEON,대전 한화생명 볼파크,음식점,FD6,한우엄니곰탕,음식점 > 한식 > 곰탕,대전 중구 충무로 102-1,127.428415397094,36.3178905979423,71,042-222-6366,http://place.map.kakao.com/1040417433,1040417433,N,KAKAO_LOCAL_API
KKO_DAEJEON_009,DAEJEON,대전 한화생명 볼파크,음식점,FD6,최강오리,"음식점 > 한식 > 육류,고기 > 오리",대전 중구 충무로 104,127.428491281193,36.3179200648122,77,042-710-5292,http://place.map.kakao.com/1035285815,1035285815,N,KAKAO_LOCAL_API
KKO_DAEJEON_010,DAEJEON,대전 한화생명 볼파크,음식점,FD6,만년닭강정 대전야구장점,음식점 > 간식 > 닭강정,대전 중구 충무로 104-1,127.42856600740544,36.317941425230316,83,042-226-9925,http://place.map.kakao.com/437598032,437598032,N,KAKAO_LOCAL_API
KKO_DAEJEON_011,DAEJEON,대전 한화생명 볼파크,음식점,FD6,예당본가,"음식점 > 한식 > 해물,생선 > 매운탕,해물탕",대전 중구 충무로 90,127.427077356085,36.3173645918597,84,042-242-7007,http://place.map.kakao.com/1788063891,1788063891,N,KAKAO_LOCAL_API
KKO_DAEJEON_012,DAEJEON,대전 한화생명 볼파크,음식점,FD6,복수분식 본점,음식점 > 분식,대전 중구 충무로 95,127.4275363182868,36.31800819488081,86,042-223-6518,http://place.map.kakao.com/1695398520,1695398520,N,KAKAO_LOCAL_API
KKO_DAEJEON_013,DAEJEON,대전 한화생명 볼파크,음식점,FD6,독도하면,"음식점 > 한식 > 해물,생선",대전 중구 충무로 104-2,127.428638560828,36.3179727063036,90,042-721-1025,http://place.map.kakao.com/2036937468,2036937468,N,KAKAO_LOCAL_API
KKO_DAEJEON_014,DAEJEON,대전 한화생명 볼파크,음식점,FD6,여수게장백반 본점,"음식점 > 한식 > 해물,생선 > 게,대게",대전 중구 충무로86번길 3,127.42692771394837,36.31728672387535,97,042-255-8090,http://place.map.kakao.com/9250960,9250960,N,KAKAO_LOCAL_API
KKO_DAEJEON_015,DAEJEON,대전 한화생명 볼파크,음식점,FD6,스테프핫도그 파이터즈파크점,음식점 > 패스트푸드 > 스테프핫도그,대전 중구 대종로 373,127.4290488237297,36.31785498248907,109,010-8573-0170,http://place.map.kakao.com/2048626070,2048626070,N,KAKAO_LOCAL_API
KKO_DAEJEON_016,DAEJEON,대전 한화생명 볼파크,음식점,FD6,남씨네떡,"음식점 > 간식 > 떡,한과",대전 중구 보문로162번길 48,127.428209401676,36.318504137218,130,042-255-2595,http://place.map.kakao.com/8885824,8885824,N,KAKAO_LOCAL_API
KKO_DAEJEON_017,DAEJEON,대전 한화생명 볼파크,음식점,FD6,다미치킨,음식점 > 치킨,대전 중구 충무로 110,127.42915294483689,36.318160108164584,137,,http://place.map.kakao.com/1657042263,1657042263,N,KAKAO_LOCAL_API
KKO_DAEJEON_018,DAEJEON,대전 한화생명 볼파크,음식점,FD6,또봉이통닭 대전대사동점,음식점 > 치킨 > 또봉이통닭,대전 중구 충무로 85,127.42651634303995,36.31760991304328,138,042-221-0660,http://place.map.kakao.com/1952151306,1952151306,N,KAKAO_LOCAL_API
KKO_DAEJEON_019,DAEJEON,대전 한화생명 볼파크,음식점,FD6,가마치통닭 대전보문점,음식점 > 치킨 > 가마치통닭,대전 중구 보문로 156,127.426379017563,36.317135481907,148,042-221-4979,http://place.map.kakao.com/601151448,601151448,N,KAKAO_LOCAL_API
KKO_DAEJEON_020,DAEJEON,대전 한화생명 볼파크,음식점,FD6,밀향,음식점 > 한식,대전 중구 보문로162번길 19,127.42671911090758,36.31824091535289,153,,http://place.map.kakao.com/573006400,573006400,N,KAKAO_LOCAL_API
KKO_DAEJEON_021,DAEJEON,대전 한화생명 볼파크,음식점,FD6,야구장왕돈까스,"음식점 > 일식 > 돈까스,우동",대전 중구 충무로 112,127.429330454394,36.3182423791453,155,042-242-0700,http://place.map.kakao.com/1252717434,1252717434,N,KAKAO_LOCAL_API
KKO_DAEJEON_022,DAEJEON,대전 한화생명 볼파크,음식점,FD6,민선에프앤드씨,음식점 > 분식,대전 중구 대종로 373,127.42974426764857,36.31755419439228,157,,http://place.map.kakao.com/21548248,21548248,N,KAKAO_LOCAL_API
KKO_DAEJEON_023,DAEJEON,대전 한화생명 볼파크,음식점,FD6,옛날소머리국밥,음식점 > 한식 > 국밥,대전 중구 충무로 112,127.429366157314,36.3182548674037,158,042-255-2900,http://place.map.kakao.com/26823830,26823830,N,KAKAO_LOCAL_API
KKO_DAEJEON_024,DAEJEON,대전 한화생명 볼파크,음식점,FD6,오거리식당,음식점 > 한식,대전 중구 보문로162번길 15,127.42649144998356,36.31815070882396,163,042-721-9933,http://place.map.kakao.com/21533256,21533256,N,KAKAO_LOCAL_API
KKO_DAEJEON_025,DAEJEON,대전 한화생명 볼파크,음식점,FD6,친구만들기,"음식점 > 술집 > 호프,요리주점",대전 중구 보문로 149,127.42642972293035,36.316426974774934,174,042-253-4734,http://place.map.kakao.com/9962566,9962566,N,KAKAO_LOCAL_API
KKO_DAEJEON_026,DAEJEON,대전 한화생명 볼파크,음식점,FD6,다전우렁쌈밥,음식점 > 한식 > 쌈밥,대전 중구 보문로 168-12,127.426292295738,36.3181829604737,181,042-242-5989,http://place.map.kakao.com/8845874,8845874,N,KAKAO_LOCAL_API
KKO_DAEJEON_027,DAEJEON,대전 한화생명 볼파크,음식점,FD6,고향칼국수,음식점 > 한식 > 국수 > 칼국수,대전 중구 보문로162번길 62,127.42898616621223,36.31881676448409,186,042-252-8587,http://place.map.kakao.com/16483546,16483546,N,KAKAO_LOCAL_API
KKO_DAEJEON_028,DAEJEON,대전 한화생명 볼파크,음식점,FD6,교촌치킨 대사부사점,음식점 > 치킨 > 교촌치킨,대전 중구 충무로 116,127.429749971836,36.3183904672416,194,042-254-9777,http://place.map.kakao.com/17610280,17610280,N,KAKAO_LOCAL_API
KKO_DAEJEON_029,DAEJEON,대전 한화생명 볼파크,음식점,FD6,일단한번가보자식당,음식점 > 한식,대전 중구 보문로 141,127.426774098206,36.3158670150921,197,042-252-6850,http://place.map.kakao.com/18777303,18777303,N,KAKAO_LOCAL_API
KKO_DAEJEON_030,DAEJEON,대전 한화생명 볼파크,음식점,FD6,별뜨는집,음식점 > 한식,대전 중구 보문로162번길 66,127.429133541725,36.3188865273908,199,042-222-3838,http://place.map.kakao.com/9071008,9071008,N,KAKAO_LOCAL_API
KKO_DAEJEON_031,DAEJEON,대전 한화생명 볼파크,음식점,FD6,고단백식당,음식점 > 한식 > 국수,대전 중구 충무로92번길 50,127.42849182496741,36.31557790016492,199,042-257-3681,http://place.map.kakao.com/10159821,10159821,N,KAKAO_LOCAL_API
KKO_DAEJEON_032,DAEJEON,대전 한화생명 볼파크,음식점,FD6,사계절식당,음식점 > 한식,대전 중구 보문로 166,127.425912432442,36.3179536128838,200,042-825-0409,http://place.map.kakao.com/18513338,18513338,N,KAKAO_LOCAL_API
KKO_DAEJEON_033,DAEJEON,대전 한화생명 볼파크,음식점,FD6,보이네포차,음식점 > 술집 > 실내포장마차,대전 중구 충무로 115,127.42953381130792,36.31877334365799,209,042-224-2225,http://place.map.kakao.com/1491833401,1491833401,N,KAKAO_LOCAL_API
KKO_DAEJEON_034,DAEJEON,대전 한화생명 볼파크,음식점,FD6,극동제과,"음식점 > 간식 > 제과,베이커리",대전 중구 충무로 73,127.425641593921,36.317294914996,213,042-226-6796,http://place.map.kakao.com/10223000,10223000,N,KAKAO_LOCAL_API
KKO_DAEJEON_035,DAEJEON,대전 한화생명 볼파크,음식점,FD6,단풍나무집,음식점 > 한식 > 한정식,대전 중구 보문로162번길 70,127.429329845128,36.318943497901,213,042-253-6946,http://place.map.kakao.com/440645680,440645680,N,KAKAO_LOCAL_API
KKO_DAEJEON_036,DAEJEON,대전 한화생명 볼파크,음식점,FD6,처갓집양념치킨 대흥대사점,음식점 > 치킨 > 처갓집양념치킨,대전 중구 충무로 73,127.425631831716,36.3173427122126,214,042-254-9942,http://place.map.kakao.com/1786651079,1786651079,N,KAKAO_LOCAL_API
KKO_DAEJEON_037,DAEJEON,대전 한화생명 볼파크,음식점,FD6,시민숯불갈비 보문점,"음식점 > 한식 > 육류,고기 > 갈비",대전 중구 충무로 76-1,127.42568178193245,36.31690366041501,214,0503-7153-1911,http://place.map.kakao.com/308198323,308198323,N,KAKAO_LOCAL_API
KKO_DAEJEON_038,DAEJEON,대전 한화생명 볼파크,음식점,FD6,조은기사식당,음식점 > 기사식당,대전 중구 충무로 118-1,127.430022233891,36.3184904200666,221,042-221-7787,http://place.map.kakao.com/1754591365,1754591365,N,KAKAO_LOCAL_API
KKO_DAEJEON_039,DAEJEON,대전 한화생명 볼파크,음식점,FD6,대전식당,음식점 > 한식,대전 중구 보문로 163-1,127.42556502254816,36.31754841875416,221,042-254-8590,http://place.map.kakao.com/11007325,11007325,N,KAKAO_LOCAL_API
KKO_DAEJEON_040,DAEJEON,대전 한화생명 볼파크,음식점,FD6,싸다족발공장,"음식점 > 한식 > 육류,고기 > 족발,보쌈",대전 중구 보문로 163-1,127.42554839285266,36.31756199560703,222,042-257-3403,http://place.map.kakao.com/853024750,853024750,N,KAKAO_LOCAL_API
KKO_DAEJEON_041,DAEJEON,대전 한화생명 볼파크,음식점,FD6,보문산손수제비,음식점 > 한식 > 수제비,대전 중구 보문산공원로 549,127.42563207391694,36.31636313032134,239,042-222-6563,http://place.map.kakao.com/877039793,877039793,N,KAKAO_LOCAL_API
KKO_DAEJEON_042,DAEJEON,대전 한화생명 볼파크,음식점,FD6,지짐이시집가는날,음식점 > 한식,대전 중구 보문산공원로 547,127.42562825811812,36.316275729560715,244,042-222-6692,http://place.map.kakao.com/20812211,20812211,N,KAKAO_LOCAL_API
KKO_DAEJEON_043,DAEJEON,대전 한화생명 볼파크,음식점,FD6,바로그집,음식점 > 분식,대전 중구 대종로 373,127.43072248281392,36.31643141020274,263,,http://place.map.kakao.com/1442034874,1442034874,N,KAKAO_LOCAL_API
KKO_DAEJEON_044,DAEJEON,대전 한화생명 볼파크,음식점,FD6,오성식당,"음식점 > 한식 > 육류,고기 > 오리",대전 중구 보문로162번길 82,127.4298966985044,36.31915323746966,263,042-253-7149,http://place.map.kakao.com/9950448,9950448,N,KAKAO_LOCAL_API
KKO_DAEJEON_045,DAEJEON,대전 한화생명 볼파크,음식점,FD6,반올림피자 1층 중앙,음식점 > 양식 > 피자 > 반올림피자,대전 중구 대종로 373,127.43076391638523,36.316473616287006,264,,http://place.map.kakao.com/1195177184,1195177184,N,KAKAO_LOCAL_API
KKO_DAEJEON_046,DAEJEON,대전 한화생명 볼파크,카페,CE7,이츠,음식점 > 카페,대전 중구 대사동 75-6,127.42755010571759,36.317066414239235,51,042-252-0234,http://place.map.kakao.com/1256429931,1256429931,N,KAKAO_LOCAL_API
KKO_DAEJEON_047,DAEJEON,대전 한화생명 볼파크,카페,CE7,샵커피집,음식점 > 카페,대전 중구 충무로 89,127.426931697445,36.3178129978041,110,,http://place.map.kakao.com/1764098607,1764098607,N,KAKAO_LOCAL_API
KKO_DAEJEON_048,DAEJEON,대전 한화생명 볼파크,카페,CE7,알랄라,음식점 > 카페,대전 중구 충무로 114,127.42958701684066,36.318322563433995,178,010-8888-8888,http://place.map.kakao.com/1977465613,1977465613,N,KAKAO_LOCAL_API
KKO_DAEJEON_049,DAEJEON,대전 한화생명 볼파크,카페,CE7,솔솔찻집,음식점 > 카페 > 전통찻집,대전 중구 보문로 166,127.425881837134,36.3178563946308,200,042-222-8172,http://place.map.kakao.com/1013091698,1013091698,N,KAKAO_LOCAL_API
KKO_DAEJEON_050,DAEJEON,대전 한화생명 볼파크,카페,CE7,띠울하늘카페,음식점 > 카페,대전 중구 보문산공원로 551,127.42554691842581,36.31667614245209,233,,http://place.map.kakao.com/236135299,236135299,N,KAKAO_LOCAL_API
KKO_DAEJEON_051,DAEJEON,대전 한화생명 볼파크,카페,CE7,카페162,음식점 > 카페,대전 중구 보문로162번길 78,127.42972832731,36.3191132898657,250,,http://place.map.kakao.com/1539989476,1539989476,N,KAKAO_LOCAL_API
KKO_DAEJEON_052,DAEJEON,대전 한화생명 볼파크,카페,CE7,곰순이네,음식점 > 카페 > 테마카페 > 디저트카페,대전 중구 보문로 174,127.42553235419813,36.31850378405275,257,041-936-6625,http://place.map.kakao.com/534122473,534122473,N,KAKAO_LOCAL_API
KKO_DAEJEON_053,DAEJEON,대전 한화생명 볼파크,카페,CE7,은구비커피,음식점 > 카페 > 커피전문점,대전 중구 대종로 373,127.43097368870797,36.31634849756803,287,,http://place.map.kakao.com/1640398074,1640398074,N,KAKAO_LOCAL_API
KKO_DAEJEON_054,DAEJEON,대전 한화생명 볼파크,카페,CE7,요거트아이스크림의정석 한화생명볼파크점,음식점 > 카페 > 테마카페 > 디저트카페 > 요거트아이스크림의정석,대전 중구 대종로 373,127.43156187752234,36.316795162350054,324,,http://place.map.kakao.com/1258605272,1258605272,N,KAKAO_LOCAL_API
KKO_DAEJEON_055,DAEJEON,대전 한화생명 볼파크,카페,CE7,빽다방 빵연구소,음식점 > 카페 > 커피전문점 > 빽다방,대전 중구 대종로 373,127.431794963768,36.3168592054693,343,,http://place.map.kakao.com/637581746,637581746,N,KAKAO_LOCAL_API
KKO_DAEJEON_056,DAEJEON,대전 한화생명 볼파크,카페,CE7,마루팥빙수단팥죽 대사점,음식점 > 카페 > 테마카페 > 디저트카페,대전 중구 대종로 381,127.430901291933,36.319380321889,344,042-222-0309,http://place.map.kakao.com/1022483011,1022483011,N,KAKAO_LOCAL_API
KKO_DAEJEON_057,DAEJEON,대전 한화생명 볼파크,카페,CE7,공차 대전한화생명볼파크점,음식점 > 카페 > 공차,대전 중구 대종로 373,127.4318283946374,36.316863590598295,346,,http://place.map.kakao.com/1259125814,1259125814,N,KAKAO_LOCAL_API
KKO_DAEJEON_058,DAEJEON,대전 한화생명 볼파크,카페,CE7,포트캔커피 대전대흥점,음식점 > 카페 > 커피전문점 > 포트캔커피,대전 중구 보문로 184-1,127.424910551865,36.3194513319102,364,,http://place.map.kakao.com/1675824134,1675824134,N,KAKAO_LOCAL_API
KKO_DAEJEON_059,DAEJEON,대전 한화생명 볼파크,카페,CE7,더스팟뉴트리션,음식점 > 카페,대전 중구 보문산공원로 531-2,127.4247056184907,36.31533998293541,370,0502-5551-9754,http://place.map.kakao.com/2130665580,2130665580,N,KAKAO_LOCAL_API
KKO_DAEJEON_060,DAEJEON,대전 한화생명 볼파크,카페,CE7,더가든,음식점 > 카페,대전 중구 대종로 362-1,127.432415144395,36.3178545679415,399,,http://place.map.kakao.com/2095663366,2095663366,N,KAKAO_LOCAL_API
KKO_DAEJEON_061,DAEJEON,대전 한화생명 볼파크,카페,CE7,낙조,음식점 > 카페 > 커피전문점,대전 중구 수도산로 3,127.42481822607432,36.319880620815454,402,0502-5552-2556,http://place.map.kakao.com/940652439,940652439,N,KAKAO_LOCAL_API
KKO_DAEJEON_062,DAEJEON,대전 한화생명 볼파크,카페,CE7,메타커피,음식점 > 카페,대전 중구 대종로 354-1,127.43279906215,36.3172025279008,429,,http://place.map.kakao.com/194879514,194879514,N,KAKAO_LOCAL_API
KKO_DAEJEON_063,DAEJEON,대전 한화생명 볼파크,카페,CE7,관포갤러리,음식점 > 카페 > 테마카페 > 갤러리카페,대전 중구 보문로 192-2,127.424538552563,36.3200564429935,434,042-546-1470,http://place.map.kakao.com/1830012644,1830012644,N,KAKAO_LOCAL_API
KKO_DAEJEON_064,DAEJEON,대전 한화생명 볼파크,카페,CE7,키벤저스 대전점,"가정,생활 > 유아 > 놀이시설 > 키즈카페",대전 중구 대종로 373,127.43251330941118,36.3158698182604,435,0503-7153-0030,http://place.map.kakao.com/741381718,741381718,N,KAKAO_LOCAL_API
KKO_DAEJEON_065,DAEJEON,대전 한화생명 볼파크,카페,CE7,요크커피코리아,음식점 > 카페 > 커피전문점,대전 중구 보문산공원로 526,127.424353479379,36.3146752623458,442,,http://place.map.kakao.com/1012734245,1012734245,N,KAKAO_LOCAL_API
KKO_DAEJEON_066,DAEJEON,대전 한화생명 볼파크,카페,CE7,디저트테이블 냠냠 대전대흥점,음식점 > 카페,대전 중구 보문로 196-2,127.424440406465,36.3202343235772,454,042-221-0888,http://place.map.kakao.com/667879978,667879978,N,KAKAO_LOCAL_API
KKO_DAEJEON_067,DAEJEON,대전 한화생명 볼파크,카페,CE7,농민다방,음식점 > 카페 > 다방,대전 중구 충무로 142,127.432475039764,36.3194242033172,462,,http://place.map.kakao.com/1111747842,1111747842,N,KAKAO_LOCAL_API
KKO_DAEJEON_068,DAEJEON,대전 한화생명 볼파크,카페,CE7,카페21,음식점 > 카페,대전 중구 보문로 97-1,127.430123522871,36.3134146184716,474,042-710-9982,http://place.map.kakao.com/533388141,533388141,N,KAKAO_LOCAL_API
KKO_DAEJEON_069,DAEJEON,대전 한화생명 볼파크,카페,CE7,유노이아,음식점 > 카페 > 테마카페 > 디저트카페,대전 중구 보문로 199,127.42386714926087,36.3204859840193,510,0507-1431-6765,http://place.map.kakao.com/337821884,337821884,N,KAKAO_LOCAL_API
KKO_DAEJEON_070,DAEJEON,대전 한화생명 볼파크,카페,CE7,시월애카페,음식점 > 카페,대전 중구 보문로68번길 37,127.43298674051653,36.31489483167528,522,042-282-6558,http://place.map.kakao.com/24586115,24586115,N,KAKAO_LOCAL_API
KKO_DAEJEON_071,DAEJEON,대전 한화생명 볼파크,카페,CE7,소설,음식점 > 카페,대전 중구 보문로205번길 6,127.42340481394614,36.32106888235817,585,0503-7151-6149,http://place.map.kakao.com/1967320527,1967320527,N,KAKAO_LOCAL_API
KKO_DAEJEON_072,DAEJEON,대전 한화생명 볼파크,카페,CE7,카페209,음식점 > 카페 > 다방,대전 중구 보문로 209,127.423445549591,36.3213940633134,609,042-223-0209,http://place.map.kakao.com/26860188,26860188,N,KAKAO_LOCAL_API
KKO_DAEJEON_073,DAEJEON,대전 한화생명 볼파크,카페,CE7,보문커피,음식점 > 카페,대전 중구 보문로103번길 56,127.431948723321,36.312838492361,611,010-2972-0311,http://place.map.kakao.com/55802221,55802221,N,KAKAO_LOCAL_API
KKO_DAEJEON_074,DAEJEON,대전 한화생명 볼파크,카페,CE7,한성다방,음식점 > 카페 > 다방,대전 중구 보문로 72,127.433148246213,36.3134938149897,627,042-254-2992,http://place.map.kakao.com/10930447,10930447,N,KAKAO_LOCAL_API
KKO_DAEJEON_075,DAEJEON,대전 한화생명 볼파크,카페,CE7,뜨개질까페,음식점 > 카페,대전 중구 보문로 70-1,127.433257278067,36.3134771986621,636,010-9842-0206,http://place.map.kakao.com/7997805,7997805,N,KAKAO_LOCAL_API
KKO_DAEJEON_076,DAEJEON,대전 한화생명 볼파크,카페,CE7,세컨드빈즈,음식점 > 카페,대전 중구 보문로 213,127.423154989757,36.3216176831777,645,0507-1340-5199,http://place.map.kakao.com/2127535110,2127535110,N,KAKAO_LOCAL_API
KKO_DAEJEON_077,DAEJEON,대전 한화생명 볼파크,카페,CE7,정다원,음식점 > 카페 > 전통찻집,대전 중구 보문산공원로 502-1,127.422458091499,36.3134059061021,662,,http://place.map.kakao.com/9384149,9384149,N,KAKAO_LOCAL_API
KKO_DAEJEON_078,DAEJEON,대전 한화생명 볼파크,카페,CE7,카페엘림,음식점 > 카페,대전 중구 문창로 27,127.43520862756931,36.31596817727691,663,,http://place.map.kakao.com/1693235126,1693235126,N,KAKAO_LOCAL_API
KKO_DAEJEON_079,DAEJEON,대전 한화생명 볼파크,카페,CE7,이거비버,음식점 > 카페,대전 중구 수도산로47번길 82,127.426383054165,36.3231922847067,666,,http://place.map.kakao.com/1572667195,1572667195,N,KAKAO_LOCAL_API
KKO_DAEJEON_080,DAEJEON,대전 한화생명 볼파크,카페,CE7,부사동커피,음식점 > 카페 > 커피전문점,대전 중구 보문로 66-2,127.43364099637586,36.31339740480108,668,0507-1357-1029,http://place.map.kakao.com/1529047976,1529047976,N,KAKAO_LOCAL_API
KKO_DAEJEON_081,DAEJEON,대전 한화생명 볼파크,카페,CE7,카페보문보문,음식점 > 카페,대전 중구 보문산공원로 502,127.422311227978,36.3134280533149,671,042-222-7493,http://place.map.kakao.com/656481374,656481374,N,KAKAO_LOCAL_API
KKO_DAEJEON_082,DAEJEON,대전 한화생명 볼파크,카페,CE7,추앙1982,음식점 > 카페,대전 중구 수도산로47번길 78,127.4266119219012,36.32329690585452,673,,http://place.map.kakao.com/751044180,751044180,N,KAKAO_LOCAL_API
KKO_DAEJEON_083,DAEJEON,대전 한화생명 볼파크,카페,CE7,여왕다방,음식점 > 카페,대전 중구 보문로 66-1,127.433762461024,36.313414086526,675,,http://place.map.kakao.com/744206655,744206655,N,KAKAO_LOCAL_API
KKO_DAEJEON_084,DAEJEON,대전 한화생명 볼파크,카페,CE7,동산다방,음식점 > 카페 > 다방,대전 중구 충무로 164,127.434602437262,36.3203050488063,676,,http://place.map.kakao.com/10293722,10293722,N,KAKAO_LOCAL_API
KKO_DAEJEON_085,DAEJEON,대전 한화생명 볼파크,카페,CE7,빽다방 대전대흥자이점,음식점 > 카페 > 커피전문점 > 빽다방,대전 중구 충무로107번길 122,127.42602062068046,36.32330532299314,686,070-5056-4401,http://place.map.kakao.com/1568327045,1568327045,N,KAKAO_LOCAL_API
KKO_DAEJEON_086,DAEJEON,대전 한화생명 볼파크,카페,CE7,메가MGC커피 대전센트럴자이점,음식점 > 카페 > 커피전문점 > 메가MGC커피,대전 중구 충무로107번길 122,127.426063036592,36.3233231953612,687,042-721-6788,http://place.map.kakao.com/432434760,432434760,N,KAKAO_LOCAL_API
KKO_DAEJEON_087,DAEJEON,대전 한화생명 볼파크,카페,CE7,달달카페,음식점 > 카페,대전 중구 대종로 433,127.428580144715,36.3235746370256,694,042-223-4021,http://place.map.kakao.com/694518328,694518328,N,KAKAO_LOCAL_API
KKO_DAEJEON_088,DAEJEON,대전 한화생명 볼파크,카페,CE7,보물,음식점 > 카페 > 테마카페 > 갤러리카페,대전 중구 보문산공원로 498,127.422100935497,36.3132512637356,698,,http://place.map.kakao.com/1458125355,1458125355,N,KAKAO_LOCAL_API
KKO_DAEJEON_089,DAEJEON,대전 한화생명 볼파크,카페,CE7,금강커피휴게음식점,음식점 > 카페 > 다방,대전 중구 문창로 112,127.431431337468,36.3230128594424,700,042-255-8112,http://place.map.kakao.com/687973164,687973164,N,KAKAO_LOCAL_API
KKO_DAEJEON_090,DAEJEON,대전 한화생명 볼파크,카페,CE7,미쓰봉 부사점,음식점 > 카페 > 커피전문점,대전 중구 보문로67번길 8,127.433719520342,36.312898768073,710,042-226-0977,http://place.map.kakao.com/1216468787,1216468787,N,KAKAO_LOCAL_API
KKO_DAEJEON_091,DAEJEON,대전 한화생명 볼파크,관광명소,AT4,충무자동차특화거리,"여행 > 관광,명소 > 테마거리",대전 중구 대종로 368-1,127.43223980281,36.3183670712387,396,,http://place.map.kakao.com/18094291,18094291,N,KAKAO_LOCAL_API
KKO_DAEJEON_092,DAEJEON,대전 한화생명 볼파크,관광명소,AT4,수도산,"여행 > 관광,명소 > 산",대전 중구 대흥동 326-54,127.42196924984161,36.319188694061836,580,,http://place.map.kakao.com/25293059,25293059,N,KAKAO_LOCAL_API
KKO_DAEJEON_093,DAEJEON,대전 한화생명 볼파크,관광명소,AT4,보운대,"여행 > 관광,명소 > 전망대",대전 중구 대사동 산 1-65,127.42395944181752,36.3114125896249,751,,http://place.map.kakao.com/11072965,11072965,N,KAKAO_LOCAL_API
KKO_DAEJEON_094,DAEJEON,대전 한화생명 볼파크,관광명소,AT4,보문산 큰나무전망대,"여행 > 관광,명소 > 전망대",대전 중구 대사동 산 1-65,127.423845315785,36.3108993220389,806,,http://place.map.kakao.com/496446599,496446599,N,KAKAO_LOCAL_API
KKO_DAEJEON_095,DAEJEON,대전 한화생명 볼파크,관광명소,AT4,대전 오토바이특화거리,"여행 > 관광,명소 > 테마거리",대전 중구 대흥동,127.430341547373,36.3247182106454,845,,http://place.map.kakao.com/389112277,389112277,N,KAKAO_LOCAL_API
KKO_DAEJEON_096,DAEJEON,대전 한화생명 볼파크,관광명소,AT4,은행동 애견거리,"여행 > 관광,명소 > 테마거리",대전 중구 대흥동 630,127.427692812019,36.326676963621,1036,,http://place.map.kakao.com/1059062557,1059062557,N,KAKAO_LOCAL_API
KKO_DAEJEON_097,DAEJEON,대전 한화생명 볼파크,관광명소,AT4,보문산숲치유센터,"여행 > 관광,명소 > 자연휴양림",대전 중구 보문산공원로 440,127.42316227655057,36.30874972479366,1047,042-270-7878,http://place.map.kakao.com/25636375,25636375,N,KAKAO_LOCAL_API
KKO_DAEJEON_098,DAEJEON,대전 한화생명 볼파크,관광명소,AT4,대흥동문화예술의거리,"여행 > 관광,명소 > 테마거리",대전 중구 대흥동 630,127.425841839954,36.3270845962378,1099,,http://place.map.kakao.com/1464088966,1464088966,N,KAKAO_LOCAL_API
KKO_DAEJEON_099,DAEJEON,대전 한화생명 볼파크,관광명소,AT4,으능정이 문화의거리,"여행 > 관광,명소 > 테마거리",대전 중구 은행동 216,127.4284484877877,36.32800529542503,1184,,http://place.map.kakao.com/25048951,25048951,N,KAKAO_LOCAL_API
KKO_DAEJEON_100,DAEJEON,대전 한화생명 볼파크,관광명소,AT4,선리단길,"여행 > 관광,명소 > 테마거리",대전 중구 선화동 382,127.419370823013,36.3270083462074,1324,,http://place.map.kakao.com/1444030361,1444030361,N,KAKAO_LOCAL_API
KKO_DAEJEON_101,DAEJEON,대전 한화생명 볼파크,관광명소,AT4,돌다리골,"여행 > 관광,명소 > 계곡",대전 중구 석교동,127.436329014261,36.305605941286,1500,,http://place.map.kakao.com/25213683,25213683,N,KAKAO_LOCAL_API
KKO_DAEJEON_102,DAEJEON,대전 한화생명 볼파크,관광명소,AT4,비학산,"여행 > 관광,명소 > 산",대전 동구 천동 산 18-6,127.44435255233883,36.31333103370327,1533,,http://place.map.kakao.com/25342863,25342863,N,KAKAO_LOCAL_API
KKO_DAEJEON_103,DAEJEON,대전 한화생명 볼파크,관광명소,AT4,오류동음식특화거리,"여행 > 관광,명소 > 테마거리 > 먹자골목",대전 중구 계룡로882번길 36,127.409793443138,36.3224149186214,1730,,http://place.map.kakao.com/18136382,18136382,N,KAKAO_LOCAL_API
KKO_DAEJEON_104,DAEJEON,대전 한화생명 볼파크,관광명소,AT4,인쇄특화거리,"여행 > 관광,명소 > 테마거리",대전 동구 정동,127.428754159699,36.3341970825014,1872,,http://place.map.kakao.com/25637089,25637089,N,KAKAO_LOCAL_API
KKO_DAEJEON_105,DAEJEON,대전 한화생명 볼파크,관광명소,AT4,젠한국 대전본점,"여행 > 관광,명소 > 도자기,도예촌",대전 중구 계룡로 842,127.408512075138,36.3252706319922,1960,042-532-6800,http://place.map.kakao.com/15701592,15701592,N,KAKAO_LOCAL_API
KKO_DAEJEON_106,DAEJEON,대전 한화생명 볼파크,관광명소,AT4,벽화거리,"여행 > 관광,명소 > 테마거리",대전 동구 소제동 298-2,127.437677183972,36.3356534806877,2209,,http://place.map.kakao.com/318100741,318100741,N,KAKAO_LOCAL_API
KKO_DAEJEON_107,DAEJEON,대전 한화생명 볼파크,관광명소,AT4,수향길,"여행 > 관광,명소 > 테마거리 > 카페거리",대전 동구 소제동 299-724,127.436420242496,36.3363537844235,2241,,http://place.map.kakao.com/2075493923,2075493923,N,KAKAO_LOCAL_API
KKO_DAEJEON_108,DAEJEON,대전 한화생명 볼파크,관광명소,AT4,보문산,"여행 > 관광,명소 > 산",대전 중구 문화동 산 18-1,127.42185539539828,36.29619458682548,2410,042-270-7865,http://place.map.kakao.com/15166413,15166413,N,KAKAO_LOCAL_API
KKO_DAEJEON_109,DAEJEON,대전 한화생명 볼파크,관광명소,AT4,대동벽화마을,"여행 > 관광,명소 > 테마거리",대전 동구 대동,127.44977845224,36.3303492933227,2429,,http://place.map.kakao.com/27485808,27485808,N,KAKAO_LOCAL_API
KKO_DAEJEON_110,DAEJEON,대전 한화생명 볼파크,관광명소,AT4,황학산,"여행 > 관광,명소 > 산",대전 동구 판암동,127.454279315527,36.3229029762589,2437,,http://place.map.kakao.com/15167962,15167962,N,KAKAO_LOCAL_API
KKO_DAEJEON_111,DAEJEON,대전 한화생명 볼파크,관광명소,AT4,모암골,"여행 > 관광,명소 > 계곡",대전 중구 호동,127.445986290106,36.3004660229394,2471,,http://place.map.kakao.com/25233222,25233222,N,KAKAO_LOCAL_API
KKO_DAEGU_001,DAEGU,대구 삼성 라이온즈 파크,음식점,FD6,장여사,음식점 > 분식,대구 수성구 야구전설로 1,128.68079955930054,35.841166215468476,39,,http://place.map.kakao.com/1642744417,1642744417,Y,KAKAO_LOCAL_API
KKO_DAEGU_002,DAEGU,대구 삼성 라이온즈 파크,음식점,FD6,해피치즈스마일 3층 3루,음식점 > 분식,대구 수성구 야구전설로 1,128.680838100905,35.8413143634855,41,,http://place.map.kakao.com/1408103771,1408103771,Y,KAKAO_LOCAL_API
KKO_DAEGU_003,DAEGU,대구 삼성 라이온즈 파크,음식점,FD6,노랑통닭 3층 3루,음식점 > 치킨 > 노랑통닭,대구 수성구 야구전설로 1,128.68088710208823,35.84138126302335,41,,http://place.map.kakao.com/454842789,454842789,Y,KAKAO_LOCAL_API
KKO_DAEGU_004,DAEGU,대구 삼성 라이온즈 파크,음식점,FD6,서문빙수,음식점 > 간식,대구 수성구 야구전설로 1,128.680707195756,35.8411422758468,47,,http://place.map.kakao.com/63106373,63106373,Y,KAKAO_LOCAL_API
KKO_DAEGU_005,DAEGU,대구 삼성 라이온즈 파크,음식점,FD6,이쁜여우핫도그,음식점 > 패스트푸드,대구 수성구 야구전설로 1,128.68077653792514,35.840861953991414,50,,http://place.map.kakao.com/1320025316,1320025316,Y,KAKAO_LOCAL_API
KKO_DAEGU_006,DAEGU,대구 삼성 라이온즈 파크,음식점,FD6,전설꼬치,음식점 > 간식,대구 수성구 야구전설로 1,128.680661228945,35.8410618167596,52,,http://place.map.kakao.com/1265634082,1265634082,Y,KAKAO_LOCAL_API
KKO_DAEGU_007,DAEGU,대구 삼성 라이온즈 파크,음식점,FD6,잭슨치킨,음식점 > 치킨,대구 수성구 야구전설로 1,128.68083194543365,35.84149467654365,54,,http://place.map.kakao.com/1782103335,1782103335,Y,KAKAO_LOCAL_API
KKO_DAEGU_008,DAEGU,대구 삼성 라이온즈 파크,음식점,FD6,역전우동0410 2층 푸드스트릿,"음식점 > 일식 > 돈까스,우동 > 역전우동0410",대구 수성구 야구전설로 1,128.68124882158,35.8416348273022,56,,http://place.map.kakao.com/1719830994,1719830994,Y,KAKAO_LOCAL_API
KKO_DAEGU_009,DAEGU,대구 삼성 라이온즈 파크,음식점,FD6,하우스오브라이온즈,음식점 > 양식,대구 수성구 야구전설로 1,128.68096020504305,35.84159380913497,57,,http://place.map.kakao.com/1063796164,1063796164,Y,KAKAO_LOCAL_API
KKO_DAEGU_010,DAEGU,대구 삼성 라이온즈 파크,음식점,FD6,맘스터치 대구라이온즈파크점,음식점 > 패스트푸드 > 맘스터치,대구 수성구 야구전설로 1,128.680696587629,35.8414262816898,58,,http://place.map.kakao.com/1062153963,1062153963,Y,KAKAO_LOCAL_API
KKO_DAEGU_011,DAEGU,대구 삼성 라이온즈 파크,음식점,FD6,역전우동0410 대구삼성라이온즈파크점,"음식점 > 일식 > 돈까스,우동 > 역전우동0410",대구 수성구 야구전설로 1,128.68058394414263,35.84117553972307,58,,http://place.map.kakao.com/1041027329,1041027329,Y,KAKAO_LOCAL_API
KKO_DAEGU_012,DAEGU,대구 삼성 라이온즈 파크,음식점,FD6,브뤼셀프라이,음식점 > 패스트푸드,대구 수성구 야구전설로 1,128.6805620331249,35.841081227070326,61,,http://place.map.kakao.com/1371278281,1371278281,N,KAKAO_LOCAL_API
KKO_DAEGU_013,DAEGU,대구 삼성 라이온즈 파크,음식점,FD6,알통떡강정,음식점 > 간식 > 닭강정 > 알통떡강정,대구 수성구 야구전설로 1,128.68055897210246,35.841198417409366,61,,http://place.map.kakao.com/155535707,155535707,N,KAKAO_LOCAL_API
KKO_DAEGU_014,DAEGU,대구 삼성 라이온즈 파크,음식점,FD6,대신땅콩빵 라이온즈파크점,음식점 > 간식 > 대신땅콩빵,대구 수성구 야구전설로 1,128.6805609877122,35.841031679280555,61,,http://place.map.kakao.com/243729119,243729119,N,KAKAO_LOCAL_API
KKO_DAEGU_015,DAEGU,대구 삼성 라이온즈 파크,음식점,FD6,라온스위트파크,음식점 > 간식,대구 수성구 야구전설로 1,128.68055375611718,35.84105611107676,62,,http://place.map.kakao.com/1620208964,1620208964,N,KAKAO_LOCAL_API
KKO_DAEGU_016,DAEGU,대구 삼성 라이온즈 파크,음식점,FD6,몬나니떡볶이,음식점 > 분식 > 떡볶이,대구 수성구 야구전설로 1,128.680496409397,35.8411181904041,66,,http://place.map.kakao.com/1867587114,1867587114,N,KAKAO_LOCAL_API
KKO_DAEGU_017,DAEGU,대구 삼성 라이온즈 파크,음식점,FD6,북촌손만두 대구삼성라이온즈파크점,음식점 > 분식 > 북촌손만두,대구 수성구 야구전설로 1,128.68094007318473,35.841688709949146,67,,http://place.map.kakao.com/850646212,850646212,N,KAKAO_LOCAL_API
KKO_DAEGU_018,DAEGU,대구 삼성 라이온즈 파크,음식점,FD6,스테이션 삼성라이온즈파크점,"음식점 > 술집 > 호프,요리주점",대구 수성구 야구전설로 1,128.68047177252822,35.84099958522102,70,,http://place.map.kakao.com/304272464,304272464,N,KAKAO_LOCAL_API
KKO_DAEGU_019,DAEGU,대구 삼성 라이온즈 파크,음식점,FD6,보배반점 대구삼성라이온즈파크점,음식점 > 중식 > 중국요리 > 보배반점,대구 수성구 야구전설로 1,128.6811096696954,35.841806187826585,75,,http://place.map.kakao.com/280986260,280986260,N,KAKAO_LOCAL_API
KKO_DAEGU_020,DAEGU,대구 삼성 라이온즈 파크,음식점,FD6,파파존스 삼성라이온즈파크점,음식점 > 양식 > 피자 > 파파존스,대구 수성구 야구전설로 1,128.680470671312,35.8406851046024,84,070-4251-2905,http://place.map.kakao.com/1988926634,1988926634,N,KAKAO_LOCAL_API
KKO_DAEGU_021,DAEGU,대구 삼성 라이온즈 파크,음식점,FD6,해피치즈스마일,음식점 > 분식,대구 수성구 야구전설로 1,128.68048405514892,35.84053262557178,95,,http://place.map.kakao.com/139502545,139502545,N,KAKAO_LOCAL_API
KKO_DAEGU_022,DAEGU,대구 삼성 라이온즈 파크,음식점,FD6,웍스터,음식점 > 퓨전요리,대구 수성구 야구전설로 1,128.680321136994,35.8406790858598,96,,http://place.map.kakao.com/1468138565,1468138565,N,KAKAO_LOCAL_API
KKO_DAEGU_023,DAEGU,대구 삼성 라이온즈 파크,음식점,FD6,노랑통닭 3층 1루,음식점 > 치킨 > 노랑통닭,대구 수성구 야구전설로 1,128.681374717991,35.8402588350456,97,,http://place.map.kakao.com/1947246551,1947246551,N,KAKAO_LOCAL_API
KKO_DAEGU_024,DAEGU,대구 삼성 라이온즈 파크,음식점,FD6,알통떡강정,음식점 > 간식 > 닭강정 > 알통떡강정,대구 수성구 야구전설로 1,128.680390581949,35.8405609670379,99,,http://place.map.kakao.com/2097854603,2097854603,N,KAKAO_LOCAL_API
KKO_DAEGU_025,DAEGU,대구 삼성 라이온즈 파크,음식점,FD6,스트릿츄러스,음식점 > 간식,대구 수성구 야구전설로 1,128.68230646262546,35.84140645310261,101,,http://place.map.kakao.com/1644096414,1644096414,N,KAKAO_LOCAL_API
KKO_DAEGU_026,DAEGU,대구 삼성 라이온즈 파크,음식점,FD6,소프텔리에,음식점 > 패스트푸드,대구 수성구 연호동 648,128.681875065379,35.840368979217,102,,http://place.map.kakao.com/1033348790,1033348790,N,KAKAO_LOCAL_API
KKO_DAEGU_027,DAEGU,대구 삼성 라이온즈 파크,음식점,FD6,호남원조식당,음식점 > 분식,대구 수성구 연호동 648,128.681946219777,35.8403319377143,109,,http://place.map.kakao.com/558349484,558349484,N,KAKAO_LOCAL_API
KKO_DAEGU_028,DAEGU,대구 삼성 라이온즈 파크,음식점,FD6,BHC치킨 삼성라이온즈파크점,음식점 > 치킨 > BHC치킨,대구 수성구 달구벌대로 지하 2950,128.67999197883,35.8425986005291,198,010-6623-8307,http://place.map.kakao.com/1363739087,1363739087,N,KAKAO_LOCAL_API
KKO_DAEGU_029,DAEGU,대구 삼성 라이온즈 파크,음식점,FD6,만남의광장,음식점 > 한식,대구 수성구 달구벌대로 지하 2950,128.67999197883,35.8425986005291,198,,http://place.map.kakao.com/74959981,74959981,N,KAKAO_LOCAL_API
KKO_DAEGU_030,DAEGU,대구 삼성 라이온즈 파크,음식점,FD6,시후,음식점 > 중식 > 중국요리,대구 수성구 알파시티1로 222,128.683221284698,35.8387668323763,317,0502-5554-1947,http://place.map.kakao.com/1404573444,1404573444,N,KAKAO_LOCAL_API
KKO_DAEGU_031,DAEGU,대구 삼성 라이온즈 파크,음식점,FD6,수오미엔 수성알파시티점,음식점 > 퓨전요리 > 퓨전중식,대구 수성구 알파시티1로42길 11,128.6827635118746,35.83847136474835,325,053-792-1972,http://place.map.kakao.com/396874685,396874685,N,KAKAO_LOCAL_API
KKO_DAEGU_032,DAEGU,대구 삼성 라이온즈 파크,음식점,FD6,선비꼬마김밥 알파시티점,음식점 > 분식 > 선비꼬마김밥,대구 수성구 알파시티1로42길 11,128.6827635118746,35.83847136474835,325,,http://place.map.kakao.com/501051788,501051788,N,KAKAO_LOCAL_API
KKO_DAEGU_033,DAEGU,대구 삼성 라이온즈 파크,음식점,FD6,스구식탁 알파시티점,음식점 > 샤브샤브,대구 수성구 알파시티1로42길 11,128.6827635118746,35.83847136474835,325,070-8714-4478,http://place.map.kakao.com/1358686653,1358686653,N,KAKAO_LOCAL_API
KKO_DAEGU_034,DAEGU,대구 삼성 라이온즈 파크,음식점,FD6,란타이,음식점 > 아시아음식 > 동남아음식 > 태국음식,대구 수성구 알파시티1로42길 6,128.682596875072,35.8380222300344,366,,http://place.map.kakao.com/1336613249,1336613249,N,KAKAO_LOCAL_API
KKO_DAEGU_035,DAEGU,대구 삼성 라이온즈 파크,음식점,FD6,생선구이더정,"음식점 > 한식 > 해물,생선",대구 수성구 알파시티1로 206,128.682051222231,35.8378622593514,369,053-793-7792,http://place.map.kakao.com/173693968,173693968,N,KAKAO_LOCAL_API
KKO_DAEGU_036,DAEGU,대구 삼성 라이온즈 파크,음식점,FD6,참한차림한식뷔페,음식점 > 뷔페 > 한식뷔페,대구 수성구 알파시티1로42길 30,128.682504215836,35.837879346074,378,053-791-1119,http://place.map.kakao.com/1351609999,1351609999,N,KAKAO_LOCAL_API
KKO_DAEGU_037,DAEGU,대구 삼성 라이온즈 파크,음식점,FD6,부자국밥 수성알파시티점,음식점 > 한식,대구 수성구 알파시티1로40길 11,128.682891191048,35.8374954495949,430,053-791-2656,http://place.map.kakao.com/1636582739,1636582739,N,KAKAO_LOCAL_API
KKO_DAEGU_038,DAEGU,대구 삼성 라이온즈 파크,음식점,FD6,수성알파정육식당,"음식점 > 한식 > 육류,고기",대구 수성구 알파시티1로40길 13,128.683115187414,35.8375166424984,435,053-793-3355,http://place.map.kakao.com/984564357,984564357,N,KAKAO_LOCAL_API
KKO_DAEGU_039,DAEGU,대구 삼성 라이온즈 파크,음식점,FD6,한옥집,음식점 > 한식,대구 수성구 알파시티1로40길 11,128.68294519528516,35.83743251483206,438,053-792-2627,http://place.map.kakao.com/223257086,223257086,N,KAKAO_LOCAL_API
KKO_DAEGU_040,DAEGU,대구 삼성 라이온즈 파크,음식점,FD6,하이니콜,음식점 > 패스트푸드 > 샌드위치,대구 수성구 알파시티1로42길 17,128.683724377824,35.837698246326,442,,http://place.map.kakao.com/771233161,771233161,N,KAKAO_LOCAL_API
KKO_DAEGU_041,DAEGU,대구 삼성 라이온즈 파크,음식점,FD6,진참치 시지점,음식점 > 일식 > 참치회,대구 수성구 알파시티1로42길 17,128.68372212704,35.8376964755989,442,053-792-3737,http://place.map.kakao.com/1153495373,1153495373,N,KAKAO_LOCAL_API
KKO_DAEGU_042,DAEGU,대구 삼성 라이온즈 파크,음식점,FD6,비젼한국인의밥상,음식점 > 한식,대구 수성구 알파시티1로42길 17,128.68372212704,35.8376964755989,442,053-792-8288,http://place.map.kakao.com/594206910,594206910,N,KAKAO_LOCAL_API
KKO_DAEGU_043,DAEGU,대구 삼성 라이온즈 파크,음식점,FD6,두낫디스터브 라이온즈파크점,음식점 > 양식,대구 수성구 알파시티1로40길 6,128.682270020081,35.8370607903189,461,,http://place.map.kakao.com/1543508571,1543508571,N,KAKAO_LOCAL_API
KKO_DAEGU_044,DAEGU,대구 삼성 라이온즈 파크,음식점,FD6,블랙포레스트,음식점 > 양식,대구 수성구 알파시티1로32길 28-17,128.683454021144,35.8364782935697,553,,http://place.map.kakao.com/761351933,761351933,N,KAKAO_LOCAL_API
KKO_DAEGU_045,DAEGU,대구 삼성 라이온즈 파크,음식점,FD6,샐러디 대구수성엘센트로점,음식점 > 샐러드 > 샐러디,대구 수성구 알파시티1로4길 22,128.68721122407,35.8396696736949,563,053-719-2923,http://place.map.kakao.com/569393523,569393523,N,KAKAO_LOCAL_API
KKO_DAEGU_046,DAEGU,대구 삼성 라이온즈 파크,카페,CE7,버터우드커피 3층 3루,음식점 > 카페 > 테마카페 > 디저트카페,대구 수성구 야구전설로 1,128.6807485736443,35.841110157269405,44,,http://place.map.kakao.com/1792160526,1792160526,Y,KAKAO_LOCAL_API
KKO_DAEGU_047,DAEGU,대구 삼성 라이온즈 파크,카페,CE7,설빙 삼성라이온즈파크점,음식점 > 카페 > 테마카페 > 디저트카페 > 설빙,대구 수성구 야구전설로 1,128.68102681761056,35.84160369071367,55,,http://place.map.kakao.com/755116433,755116433,Y,KAKAO_LOCAL_API
KKO_DAEGU_048,DAEGU,대구 삼성 라이온즈 파크,카페,CE7,몬트블랑드파리스,음식점 > 카페 > 테마카페 > 디저트카페,대구 수성구 야구전설로 1,128.68093708457167,35.84159953943381,58,,http://place.map.kakao.com/349447194,349447194,Y,KAKAO_LOCAL_API
KKO_DAEGU_049,DAEGU,대구 삼성 라이온즈 파크,카페,CE7,요거트아이스크림의정석,음식점 > 카페 > 테마카페 > 디저트카페 > 요거트아이스크림의정석,대구 수성구 야구전설로 1,128.68082247450462,35.8416227701712,66,,http://place.map.kakao.com/2129304824,2129304824,N,KAKAO_LOCAL_API
KKO_DAEGU_050,DAEGU,대구 삼성 라이온즈 파크,카페,CE7,버터우드커피 2층 외부,음식점 > 카페 > 테마카페 > 디저트카페,대구 수성구 야구전설로 1,128.680441985121,35.8406368445287,90,,http://place.map.kakao.com/242630796,242630796,N,KAKAO_LOCAL_API
KKO_DAEGU_051,DAEGU,대구 삼성 라이온즈 파크,카페,CE7,버터우드 대구점,음식점 > 카페,대구 수성구 야구전설로 1,128.682095181895,35.84167344384878,98,053-795-5080,http://place.map.kakao.com/990621638,990621638,N,KAKAO_LOCAL_API
KKO_DAEGU_052,DAEGU,대구 삼성 라이온즈 파크,카페,CE7,해피크레페,음식점 > 카페 > 테마카페 > 디저트카페,대구 수성구 야구전설로 1,128.68228133598222,35.84147439002986,102,,http://place.map.kakao.com/836379025,836379025,N,KAKAO_LOCAL_API
KKO_DAEGU_053,DAEGU,대구 삼성 라이온즈 파크,카페,CE7,링고프룻,음식점 > 카페 > 테마카페 > 디저트카페,대구 수성구 달구벌대로 지하 2950,128.679943714325,35.8426191003998,202,010-4501-3152,http://place.map.kakao.com/789023930,789023930,N,KAKAO_LOCAL_API
KKO_DAEGU_054,DAEGU,대구 삼성 라이온즈 파크,카페,CE7,올제토커피,음식점 > 카페 > 커피전문점,대구 수성구 알파시티1로42길 11,128.6826830111878,35.83853737393359,316,053-793-5525,http://place.map.kakao.com/1561474066,1561474066,N,KAKAO_LOCAL_API
KKO_DAEGU_055,DAEGU,대구 삼성 라이온즈 파크,카페,CE7,일프로커피,음식점 > 카페 > 커피전문점,대구 수성구 알파시티1로42길 2,128.68218202347634,35.83813437311115,343,,http://place.map.kakao.com/1868758539,1868758539,N,KAKAO_LOCAL_API
KKO_DAEGU_056,DAEGU,대구 삼성 라이온즈 파크,카페,CE7,요거트아이스크림의정석 대구알파시티점,음식점 > 카페 > 테마카페 > 디저트카페 > 요거트아이스크림의정석,대구 수성구 알파시티1로 206,128.682051222231,35.8378622593514,369,,http://place.map.kakao.com/1288139436,1288139436,N,KAKAO_LOCAL_API
KKO_DAEGU_057,DAEGU,대구 삼성 라이온즈 파크,카페,CE7,추즈커피,음식점 > 카페 > 커피전문점,대구 수성구 알파시티1로 206,128.682051222231,35.8378622593514,369,0503-7153-4597,http://place.map.kakao.com/1561988586,1561988586,N,KAKAO_LOCAL_API
KKO_DAEGU_058,DAEGU,대구 삼성 라이온즈 파크,카페,CE7,더리터 수성IC점,음식점 > 카페 > 커피전문점 > 더리터,대구 수성구 알파시티1로 206,128.68194732629826,35.837763687873824,379,053-791-5588,http://place.map.kakao.com/1104653182,1104653182,N,KAKAO_LOCAL_API
KKO_DAEGU_059,DAEGU,대구 삼성 라이온즈 파크,카페,CE7,아워스 카페,음식점 > 카페,대구 수성구 알파시티1로42길 26,128.682876429183,35.837844395609,393,010-8822-6368,http://place.map.kakao.com/1828890180,1828890180,N,KAKAO_LOCAL_API
KKO_DAEGU_060,DAEGU,대구 삼성 라이온즈 파크,카페,CE7,카페봄봄 수성IC점,음식점 > 카페 > 커피전문점 > 카페봄봄,대구 수성구 알파시티1로42길 17,128.68366311164186,35.83762701411248,446,,http://place.map.kakao.com/868207016,868207016,N,KAKAO_LOCAL_API
KKO_DAEGU_061,DAEGU,대구 삼성 라이온즈 파크,카페,CE7,팀스커피,음식점 > 카페,대구 수성구 알파시티1로40길 17,128.68362471919954,35.837486073952576,458,053-710-8930,http://place.map.kakao.com/730199787,730199787,N,KAKAO_LOCAL_API
KKO_DAEGU_062,DAEGU,대구 삼성 라이온즈 파크,카페,CE7,리터킹 알파시티점,음식점 > 카페,대구 수성구 알파시티1로 194,128.68176608560174,35.83698944649956,462,053-285-1008,http://place.map.kakao.com/660550322,660550322,N,KAKAO_LOCAL_API
KKO_DAEGU_063,DAEGU,대구 삼성 라이온즈 파크,카페,CE7,캔버스 알파시티점,음식점 > 카페,대구 수성구 알파시티1로4길 20,128.68731369942188,35.83990973842124,565,070-4101-0058,http://place.map.kakao.com/210215932,210215932,N,KAKAO_LOCAL_API
KKO_DAEGU_064,DAEGU,대구 삼성 라이온즈 파크,카페,CE7,블루멍,음식점 > 카페 > 테마카페 > 애견카페,대구 수성구 고모로 17,128.687138537399,35.8437618415846,608,053-793-0520,http://place.map.kakao.com/1524498532,1524498532,N,KAKAO_LOCAL_API
KKO_DAEGU_065,DAEGU,대구 삼성 라이온즈 파크,카페,CE7,페이스포포,음식점 > 카페,대구 수성구 고모로 15-1,128.687939482338,35.8438497155606,676,053-793-3645,http://place.map.kakao.com/612222488,612222488,N,KAKAO_LOCAL_API
KKO_DAEGU_066,DAEGU,대구 삼성 라이온즈 파크,카페,CE7,윈넷,음식점 > 카페 > 커피전문점,대구 수성구 고모로 15-1,128.687939482338,35.8438497155606,676,053-795-3645,http://place.map.kakao.com/45651940,45651940,N,KAKAO_LOCAL_API
KKO_DAEGU_067,DAEGU,대구 삼성 라이온즈 파크,카페,CE7,카페구움,음식점 > 카페,대구 수성구 알파시티1로 273,128.688440167147,35.8391189376084,688,070-7617-0909,http://place.map.kakao.com/608635049,608635049,N,KAKAO_LOCAL_API
KKO_DAEGU_068,DAEGU,대구 삼성 라이온즈 파크,카페,CE7,배터리커피스탠드,음식점 > 카페,대구 수성구 알파시티1로 169,128.68135357386393,35.83474778835726,708,,http://place.map.kakao.com/952890788,952890788,N,KAKAO_LOCAL_API
KKO_DAEGU_069,DAEGU,대구 삼성 라이온즈 파크,카페,CE7,욥87,음식점 > 카페,대구 수성구 알파시티1로 30,128.68890861632,35.8397080027646,711,,http://place.map.kakao.com/1844569885,1844569885,N,KAKAO_LOCAL_API
KKO_DAEGU_070,DAEGU,대구 삼성 라이온즈 파크,카페,CE7,댐퍼커피 알파시티점,음식점 > 카페 > 커피전문점,대구 수성구 알파시티1로35길 17,128.679496887326,35.8348647708441,712,,http://place.map.kakao.com/855965247,855965247,N,KAKAO_LOCAL_API
KKO_DAEGU_071,DAEGU,대구 삼성 라이온즈 파크,카페,CE7,위드미,음식점 > 카페 > 테마카페 > 디저트카페,대구 수성구 알파시티1로31길 2,128.68238435150818,35.834718941260036,719,,http://place.map.kakao.com/1069944524,1069944524,N,KAKAO_LOCAL_API
KKO_DAEGU_072,DAEGU,대구 삼성 라이온즈 파크,카페,CE7,베리어스재즈클럽,음식점 > 카페 > 테마카페 > 라이브카페,대구 수성구 달구벌대로 2881,128.673749207756,35.8459352295133,861,053-792-6662,http://place.map.kakao.com/1427807583,1427807583,N,KAKAO_LOCAL_API
KKO_DAEGU_073,DAEGU,대구 삼성 라이온즈 파크,카페,CE7,"마고커피,갤러리",음식점 > 카페,대구 수성구 고모로33길 105-1,128.67424869078232,35.846634759374616,878,053-761-1533,http://place.map.kakao.com/74303429,74303429,N,KAKAO_LOCAL_API
KKO_DAEGU_074,DAEGU,대구 삼성 라이온즈 파크,카페,CE7,우리끼리키즈카페 스포츠마을 대구시지점,"가정,생활 > 유아 > 놀이시설 > 키즈카페 > 우리끼리",대구 수성구 알파시티2로 19,128.69133719563916,35.83983424013483,924,1899-3635,http://place.map.kakao.com/1234707158,1234707158,N,KAKAO_LOCAL_API
KKO_DAEGU_075,DAEGU,대구 삼성 라이온즈 파크,카페,CE7,몬스터HNM커피 대구알파시티점,음식점 > 카페 > 커피전문점 > 몬스터HNM커피,대구 수성구 알파시티2로 23,128.69164082763152,35.839957025120505,949,070-4647-0785,http://place.map.kakao.com/1796859250,1796859250,N,KAKAO_LOCAL_API
KKO_DAEGU_076,DAEGU,대구 삼성 라이온즈 파크,카페,CE7,아로케 시지점,음식점 > 카페,대구 수성구 달구벌대로 3058,128.691613466865,35.8425770043598,951,053-793-3300,http://place.map.kakao.com/2107349343,2107349343,N,KAKAO_LOCAL_API
KKO_DAEGU_077,DAEGU,대구 삼성 라이온즈 파크,카페,CE7,텐퍼센트커피 대구알파시티점,음식점 > 카페 > 커피전문점 > 텐퍼센트커피,대구 수성구 알파시티2로 20,128.691591374947,35.8395044513112,953,,http://place.map.kakao.com/1832334799,1832334799,N,KAKAO_LOCAL_API
KKO_DAEGU_078,DAEGU,대구 삼성 라이온즈 파크,카페,CE7,핸즈커피 시지점,음식점 > 카페 > 커피전문점 > 핸즈커피,대구 수성구 달구벌대로 3057,128.69139390278465,35.84354701139365,956,053-793-7942,http://place.map.kakao.com/936610934,936610934,N,KAKAO_LOCAL_API
KKO_DAEGU_079,DAEGU,대구 삼성 라이온즈 파크,카페,CE7,마실커피 알파시티점,음식점 > 카페 > 커피전문점 > 마실커피,대구 수성구 알파시티2로 24,128.69182972659726,35.83957588918977,972,053-794-7210,http://place.map.kakao.com/1311112231,1311112231,N,KAKAO_LOCAL_API
KKO_DAEGU_080,DAEGU,대구 삼성 라이온즈 파크,카페,CE7,컴포즈커피 대구알파시티점,음식점 > 카페 > 커피전문점 > 컴포즈커피,대구 수성구 알파시티2로 24,128.691829726597,35.8395758891898,972,053-218-2118,http://place.map.kakao.com/590937763,590937763,N,KAKAO_LOCAL_API
KKO_DAEGU_081,DAEGU,대구 삼성 라이온즈 파크,카페,CE7,마커스커피,음식점 > 카페,대구 수성구 시지로 14-3,128.692101703016,35.8412301440461,981,,http://place.map.kakao.com/740413670,740413670,N,KAKAO_LOCAL_API
KKO_DAEGU_082,DAEGU,대구 삼성 라이온즈 파크,카페,CE7,빽다방 대구알파시티점,음식점 > 카페 > 커피전문점 > 빽다방,대구 수성구 알파시티2로 26,128.692023307053,35.8396236265646,989,053-791-4373,http://place.map.kakao.com/630602765,630602765,N,KAKAO_LOCAL_API
KKO_DAEGU_083,DAEGU,대구 삼성 라이온즈 파크,카페,CE7,도담도담워터룸,"가정,생활 > 유아 > 놀이시설 > 키즈카페",대구 수성구 월드컵로6길 64,128.684943429145,35.8326510210087,998,,http://place.map.kakao.com/689240735,689240735,N,KAKAO_LOCAL_API
KKO_DAEGU_084,DAEGU,대구 삼성 라이온즈 파크,카페,CE7,이디야 대구수성알파시티,음식점 > 카페,대구 수성구 시지로 22,128.692290005452,35.8407688150102,999,,http://place.map.kakao.com/851609409,851609409,N,KAKAO_LOCAL_API
KKO_DAEGU_085,DAEGU,대구 삼성 라이온즈 파크,카페,CE7,더리터 대구알파시티점,음식점 > 카페 > 커피전문점 > 더리터,대구 수성구 알파시티2로 29,128.69222763624182,35.84007311758364,1000,053-791-2777,http://place.map.kakao.com/1167089760,1167089760,N,KAKAO_LOCAL_API
KKO_DAEGU_086,DAEGU,대구 삼성 라이온즈 파크,카페,CE7,카페봄봄 알파시티점,음식점 > 카페 > 커피전문점 > 카페봄봄,대구 수성구 알파시티2로 29,128.69230626945836,35.84012788028273,1006,053-794-5554,http://place.map.kakao.com/1832373536,1832373536,N,KAKAO_LOCAL_API
KKO_DAEGU_087,DAEGU,대구 삼성 라이온즈 파크,카페,CE7,이디야커피 대구수성알파시티점,음식점 > 카페 > 커피전문점 > 이디야커피,대구 수성구 시지로 22,128.69237942775987,35.84070627833633,1008,053-795-2220,http://place.map.kakao.com/1234948204,1234948204,N,KAKAO_LOCAL_API
KKO_DAEGU_088,DAEGU,대구 삼성 라이온즈 파크,카페,CE7,카페모든날모든순간,음식점 > 카페,대구 수성구 월드컵로5길 17,128.68283965713798,35.83206953459149,1015,053-795-7878,http://place.map.kakao.com/967766513,967766513,N,KAKAO_LOCAL_API
KKO_DAEGU_089,DAEGU,대구 삼성 라이온즈 파크,카페,CE7,라우디,음식점 > 카페 > 커피전문점,대구 수성구 시지로 31,128.69306074384767,35.840113645936526,1074,053-219-5032,http://place.map.kakao.com/2135290792,2135290792,N,KAKAO_LOCAL_API
KKO_DAEGU_090,DAEGU,대구 삼성 라이온즈 파크,카페,CE7,오브스윗,음식점 > 카페,대구 수성구 알파시티2로9길 12,128.69343327351055,35.83926042933948,1121,010-2924-8496,http://place.map.kakao.com/1333276528,1333276528,N,KAKAO_LOCAL_API
KKO_DAEGU_091,DAEGU,대구 삼성 라이온즈 파크,관광명소,AT4,연호지,"여행 > 관광,명소 > 저수지",대구 수성구 삼덕동 11,128.6775235806245,35.839691787232134,371,,http://place.map.kakao.com/8012652,8012652,N,KAKAO_LOCAL_API
KKO_DAEGU_092,DAEGU,대구 삼성 라이온즈 파크,관광명소,AT4,대구어린이천문대,"여행 > 관광,명소 > 천문대",대구 수성구 알파시티1로31길 37,128.67951361179004,35.83387328761827,820,053-243-3245,http://place.map.kakao.com/1015602293,1015602293,N,KAKAO_LOCAL_API
KKO_DAEGU_093,DAEGU,대구 삼성 라이온즈 파크,관광명소,AT4,송골,"여행 > 관광,명소 > 계곡",대구 수성구 삼덕동,128.675584204466,35.8321475040198,1120,,http://place.map.kakao.com/25290892,25290892,N,KAKAO_LOCAL_API
KKO_DAEGU_094,DAEGU,대구 삼성 라이온즈 파크,관광명소,AT4,원정지,"여행 > 관광,명소 > 저수지",대구 수성구 대흥동 420,128.6821174702278,35.83083157400521,1145,,http://place.map.kakao.com/8029392,8029392,N,KAKAO_LOCAL_API
KKO_DAEGU_095,DAEGU,대구 삼성 라이온즈 파크,관광명소,AT4,대진지,"여행 > 관광,명소 > 저수지",대구 수성구 대흥동 907,128.6915852186308,35.83389858486049,1232,,http://place.map.kakao.com/7829760,7829760,N,KAKAO_LOCAL_API
KKO_DAEGU_096,DAEGU,대구 삼성 라이온즈 파크,관광명소,AT4,연호내지,"여행 > 관광,명소 > 저수지",대구 수성구 연호동 422,128.66845292390113,35.8367821653201,1252,,http://place.map.kakao.com/10185441,10185441,N,KAKAO_LOCAL_API
KKO_DAEGU_097,DAEGU,대구 삼성 라이온즈 파크,관광명소,AT4,연지,"여행 > 관광,명소 > 저수지",대구 수성구 연호동 2-1,128.6710365252169,35.850316464362315,1374,,http://place.map.kakao.com/18376671,18376671,N,KAKAO_LOCAL_API
KKO_DAEGU_098,DAEGU,대구 삼성 라이온즈 파크,관광명소,AT4,천을산,"여행 > 관광,명소 > 산",대구 수성구 가천동,128.694310890166,35.8510177438203,1612,,http://place.map.kakao.com/17484430,17484430,N,KAKAO_LOCAL_API
KKO_DAEGU_099,DAEGU,대구 삼성 라이온즈 파크,관광명소,AT4,외지,"여행 > 관광,명소 > 저수지",대구 수성구 이천동 122,128.66422245928143,35.84606758087541,1631,,http://place.map.kakao.com/18376581,18376581,N,KAKAO_LOCAL_API
KKO_DAEGU_100,DAEGU,대구 삼성 라이온즈 파크,관광명소,AT4,담티못,"여행 > 관광,명소 > 저수지",대구 수성구 이천동 46-3,128.66582812864667,35.84975710603297,1689,,http://place.map.kakao.com/26155295,26155295,N,KAKAO_LOCAL_API
KKO_DAEGU_101,DAEGU,대구 삼성 라이온즈 파크,관광명소,AT4,연호산,"여행 > 관광,명소 > 산",대구 수성구 연호동 산 34,128.66825588780196,35.852947677614864,1759,,http://place.map.kakao.com/25319650,25319650,N,KAKAO_LOCAL_API
KKO_DAEGU_102,DAEGU,대구 삼성 라이온즈 파크,관광명소,AT4,쟁골,"여행 > 관광,명소 > 계곡",대구 수성구 이천동,128.660793401674,35.8424492082726,1853,,http://place.map.kakao.com/25354580,25354580,N,KAKAO_LOCAL_API
KKO_DAEGU_103,DAEGU,대구 삼성 라이온즈 파크,관광명소,AT4,구라지,"여행 > 관광,명소 > 저수지",대구 수성구 삼덕동 677,128.66569780528846,35.82833617786984,1996,,http://place.map.kakao.com/10255685,10255685,N,KAKAO_LOCAL_API
KKO_DAEGU_104,DAEGU,대구 삼성 라이온즈 파크,관광명소,AT4,내지,"여행 > 관광,명소 > 저수지",대구 수성구 이천동 417,128.65742414244272,35.83860462220595,2170,,http://place.map.kakao.com/8043486,8043486,N,KAKAO_LOCAL_API
KKO_DAEGU_105,DAEGU,대구 삼성 라이온즈 파크,관광명소,AT4,우산,"여행 > 관광,명소 > 산",대구 수성구 매호동 산 26,128.7037282756441,35.8483893190009,2186,,http://place.map.kakao.com/8461588,8461588,N,KAKAO_LOCAL_API
KKO_DAEGU_106,DAEGU,대구 삼성 라이온즈 파크,관광명소,AT4,보개골,"여행 > 관광,명소 > 계곡",대구 수성구 노변동,128.700490658008,35.8289932657034,2200,,http://place.map.kakao.com/25252676,25252676,N,KAKAO_LOCAL_API
KKO_DAEGU_107,DAEGU,대구 삼성 라이온즈 파크,관광명소,AT4,구름골,"여행 > 관광,명소 > 계곡",대구 수성구 삼덕동,128.660236927204,35.8291308639745,2318,,http://place.map.kakao.com/25183679,25183679,N,KAKAO_LOCAL_API
KKO_DAEGU_108,DAEGU,대구 삼성 라이온즈 파크,관광명소,AT4,소소별,"여행 > 관광,명소 > 전망대",대구 수성구 대흥동 산 16-1,128.687242805705,35.8199956432231,2407,,http://place.map.kakao.com/1102486856,1102486856,N,KAKAO_LOCAL_API
KKO_DAEGU_109,DAEGU,대구 삼성 라이온즈 파크,관광명소,AT4,욱수산,"여행 > 관광,명소 > 산",대구 수성구 노변동 산 10-8,128.69750474096,35.8234664758947,2450,,http://place.map.kakao.com/24021952,24021952,N,KAKAO_LOCAL_API
KKO_GWANGJU_001,GWANGJU,광주-KIA 챔피언스 필드,음식점,FD6,BHC치킨 기아챔피언스필드점,음식점 > 치킨 > BHC치킨,전남광주통합특별시 북구 서림로 10,126.888303613545,35.1686140903943,100,02-2185-7733,http://place.map.kakao.com/1979824350,1979824350,N,KAKAO_LOCAL_API
KKO_GWANGJU_002,GWANGJU,광주-KIA 챔피언스 필드,음식점,FD6,가마솥양동통닭,음식점 > 치킨,전남광주통합특별시 북구 금호로 5-7,126.889749559423,35.1700251383946,108,062-523-9908,http://place.map.kakao.com/1226921821,1226921821,N,KAKAO_LOCAL_API
KKO_GWANGJU_003,GWANGJU,광주-KIA 챔피언스 필드,음식점,FD6,두찜 광주운암점,"음식점 > 한식 > 육류,고기 > 닭요리 > 두찜",전남광주통합특별시 북구 금호로 1-1,126.889988336989,35.1695981119642,109,062-511-2789,http://place.map.kakao.com/1612979108,1612979108,N,KAKAO_LOCAL_API
KKO_GWANGJU_004,GWANGJU,광주-KIA 챔피언스 필드,음식점,FD6,노랑통닭 광주임동점,음식점 > 치킨 > 노랑통닭,전남광주통합특별시 북구 금호로 3,126.89005188831848,35.169683798593596,117,0502-5550-2078,http://place.map.kakao.com/657501073,657501073,N,KAKAO_LOCAL_API
KKO_GWANGJU_005,GWANGJU,광주-KIA 챔피언스 필드,음식점,FD6,밤비,음식점 > 술집,전남광주통합특별시 북구 금호로 5,126.890027446421,35.1699010036365,123,,http://place.map.kakao.com/18774818,18774818,N,KAKAO_LOCAL_API
KKO_GWANGJU_006,GWANGJU,광주-KIA 챔피언스 필드,음식점,FD6,호식이두마리치킨 광주챔피언스필드점,음식점 > 치킨 > 호식이두마리치킨,전남광주통합특별시 북구 금호로 5,126.890031842092,35.1698974021533,123,,http://place.map.kakao.com/1432155217,1432155217,N,KAKAO_LOCAL_API
KKO_GWANGJU_007,GWANGJU,광주-KIA 챔피언스 필드,음식점,FD6,파파존스 광주기아챔피언스필드점,음식점 > 양식 > 피자 > 파파존스,전남광주통합특별시 북구 서림로 10,126.88820399793622,35.16841389703202,124,1577-8080,http://place.map.kakao.com/1402316291,1402316291,N,KAKAO_LOCAL_API
KKO_GWANGJU_008,GWANGJU,광주-KIA 챔피언스 필드,음식점,FD6,원샷치킨 3층3루,음식점 > 치킨,전남광주통합특별시 북구 서림로 10,126.88829742802746,35.168321143363464,130,,http://place.map.kakao.com/1683654450,1683654450,N,KAKAO_LOCAL_API
KKO_GWANGJU_009,GWANGJU,광주-KIA 챔피언스 필드,음식점,FD6,스트릿츄러스 3층 3루,음식점 > 간식,전남광주통합특별시 북구 서림로 10,126.888431413025,35.1682716921539,132,,http://place.map.kakao.com/208661400,208661400,N,KAKAO_LOCAL_API
KKO_GWANGJU_010,GWANGJU,광주-KIA 챔피언스 필드,음식점,FD6,자문밖 3루 클럽라운지,음식점 > 한식,전남광주통합특별시 북구 서림로 10,126.888266699078,35.1683166082359,132,,http://place.map.kakao.com/330700838,330700838,N,KAKAO_LOCAL_API
KKO_GWANGJU_011,GWANGJU,광주-KIA 챔피언스 필드,음식점,FD6,원샷치킨 3루 클럽라운지,음식점 > 치킨,전남광주통합특별시 북구 서림로 10,126.888557714091,35.1682222337272,135,,http://place.map.kakao.com/530197014,530197014,N,KAKAO_LOCAL_API
KKO_GWANGJU_012,GWANGJU,광주-KIA 챔피언스 필드,음식점,FD6,타코잇 3층 3루,음식점 > 간식,전남광주통합특별시 북구 서림로 10,126.888420485455,35.1682356277762,136,,http://place.map.kakao.com/356096135,356096135,N,KAKAO_LOCAL_API
KKO_GWANGJU_013,GWANGJU,광주-KIA 챔피언스 필드,음식점,FD6,감탄떡볶이 5층 3루,음식점 > 분식 > 떡볶이 > 감탄떡볶이,전남광주통합특별시 북구 서림로 10,126.888436969144,35.1682221225901,137,,http://place.map.kakao.com/490199876,490199876,N,KAKAO_LOCAL_API
KKO_GWANGJU_014,GWANGJU,광주-KIA 챔피언스 필드,음식점,FD6,보영만두 3층 3루,음식점 > 분식,전남광주통합특별시 북구 서림로 10,126.88844246986,35.1682131140773,138,,http://place.map.kakao.com/179946085,179946085,N,KAKAO_LOCAL_API
KKO_GWANGJU_015,GWANGJU,광주-KIA 챔피언스 필드,음식점,FD6,감탄떡볶이 3층 3루,음식점 > 분식 > 떡볶이 > 감탄떡볶이,전남광주통합특별시 북구 서림로 10,126.88843698761,35.1682086022395,139,,http://place.map.kakao.com/2020584392,2020584392,N,KAKAO_LOCAL_API
KKO_GWANGJU_016,GWANGJU,광주-KIA 챔피언스 필드,음식점,FD6,풍성식당,음식점 > 한식,전남광주통합특별시 북구 무등로 55,126.89034422893,35.1694217685378,140,062-522-2347,http://place.map.kakao.com/16198183,16198183,N,KAKAO_LOCAL_API
KKO_GWANGJU_017,GWANGJU,광주-KIA 챔피언스 필드,음식점,FD6,프랭크버거 기아챔피언스필드점,음식점 > 양식 > 햄버거 > 프랭크버거,전남광주통합특별시 북구 서림로 10,126.88814052112367,35.16827593073317,140,,http://place.map.kakao.com/1636824281,1636824281,N,KAKAO_LOCAL_API
KKO_GWANGJU_018,GWANGJU,광주-KIA 챔피언스 필드,음식점,FD6,입술,"음식점 > 술집 > 호프,요리주점",전남광주통합특별시 북구 금호로 9-1,126.890100639666,35.1701633651172,143,,http://place.map.kakao.com/119189575,119189575,N,KAKAO_LOCAL_API
KKO_GWANGJU_019,GWANGJU,광주-KIA 챔피언스 필드,음식점,FD6,일미식당,음식점 > 한식,전남광주통합특별시 북구 금호로 10,126.89029482735411,35.17024286059694,163,062-525-7712,http://place.map.kakao.com/1779053376,1779053376,N,KAKAO_LOCAL_API
KKO_GWANGJU_020,GWANGJU,광주-KIA 챔피언스 필드,음식점,FD6,BHC치킨 3층 1루,음식점 > 치킨 > BHC치킨,전남광주통합특별시 북구 서림로 10,126.888525238783,35.167888701439,172,,http://place.map.kakao.com/86260685,86260685,N,KAKAO_LOCAL_API
KKO_GWANGJU_021,GWANGJU,광주-KIA 챔피언스 필드,음식점,FD6,덕이네맛집,음식점 > 한식,전남광주통합특별시 북구 금호로 13,126.89006930820082,35.17060590323622,174,062-527-0630,http://place.map.kakao.com/16717404,16717404,N,KAKAO_LOCAL_API
KKO_GWANGJU_022,GWANGJU,광주-KIA 챔피언스 필드,음식점,FD6,타코잇 1루 클럽라운지,음식점 > 간식,전남광주통합특별시 북구 서림로 10,126.88833433295916,35.167822726492076,182,,http://place.map.kakao.com/1024134510,1024134510,N,KAKAO_LOCAL_API
KKO_GWANGJU_023,GWANGJU,광주-KIA 챔피언스 필드,음식점,FD6,자문밖 1루 클럽라운지,음식점 > 한식,전남광주통합특별시 북구 서림로 10,126.888443085356,35.1677624357086,187,,http://place.map.kakao.com/1159911153,1159911153,N,KAKAO_LOCAL_API
KKO_GWANGJU_024,GWANGJU,광주-KIA 챔피언스 필드,음식점,FD6,보영만두 3층 클럽라운지,음식점 > 분식,전남광주통합특별시 북구 서림로 10,126.88834757160056,35.16777406536784,187,,http://place.map.kakao.com/786330953,786330953,N,KAKAO_LOCAL_API
KKO_GWANGJU_025,GWANGJU,광주-KIA 챔피언스 필드,음식점,FD6,감탄떡볶이 기아챔피언스필드점,음식점 > 분식 > 떡볶이 > 감탄떡볶이,전남광주통합특별시 북구 서림로 10,126.888001946002,35.1676700901663,207,,http://place.map.kakao.com/779019554,779019554,N,KAKAO_LOCAL_API
KKO_GWANGJU_026,GWANGJU,광주-KIA 챔피언스 필드,음식점,FD6,파파존스 3층 1루,음식점 > 양식 > 피자 > 파파존스,전남광주통합특별시 북구 서림로 10,126.88907789288604,35.16750432889555,214,,http://place.map.kakao.com/1639712534,1639712534,N,KAKAO_LOCAL_API
KKO_GWANGJU_027,GWANGJU,광주-KIA 챔피언스 필드,음식점,FD6,프랭크버거 3층1루,음식점 > 양식 > 햄버거 > 프랭크버거,전남광주통합특별시 북구 서림로 10,126.88882215132605,35.167492376808056,214,,http://place.map.kakao.com/1481961563,1481961563,N,KAKAO_LOCAL_API
KKO_GWANGJU_028,GWANGJU,광주-KIA 챔피언스 필드,음식점,FD6,XOXO핫도그앤커피 3층 1루,음식점 > 패스트푸드,전남광주통합특별시 북구 서림로 10,126.88885508760454,35.16748790024075,214,,http://place.map.kakao.com/2037596183,2037596183,N,KAKAO_LOCAL_API
KKO_GWANGJU_029,GWANGJU,광주-KIA 챔피언스 필드,음식점,FD6,XOXO핫도그앤커피 기아챔피언스필드 클럽라운지,음식점 > 패스트푸드,전남광주통합특별시 북구 서림로 10,126.88819091000312,35.167550384114435,215,1522-0727,http://place.map.kakao.com/589453372,589453372,N,KAKAO_LOCAL_API
KKO_GWANGJU_030,GWANGJU,광주-KIA 챔피언스 필드,음식점,FD6,감탄떡볶이 3층 1루,음식점 > 분식 > 떡볶이 > 감탄떡볶이,전남광주통합특별시 북구 서림로 10,126.88896267166272,35.167478985318326,216,,http://place.map.kakao.com/1045262918,1045262918,N,KAKAO_LOCAL_API
KKO_GWANGJU_031,GWANGJU,광주-KIA 챔피언스 필드,음식점,FD6,스트릿츄러스 3층 1루,음식점 > 간식,전남광주통합특별시 북구 서림로 10,126.88885511826498,35.16746536632008,217,,http://place.map.kakao.com/890148866,890148866,N,KAKAO_LOCAL_API
KKO_GWANGJU_032,GWANGJU,광주-KIA 챔피언스 필드,음식점,FD6,스테이션 3층 1루,음식점 > 간식,전남광주통합특별시 북구 서림로 10,126.88901976282007,35.167470024053905,217,,http://place.map.kakao.com/1280114316,1280114316,N,KAKAO_LOCAL_API
KKO_GWANGJU_033,GWANGJU,광주-KIA 챔피언스 필드,음식점,FD6,원샷치킨 1루 클럽라운지,음식점 > 치킨,전남광주통합특별시 북구 서림로 10,126.88879809458057,35.16742475288133,221,,http://place.map.kakao.com/1568952376,1568952376,N,KAKAO_LOCAL_API
KKO_GWANGJU_034,GWANGJU,광주-KIA 챔피언스 필드,음식점,FD6,BHC치킨 5층 1루,음식점 > 치킨 > BHC치킨,전남광주통합특별시 북구 서림로 10,126.88888053636106,35.1673391995229,231,,http://place.map.kakao.com/1436413846,1436413846,N,KAKAO_LOCAL_API
KKO_GWANGJU_035,GWANGJU,광주-KIA 챔피언스 필드,음식점,FD6,진미포차,음식점 > 술집 > 실내포장마차,전남광주통합특별시 북구 금호로 29,126.889889654666,35.1719586774778,298,,http://place.map.kakao.com/928198998,928198998,N,KAKAO_LOCAL_API
KKO_GWANGJU_036,GWANGJU,광주-KIA 챔피언스 필드,음식점,FD6,수우미식당,음식점 > 한식,전남광주통합특별시 북구 금호로 29,126.8898621882807,35.17197577833998,299,062-521-7156,http://place.map.kakao.com/1794475894,1794475894,N,KAKAO_LOCAL_API
KKO_GWANGJU_037,GWANGJU,광주-KIA 챔피언스 필드,음식점,FD6,금바다수산,"음식점 > 한식 > 해물,생선 > 회",전남광주통합특별시 북구 서림로 19,126.89129284097747,35.16762171057856,302,062-523-0051,http://place.map.kakao.com/924403599,924403599,N,KAKAO_LOCAL_API
KKO_GWANGJU_038,GWANGJU,광주-KIA 챔피언스 필드,음식점,FD6,만남보신탕,"음식점 > 한식 > 사철탕,영양탕",전남광주통합특별시 북구 운신북길 247,126.886929171299,35.1718847431076,322,062-512-2816,http://place.map.kakao.com/9758322,9758322,N,KAKAO_LOCAL_API
KKO_GWANGJU_039,GWANGJU,광주-KIA 챔피언스 필드,음식점,FD6,BHC치킨 임동챔피언스필드점,음식점 > 치킨 > BHC치킨,전남광주통합특별시 북구 서림로 24-9,126.89081287449852,35.16701196088379,323,062-527-6868,http://place.map.kakao.com/1061957505,1061957505,N,KAKAO_LOCAL_API
KKO_GWANGJU_040,GWANGJU,광주-KIA 챔피언스 필드,음식점,FD6,풍진갈비탕,음식점 > 한식,전남광주통합특별시 북구 서림로 26,126.891233096635,35.1671502466809,335,,http://place.map.kakao.com/1115744997,1115744997,N,KAKAO_LOCAL_API
KKO_GWANGJU_041,GWANGJU,광주-KIA 챔피언스 필드,음식점,FD6,한솥도시락 광주운암경신점,음식점 > 도시락 > 한솥도시락,전남광주통합특별시 북구 서암대로 36,126.888724267599,35.1724668794474,337,062-514-4525,http://place.map.kakao.com/978652122,978652122,N,KAKAO_LOCAL_API
KKO_GWANGJU_042,GWANGJU,광주-KIA 챔피언스 필드,음식점,FD6,오빠통닭 운암점,음식점 > 치킨,전남광주통합특별시 북구 서암대로 30,126.888012830547,35.1725410364765,353,062-522-5858,http://place.map.kakao.com/1065006969,1065006969,N,KAKAO_LOCAL_API
KKO_GWANGJU_043,GWANGJU,광주-KIA 챔피언스 필드,음식점,FD6,도미노피자 광주운암점,음식점 > 양식 > 피자 > 도미노피자,전남광주통합특별시 북구 서암대로 28,126.8878196717523,35.17250931024991,353,062-531-3084,http://place.map.kakao.com/16458212,16458212,N,KAKAO_LOCAL_API
KKO_GWANGJU_044,GWANGJU,광주-KIA 챔피언스 필드,음식점,FD6,김상미김밥,음식점 > 분식,전남광주통합특별시 북구 천변우로79번길 77,126.889646013287,35.1662303274674,362,,http://place.map.kakao.com/1317829060,1317829060,N,KAKAO_LOCAL_API
KKO_GWANGJU_045,GWANGJU,광주-KIA 챔피언스 필드,음식점,FD6,피자스쿨 경신여고사거리점,음식점 > 양식 > 피자 > 피자스쿨,전남광주통합특별시 북구 서암대로 43,126.889641606654,35.1727417312324,375,062-511-8844,http://place.map.kakao.com/13716891,13716891,N,KAKAO_LOCAL_API
KKO_GWANGJU_046,GWANGJU,광주-KIA 챔피언스 필드,카페,CE7,요거트아이스크림의정석 광주챔피언스필드점,음식점 > 카페 > 테마카페 > 디저트카페 > 요거트아이스크림의정석,전남광주통합특별시 북구 서림로 10,126.88810205903593,35.16830744269276,139,,http://place.map.kakao.com/2128953055,2128953055,N,KAKAO_LOCAL_API
KKO_GWANGJU_047,GWANGJU,광주-KIA 챔피언스 필드,카페,CE7,필로스팅하우스,음식점 > 카페,전남광주통합특별시 북구 무등로 20-1,126.886647368516,35.170076356784,209,010-9847-8828,http://place.map.kakao.com/585990562,585990562,N,KAKAO_LOCAL_API
KKO_GWANGJU_048,GWANGJU,광주-KIA 챔피언스 필드,카페,CE7,카페앤,음식점 > 카페,전남광주통합특별시 북구 무등로 20,126.88651008761246,35.17012490155643,223,062-416-0794,http://place.map.kakao.com/142034252,142034252,N,KAKAO_LOCAL_API
KKO_GWANGJU_049,GWANGJU,광주-KIA 챔피언스 필드,카페,CE7,인크커피 광주기아챔피언스필드점,음식점 > 카페 > 커피전문점,전남광주통합특별시 북구 서림로 10,126.88899259051618,35.16727170040502,239,0507-1363-5941,http://place.map.kakao.com/266604145,266604145,N,KAKAO_LOCAL_API
KKO_GWANGJU_050,GWANGJU,광주-KIA 챔피언스 필드,카페,CE7,카페묵향,음식점 > 카페,전남광주통합특별시 북구 금호로6번길 19,126.891419507628,35.1697724638768,241,,http://place.map.kakao.com/908168321,908168321,N,KAKAO_LOCAL_API
KKO_GWANGJU_051,GWANGJU,광주-KIA 챔피언스 필드,카페,CE7,냥쿤하우스,음식점 > 카페 > 테마카페 > 고양이카페,전남광주통합특별시 북구 금호로 31,126.889768690078,35.1721172063878,311,0502-5554-3478,http://place.map.kakao.com/1642534397,1642534397,N,KAKAO_LOCAL_API
KKO_GWANGJU_052,GWANGJU,광주-KIA 챔피언스 필드,카페,CE7,24시 무인애견놀이터 멍타벅스,음식점 > 카페 > 테마카페 > 애견카페,전남광주통합특별시 북구 금호로 35,126.889622382078,35.1723460179041,332,010-5950-4422,http://place.map.kakao.com/1794576315,1794576315,N,KAKAO_LOCAL_API
KKO_GWANGJU_053,GWANGJU,광주-KIA 챔피언스 필드,카페,CE7,벌크커피 경신여고사거리점,음식점 > 카페 > 벌크커피,전남광주통합특별시 북구 서암대로 38,126.888904291792,35.1724706501134,338,062-417-4694,http://place.map.kakao.com/277613878,277613878,N,KAKAO_LOCAL_API
KKO_GWANGJU_054,GWANGJU,광주-KIA 챔피언스 필드,카페,CE7,커피쿡 임동챔피언스필드점,음식점 > 카페,전남광주통합특별시 북구 서림로 26-2,126.891249788436,35.1669799050404,350,062-462-2525,http://place.map.kakao.com/2120166584,2120166584,N,KAKAO_LOCAL_API
KKO_GWANGJU_055,GWANGJU,광주-KIA 챔피언스 필드,카페,CE7,텐퍼센트커피 광주운암경신점,음식점 > 카페 > 커피전문점 > 텐퍼센트커피,전남광주통합특별시 북구 서암대로 31,126.888432727875,35.1729344156144,391,,http://place.map.kakao.com/209358089,209358089,N,KAKAO_LOCAL_API
KKO_GWANGJU_056,GWANGJU,광주-KIA 챔피언스 필드,카페,CE7,컴포즈커피 광주임동한국점,음식점 > 카페 > 커피전문점 > 컴포즈커피,전남광주통합특별시 북구 천변우로79번길 89,126.89147439940308,35.16646272687684,408,062-522-0671,http://place.map.kakao.com/1256822508,1256822508,N,KAKAO_LOCAL_API
KKO_GWANGJU_057,GWANGJU,광주-KIA 챔피언스 필드,카페,CE7,컴포즈커피 광주경신사거리점,음식점 > 카페 > 커피전문점 > 컴포즈커피,전남광주통합특별시 북구 금호로 42,126.8892031037485,35.17311269009047,410,062-523-5230,http://place.map.kakao.com/1607899128,1607899128,N,KAKAO_LOCAL_API
KKO_GWANGJU_058,GWANGJU,광주-KIA 챔피언스 필드,카페,CE7,청자다방 경신사거리점,음식점 > 카페 > 청자다방,전남광주통합특별시 북구 금호로 45,126.88887918251,35.1731754883777,416,010-4321-1245,http://place.map.kakao.com/1719879127,1719879127,N,KAKAO_LOCAL_API
KKO_GWANGJU_059,GWANGJU,광주-KIA 챔피언스 필드,카페,CE7,무니케이크,음식점 > 카페 > 테마카페 > 디저트카페,전남광주통합특별시 북구 금호로40번길 16,126.89024697283374,35.173179439402915,436,010-4981-1105,http://place.map.kakao.com/1379081015,1379081015,N,KAKAO_LOCAL_API
KKO_GWANGJU_060,GWANGJU,광주-KIA 챔피언스 필드,카페,CE7,모토모토,음식점 > 카페,전남광주통합특별시 북구 하남대로 834,126.883869386441,35.1706262576434,469,010-4372-5282,http://place.map.kakao.com/1088072558,1088072558,N,KAKAO_LOCAL_API
KKO_GWANGJU_061,GWANGJU,광주-KIA 챔피언스 필드,카페,CE7,갤러리24카페,음식점 > 카페,전남광주통합특별시 서구 천변좌로 14,126.88478304663721,35.166479081731175,490,,http://place.map.kakao.com/972091142,972091142,N,KAKAO_LOCAL_API
KKO_GWANGJU_062,GWANGJU,광주-KIA 챔피언스 필드,카페,CE7,요거트아이스크림의정석 광주임동점,음식점 > 카페 > 테마카페 > 디저트카페 > 요거트아이스크림의정석,전남광주통합특별시 북구 천변우로79번길 25-1,126.88909235487769,35.16493727415089,498,0507-1396-7060,http://place.map.kakao.com/77191901,77191901,N,KAKAO_LOCAL_API
KKO_GWANGJU_063,GWANGJU,광주-KIA 챔피언스 필드,카페,CE7,나인스톤,음식점 > 카페,전남광주통합특별시 서구 죽봉대로 153,126.88354486714432,35.16726298061471,535,,http://place.map.kakao.com/2124876962,2124876962,N,KAKAO_LOCAL_API
KKO_GWANGJU_064,GWANGJU,광주-KIA 챔피언스 필드,카페,CE7,미담사주카페,음식점 > 카페 > 테마카페,전남광주통합특별시 북구 북문대로 2-3,126.884841144909,35.1735412732317,582,062-513-0134,http://place.map.kakao.com/166942213,166942213,N,KAKAO_LOCAL_API
KKO_GWANGJU_065,GWANGJU,광주-KIA 챔피언스 필드,카페,CE7,스타벅스 광주신안DT점,음식점 > 카페 > 커피전문점 > 스타벅스,전남광주통합특별시 북구 서암대로 93,126.8948211403407,35.171594404585306,598,1522-3232,http://place.map.kakao.com/123618728,123618728,N,KAKAO_LOCAL_API
KKO_GWANGJU_066,GWANGJU,광주-KIA 챔피언스 필드,카페,CE7,조이,음식점 > 카페,전남광주통합특별시 북구 북문대로 7,126.883882052543,35.1732987939727,621,062-401-4800,http://place.map.kakao.com/2033870918,2033870918,N,KAKAO_LOCAL_API
KKO_GWANGJU_067,GWANGJU,광주-KIA 챔피언스 필드,카페,CE7,화수분7080,음식점 > 카페 > 테마카페 > 라이브카페,전남광주통합특별시 북구 대자로 101,126.883675827151,35.1731922359817,627,,http://place.map.kakao.com/1228444509,1228444509,N,KAKAO_LOCAL_API
KKO_GWANGJU_068,GWANGJU,광주-KIA 챔피언스 필드,카페,CE7,예솔커피,음식점 > 카페,전남광주통합특별시 북구 비엔날레로 24,126.886679144926,35.1748643958771,634,,http://place.map.kakao.com/1783183116,1783183116,N,KAKAO_LOCAL_API
KKO_GWANGJU_069,GWANGJU,광주-KIA 챔피언스 필드,카페,CE7,델디아,음식점 > 카페,전남광주통합특별시 북구 북문대로 10-1,126.88406579884,35.1737748864648,647,070-4827-1405,http://place.map.kakao.com/2132474300,2132474300,N,KAKAO_LOCAL_API
KKO_GWANGJU_070,GWANGJU,광주-KIA 챔피언스 필드,카페,CE7,그린아워즈,음식점 > 카페,전남광주통합특별시 북구 금호로 73,126.886921422719,35.1751025804876,653,,http://place.map.kakao.com/1907479043,1907479043,N,KAKAO_LOCAL_API
KKO_GWANGJU_071,GWANGJU,광주-KIA 챔피언스 필드,카페,CE7,벌크커피 북광주세무서점,음식점 > 카페 > 벌크커피,전남광주통합특별시 북구 금호로 74,126.887113311341,35.1752632009316,665,,http://place.map.kakao.com/1936589270,1936589270,N,KAKAO_LOCAL_API
KKO_GWANGJU_072,GWANGJU,광주-KIA 챔피언스 필드,카페,CE7,아스테리,음식점 > 카페,전남광주통합특별시 북구 운용로 31,126.889787162767,35.1755108323632,681,010-8941-3600,http://place.map.kakao.com/2142875732,2142875732,N,KAKAO_LOCAL_API
KKO_GWANGJU_073,GWANGJU,광주-KIA 챔피언스 필드,카페,CE7,메가MGC커피 전대치대점,음식점 > 카페 > 커피전문점 > 메가MGC커피,전남광주통합특별시 북구 서암대로 107,126.89617754576818,35.171034930329824,694,0503-7153-6214,http://place.map.kakao.com/423302496,423302496,N,KAKAO_LOCAL_API
KKO_GWANGJU_074,GWANGJU,광주-KIA 챔피언스 필드,카페,CE7,카페베네 광주현대웰빙랜드점,음식점 > 카페 > 커피전문점 > 카페베네,전남광주통합특별시 북구 비엔날레로 40,126.88816163015377,35.175706739567644,699,062-511-6232,http://place.map.kakao.com/13026088,13026088,N,KAKAO_LOCAL_API
KKO_GWANGJU_075,GWANGJU,광주-KIA 챔피언스 필드,카페,CE7,무화과로스터스,음식점 > 카페,전남광주통합특별시 북구 금호로 79,126.886511439531,35.1754717532972,702,,http://place.map.kakao.com/1130699358,1130699358,N,KAKAO_LOCAL_API
KKO_GWANGJU_076,GWANGJU,광주-KIA 챔피언스 필드,카페,CE7,텐퍼센트커피 광천힐스테이트점,음식점 > 카페 > 커피전문점 > 텐퍼센트커피,전남광주통합특별시 서구 천변좌로 56,126.88619926784072,35.1631544081339,734,0503-7153-7508,http://place.map.kakao.com/671004214,671004214,N,KAKAO_LOCAL_API
KKO_GWANGJU_077,GWANGJU,광주-KIA 챔피언스 필드,카페,CE7,쁘띠쁘리송,음식점 > 카페,전남광주통합특별시 북구 서암대로 95,126.89634112834342,35.17188234640637,738,0507-1305-9440,http://place.map.kakao.com/1952636742,1952636742,N,KAKAO_LOCAL_API
KKO_GWANGJU_078,GWANGJU,광주-KIA 챔피언스 필드,카페,CE7,아띠랑스,음식점 > 카페 > 커피전문점,전남광주통합특별시 북구 대자로 87,126.88200369272,35.173373594183,758,,http://place.map.kakao.com/2039418243,2039418243,N,KAKAO_LOCAL_API
KKO_GWANGJU_079,GWANGJU,광주-KIA 챔피언스 필드,카페,CE7,커피숲,음식점 > 카페 > 커피전문점,전남광주통합특별시 북구 비엔날레로3번길 42,126.883464896162,35.1748451218333,773,,http://place.map.kakao.com/399058939,399058939,N,KAKAO_LOCAL_API
KKO_GWANGJU_080,GWANGJU,광주-KIA 챔피언스 필드,카페,CE7,운암다방,음식점 > 카페 > 다방,전남광주통합특별시 북구 북문대로33번길 51,126.881209794664,35.172772514421,785,,http://place.map.kakao.com/931538563,931538563,N,KAKAO_LOCAL_API
KKO_GWANGJU_081,GWANGJU,광주-KIA 챔피언스 필드,카페,CE7,브레오,음식점 > 카페,전남광주통합특별시 북구 청계로 27,126.893246229241,35.1755418722702,790,0502-5553-9039,http://place.map.kakao.com/2100142680,2100142680,N,KAKAO_LOCAL_API
KKO_GWANGJU_082,GWANGJU,광주-KIA 챔피언스 필드,카페,CE7,더벤티 광주중앙여고점,음식점 > 카페 > 커피전문점 > 더벤티,전남광주통합특별시 북구 금호로 95,126.88510883431124,35.175997724725995,803,070-8287-0255,http://place.map.kakao.com/1769215175,1769215175,N,KAKAO_LOCAL_API
KKO_GWANGJU_083,GWANGJU,광주-KIA 챔피언스 필드,카페,CE7,카페253,음식점 > 카페,전남광주통합특별시 북구 중흥로17번길 10,126.896762191297,35.1661717030128,809,010-5215-0253,http://place.map.kakao.com/1683304453,1683304453,N,KAKAO_LOCAL_API
KKO_GWANGJU_084,GWANGJU,광주-KIA 챔피언스 필드,카페,CE7,텐퍼센트커피 광주태봉초등학교점,음식점 > 카페 > 커피전문점 > 텐퍼센트커피,전남광주통합특별시 북구 운용로 50,126.89140627332655,35.17642356630472,811,062-417-5315,http://place.map.kakao.com/86967276,86967276,N,KAKAO_LOCAL_API
KKO_GWANGJU_085,GWANGJU,광주-KIA 챔피언스 필드,카페,CE7,로우쉬프트,음식점 > 카페,전남광주통합특별시 북구 저불로 2,126.895261893569,35.1745782786953,820,,http://place.map.kakao.com/1549717138,1549717138,N,KAKAO_LOCAL_API
KKO_GWANGJU_086,GWANGJU,광주-KIA 챔피언스 필드,카페,CE7,후,음식점 > 카페,전남광주통합특별시 북구 대자로 76,126.880835979696,35.1731714484374,836,,http://place.map.kakao.com/1097854623,1097854623,N,KAKAO_LOCAL_API
KKO_GWANGJU_087,GWANGJU,광주-KIA 챔피언스 필드,카페,CE7,카페썸라인,음식점 > 카페,전남광주통합특별시 북구 금호로 99,126.884473039139,35.1761224086252,841,,http://place.map.kakao.com/1502909177,1502909177,N,KAKAO_LOCAL_API
KKO_GWANGJU_088,GWANGJU,광주-KIA 챔피언스 필드,카페,CE7,프레즐하우스 운암점,음식점 > 카페,전남광주통합특별시 북구 대자로 75-1,126.88061398565665,35.173341586324604,863,010-6515-3116,http://place.map.kakao.com/2040627314,2040627314,N,KAKAO_LOCAL_API
KKO_GWANGJU_089,GWANGJU,광주-KIA 챔피언스 필드,카페,CE7,벌크커피 운암문예회관점,음식점 > 카페 > 벌크커피,전남광주통합특별시 북구 북문대로 31-1,126.88179214239588,35.17467224322157,864,062-511-5013,http://place.map.kakao.com/1344063879,1344063879,N,KAKAO_LOCAL_API
KKO_GWANGJU_090,GWANGJU,광주-KIA 챔피언스 필드,카페,CE7,카페스토리,음식점 > 카페,전남광주통합특별시 북구 북문대로33번길 24,126.881077391442,35.1739892164855,867,,http://place.map.kakao.com/1013345197,1013345197,N,KAKAO_LOCAL_API
KKO_GWANGJU_091,GWANGJU,광주-KIA 챔피언스 필드,관광명소,AT4,봉림산,"여행 > 관광,명소 > 산",전남광주통합특별시 북구 신안동 산 8-1,126.892088815453,35.1733162977979,525,,http://place.map.kakao.com/225141993,225141993,N,KAKAO_LOCAL_API
KKO_GWANGJU_092,GWANGJU,광주-KIA 챔피언스 필드,관광명소,AT4,오월인권길 열정코스,"여행 > 관광,명소 > 도보여행",전남광주통합특별시 서구 광천동,126.8812837938995,35.16491004407988,848,,http://place.map.kakao.com/26563946,26563946,N,KAKAO_LOCAL_API
KKO_GWANGJU_093,GWANGJU,광주-KIA 챔피언스 필드,관광명소,AT4,별마루전망대,"여행 > 관광,명소 > 전망대",전남광주통합특별시 서구 양동 416-10,126.891281877311,35.1585387098107,1228,,http://place.map.kakao.com/1645993479,1645993479,N,KAKAO_LOCAL_API
KKO_GWANGJU_094,GWANGJU,광주-KIA 챔피언스 필드,관광명소,AT4,용봉패션의거리,"여행 > 관광,명소 > 테마거리",전남광주통합특별시 북구 용봉동 1429,126.897499771271,35.1784524214032,1276,,http://place.map.kakao.com/1467483326,1467483326,N,KAKAO_LOCAL_API
KKO_GWANGJU_095,GWANGJU,광주-KIA 챔피언스 필드,관광명소,AT4,아시아예술정원,"여행 > 관광,명소 > 수목원,식물원",전남광주통합특별시 북구 운암동 산 35-6,126.882859922695,35.180272506416,1320,,http://place.map.kakao.com/1417777013,1417777013,N,KAKAO_LOCAL_API
KKO_GWANGJU_096,GWANGJU,광주-KIA 챔피언스 필드,관광명소,AT4,삼화온천,"여행 > 관광,명소 > 온천",전남광주통합특별시 북구 자동차로 31,126.900631653917,35.1623748110828,1331,062-522-9791,http://place.map.kakao.com/9095952,9095952,N,KAKAO_LOCAL_API
KKO_GWANGJU_097,GWANGJU,광주-KIA 챔피언스 필드,관광명소,AT4,광주자동차의거리,"여행 > 관광,명소 > 테마거리",전남광주통합특별시 북구 임동 51,126.900956374008,35.16251568896,1346,,http://place.map.kakao.com/18136360,18136360,N,KAKAO_LOCAL_API
KKO_GWANGJU_098,GWANGJU,광주-KIA 챔피언스 필드,관광명소,AT4,온천의꽃,"여행 > 관광,명소 > 온천",전남광주통합특별시 북구 무등로180번길 12,126.90285422363,35.1652104852072,1362,,http://place.map.kakao.com/1470580404,1470580404,N,KAKAO_LOCAL_API
KKO_GWANGJU_099,GWANGJU,광주-KIA 챔피언스 필드,관광명소,AT4,용봉제,"여행 > 관광,명소 > 저수지",전남광주통합특별시 북구 용봉동 1028-3,126.89063941808422,35.18342551208245,1562,,http://place.map.kakao.com/8024447,8024447,N,KAKAO_LOCAL_API
KKO_GWANGJU_100,GWANGJU,광주-KIA 챔피언스 필드,관광명소,AT4,윤상원 숲,"여행 > 관광,명소 > 숲",전남광주통합특별시 북구 용봉로 77,126.904474617761,35.1753006703384,1569,,http://place.map.kakao.com/360087393,360087393,N,KAKAO_LOCAL_API
KKO_GWANGJU_101,GWANGJU,광주-KIA 챔피언스 필드,관광명소,AT4,운암제,"여행 > 관광,명소 > 저수지",전남광주통합특별시 북구 운암동 187-1,126.88175608126741,35.18289708326114,1626,,http://place.map.kakao.com/8459491,8459491,N,KAKAO_LOCAL_API
KKO_GWANGJU_102,GWANGJU,광주-KIA 챔피언스 필드,관광명소,AT4,벚꽃나무의거리,"여행 > 관광,명소 > 테마거리",전남광주통합특별시 서구 농성동 706,126.88689260843395,35.153893591028314,1731,,http://place.map.kakao.com/947029469,947029469,N,KAKAO_LOCAL_API
KKO_GWANGJU_103,GWANGJU,광주-KIA 챔피언스 필드,관광명소,AT4,광주오리요리의거리,"여행 > 관광,명소 > 테마거리 > 먹자골목",전남광주통합특별시 북구 경양로 127,126.90593199108,35.1614163911378,1795,,http://place.map.kakao.com/18094287,18094287,N,KAKAO_LOCAL_API
KKO_GWANGJU_104,GWANGJU,광주-KIA 챔피언스 필드,관광명소,AT4,아쿠아시티광주,"여행 > 관광,명소 > 테마파크 > 워터테마파크",전남광주통합특별시 북구 서하로 82,126.889378417949,35.1871280358842,1964,062-528-1300,http://place.map.kakao.com/1553633244,1553633244,N,KAKAO_LOCAL_API
KKO_GWANGJU_105,GWANGJU,광주-KIA 챔피언스 필드,관광명소,AT4,전남대학교 광주캠퍼스 용지,"여행 > 관광,명소 > 저수지",전남광주통합특별시 북구 용봉로 33,126.910075150212,35.1746046030802,2020,,http://place.map.kakao.com/8534205,8534205,N,KAKAO_LOCAL_API
KKO_GWANGJU_106,GWANGJU,광주-KIA 챔피언스 필드,관광명소,AT4,은행나무거리,"여행 > 관광,명소 > 테마거리",전남광주통합특별시 서구 농성동 133-10,126.89623442584,35.1521803536399,2029,,http://place.map.kakao.com/51830807,51830807,N,KAKAO_LOCAL_API
KKO_GWANGJU_107,GWANGJU,광주-KIA 챔피언스 필드,관광명소,AT4,벚꽃나무거리,"여행 > 관광,명소 > 테마거리",전남광주통합특별시 서구 농성동 671-1,126.895038650797,35.1518187795606,2033,,http://place.map.kakao.com/1649963709,1649963709,N,KAKAO_LOCAL_API
KKO_GWANGJU_108,GWANGJU,광주-KIA 챔피언스 필드,관광명소,AT4,돌고개역 먹자골목,"여행 > 관광,명소 > 테마거리 > 먹자골목",전남광주통합특별시 남구 월산동 1059-11,126.89437053905132,35.15078163448243,2129,,http://place.map.kakao.com/874618264,874618264,N,KAKAO_LOCAL_API
KKO_GWANGJU_109,GWANGJU,광주-KIA 챔피언스 필드,관광명소,AT4,농성동먹자골목,"여행 > 관광,명소 > 테마거리 > 먹자골목",전남광주통합특별시 서구 농성동 672-2,126.892406844114,35.1502210631814,2155,,http://place.map.kakao.com/2117697108,2117697108,N,KAKAO_LOCAL_API
KKO_SAJIK_001,SAJIK,사직야구장,음식점,FD6,밀락당 사직점,음식점 > 간식,부산 동래구 사직로 45,129.06073545258022,35.194472001633606,77,,http://place.map.kakao.com/1241875386,1241875386,N,KAKAO_LOCAL_API
KKO_SAJIK_002,SAJIK,사직야구장,음식점,FD6,땅땅치킨,음식점 > 치킨 > 땅땅치킨,부산 동래구 사직로 45,129.060818717616,35.1944219216283,83,,http://place.map.kakao.com/1476445354,1476445354,N,KAKAO_LOCAL_API
KKO_SAJIK_003,SAJIK,사직야구장,음식점,FD6,반할새우,음식점 > 분식,부산 동래구 사직로 45,129.06086189519,35.1944797617634,88,,http://place.map.kakao.com/1619196136,1619196136,N,KAKAO_LOCAL_API
KKO_SAJIK_004,SAJIK,사직야구장,음식점,FD6,정선수제닭강정,음식점 > 간식 > 닭강정,부산 동래구 사직로 45,129.060854368298,35.194529453553294,88,,http://place.map.kakao.com/491998392,491998392,N,KAKAO_LOCAL_API
KKO_SAJIK_005,SAJIK,사직야구장,음식점,FD6,가온밀면,음식점 > 한식 > 국수,부산 동래구 사직로 45,129.06087028383521,35.19429037593332,89,,http://place.map.kakao.com/1468320258,1468320258,N,KAKAO_LOCAL_API
KKO_SAJIK_006,SAJIK,사직야구장,음식점,FD6,다리집 3층 1루,음식점 > 분식,부산 동래구 사직로 45,129.060829210975,35.1946199975684,89,,http://place.map.kakao.com/2085279723,2085279723,N,KAKAO_LOCAL_API
KKO_SAJIK_007,SAJIK,사직야구장,음식점,FD6,남도포차 중앙상단점,음식점 > 분식,부산 동래구 사직로 45,129.06100701361288,35.19470528381895,107,,http://place.map.kakao.com/2020516647,2020516647,N,KAKAO_LOCAL_API
KKO_SAJIK_008,SAJIK,사직야구장,음식점,FD6,상하이마라꼬치 사직구장점,음식점 > 중식,부산 동래구 사직로 45,129.0610661961797,35.194744828227535,114,,http://place.map.kakao.com/2114708117,2114708117,N,KAKAO_LOCAL_API
KKO_SAJIK_009,SAJIK,사직야구장,음식점,FD6,파파존스피자 사직구장점,음식점 > 양식 > 피자 > 파파존스,부산 동래구 사직로 45,129.06115978665298,35.194973029723954,133,,http://place.map.kakao.com/67944753,67944753,N,KAKAO_LOCAL_API
KKO_SAJIK_010,SAJIK,사직야구장,음식점,FD6,일해옥,"음식점 > 한식 > 육류,고기 > 갈비",부산 동래구 사직로 56-1,129.05961998819816,35.19564176392929,143,051-507-8498,http://place.map.kakao.com/16216059,16216059,N,KAKAO_LOCAL_API
KKO_SAJIK_011,SAJIK,사직야구장,음식점,FD6,교촌치킨 사직2호점,음식점 > 치킨 > 교촌치킨,부산 동래구 사직로 60,129.059275707565,35.1955719240943,145,051-501-9995,http://place.map.kakao.com/502585830,502585830,N,KAKAO_LOCAL_API
KKO_SAJIK_012,SAJIK,사직야구장,음식점,FD6,호호사직닭발 본점,"음식점 > 한식 > 육류,고기 > 닭요리",부산 동래구 사직로 54,129.05981041409964,35.19570520935336,148,051-501-5545,http://place.map.kakao.com/8658691,8658691,N,KAKAO_LOCAL_API
KKO_SAJIK_013,SAJIK,사직야구장,음식점,FD6,버거킹 부산사직점,음식점 > 패스트푸드 > 버거킹,부산 동래구 사직로 58,129.05936156160408,35.19566778851124,152,070-7462-8664,http://place.map.kakao.com/487188838,487188838,N,KAKAO_LOCAL_API
KKO_SAJIK_014,SAJIK,사직야구장,음식점,FD6,닭갈비제작소 사직직영점,"음식점 > 한식 > 육류,고기 > 닭요리",부산 동래구 사직로 62,129.059140728923,35.1956174757782,154,051-503-7448,http://place.map.kakao.com/286524913,286524913,N,KAKAO_LOCAL_API
KKO_SAJIK_015,SAJIK,사직야구장,음식점,FD6,크리스피크림도넛 부산사직야구장점,음식점 > 간식 > 도넛 > 크리스피크림도넛,부산 동래구 사직로 45,129.06107174626786,35.19335695166158,154,,http://place.map.kakao.com/83290805,83290805,N,KAKAO_LOCAL_API
KKO_SAJIK_016,SAJIK,사직야구장,음식점,FD6,보보경양식,"음식점 > 일식 > 돈까스,우동",부산 동래구 사직로 62-1,129.05898525940512,35.1955471265965,155,051-506-8692,http://place.map.kakao.com/848557027,848557027,N,KAKAO_LOCAL_API
KKO_SAJIK_017,SAJIK,사직야구장,음식점,FD6,춘리마라탕 사직점,음식점 > 중식,부산 동래구 사직로 62-1,129.05898525941717,35.195547126642694,155,,http://place.map.kakao.com/114003864,114003864,N,KAKAO_LOCAL_API
KKO_SAJIK_018,SAJIK,사직야구장,음식점,FD6,유가네닭갈비 사직구장점,"음식점 > 한식 > 육류,고기 > 닭요리 > 유가네닭갈비",부산 동래구 사직로 54,129.059788319862,35.1957866894676,157,051-507-3935,http://place.map.kakao.com/1989497816,1989497816,N,KAKAO_LOCAL_API
KKO_SAJIK_019,SAJIK,사직야구장,음식점,FD6,옛정 참숯불갈비 사직원조점,"음식점 > 한식 > 육류,고기 > 갈비",부산 동래구 사직로 54-4,129.059931338348,35.1957986742149,158,,http://place.map.kakao.com/1707601355,1707601355,N,KAKAO_LOCAL_API
KKO_SAJIK_020,SAJIK,사직야구장,음식점,FD6,삼천포횟집,"음식점 > 한식 > 해물,생선 > 회",부산 동래구 사직로 50,129.0601867408706,35.195826769355655,163,051-506-3544,http://place.map.kakao.com/16238023,16238023,N,KAKAO_LOCAL_API
KKO_SAJIK_021,SAJIK,사직야구장,음식점,FD6,신쭈꾸미 사직점,"음식점 > 한식 > 해물,생선",부산 동래구 사직로58번길 6-1,129.059655717853,35.1958394105893,164,051-505-8939,http://place.map.kakao.com/10068241,10068241,N,KAKAO_LOCAL_API
KKO_SAJIK_022,SAJIK,사직야구장,음식점,FD6,해울,음식점 > 중식 > 중국요리,부산 동래구 사직로58번길 6,129.05951910141,35.1958201072876,164,051-502-4333,http://place.map.kakao.com/1379600799,1379600799,N,KAKAO_LOCAL_API
KKO_SAJIK_023,SAJIK,사직야구장,음식점,FD6,영일삼계탕,"음식점 > 한식 > 육류,고기 > 닭요리 > 삼계탕",부산 동래구 사직로 64,129.058805318412,35.1955510883822,164,051-507-6622,http://place.map.kakao.com/16781470,16781470,N,KAKAO_LOCAL_API
KKO_SAJIK_024,SAJIK,사직야구장,음식점,FD6,버거샵 사직야구장점,음식점 > 양식 > 햄버거,부산 동래구 사직로 45,129.06162989465957,35.19480912392734,165,,http://place.map.kakao.com/1602948627,1602948627,N,KAKAO_LOCAL_API
KKO_SAJIK_025,SAJIK,사직야구장,음식점,FD6,박수식당 사직야구장점,"음식점 > 한식 > 육류,고기",부산 동래구 사직로 45,129.06164086794004,35.19480893703801,166,,http://place.map.kakao.com/1746180878,1746180878,N,KAKAO_LOCAL_API
KKO_SAJIK_026,SAJIK,사직야구장,음식점,FD6,돈백 식당 사직점,"음식점 > 한식 > 육류,고기",부산 동래구 사직로 64,129.05878759582,35.1955883372635,168,051-505-2022,http://place.map.kakao.com/1012296718,1012296718,N,KAKAO_LOCAL_API
KKO_SAJIK_027,SAJIK,사직야구장,음식점,FD6,왕자소세지&핫도그,"음식점 > 술집 > 호프,요리주점",부산 동래구 사직로 54-6,129.059886950702,35.195910271907,171,051-929-3345,http://place.map.kakao.com/516363313,516363313,N,KAKAO_LOCAL_API
KKO_SAJIK_028,SAJIK,사직야구장,음식점,FD6,코알라식당,음식점 > 양식,부산 동래구 사직로58번길 9,129.05930291908052,35.195867040776974,174,051-504-4053,http://place.map.kakao.com/1466306736,1466306736,N,KAKAO_LOCAL_API
KKO_SAJIK_029,SAJIK,사직야구장,음식점,FD6,주문진막국수,음식점 > 한식 > 국수,부산 동래구 사직로58번길 8,129.059469249202,35.1959326989673,178,051-501-7856,http://place.map.kakao.com/17959212,17959212,N,KAKAO_LOCAL_API
KKO_SAJIK_030,SAJIK,사직야구장,음식점,FD6,땅땅치킨 3층 3루,음식점 > 치킨 > 땅땅치킨,부산 동래구 사직로 45,129.061761041462,35.1948726747202,178,,http://place.map.kakao.com/850461505,850461505,N,KAKAO_LOCAL_API
KKO_SAJIK_031,SAJIK,사직야구장,음식점,FD6,맥도날드 사직점,음식점 > 패스트푸드 > 맥도날드,부산 동래구 사직북로 1,129.060610396071,35.1959096739023,182,051-911-3500,http://place.map.kakao.com/7862193,7862193,N,KAKAO_LOCAL_API
KKO_SAJIK_032,SAJIK,사직야구장,음식점,FD6,연막창 사직직영점,"음식점 > 한식 > 육류,고기 > 곱창,막창",부산 동래구 사직로58번길 9,129.059244248032,35.1959347244847,183,,http://place.map.kakao.com/1665475867,1665475867,N,KAKAO_LOCAL_API
KKO_SAJIK_033,SAJIK,사직야구장,음식점,FD6,제일칼국수 사직점,음식점 > 한식 > 국수 > 칼국수,부산 동래구 사직로58번길 9,129.059270146491,35.1959604175117,185,,http://place.map.kakao.com/495465748,495465748,N,KAKAO_LOCAL_API
KKO_SAJIK_034,SAJIK,사직야구장,음식점,FD6,금강만두 직영점,음식점 > 분식,부산 동래구 사직북로5번길 11,129.060245784069,35.1960780884486,192,051-502-8784,http://place.map.kakao.com/1350070025,1350070025,N,KAKAO_LOCAL_API
KKO_SAJIK_035,SAJIK,사직야구장,음식점,FD6,땅땅치킨 사직야구장입구점,음식점 > 치킨 > 땅땅치킨,부산 동래구 사직로 45,129.06167489269228,35.19341877330853,193,070-8211-3771,http://place.map.kakao.com/1406178816,1406178816,N,KAKAO_LOCAL_API
KKO_SAJIK_036,SAJIK,사직야구장,음식점,FD6,엄마손해풍코다리,"음식점 > 한식 > 해물,생선",부산 동래구 사직북로5번길 23,129.059534521642,35.1960829828474,193,051-501-5412,http://place.map.kakao.com/1248541726,1248541726,N,KAKAO_LOCAL_API
KKO_SAJIK_037,SAJIK,사직야구장,음식점,FD6,초록담미역,"음식점 > 한식 > 해물,생선",부산 동래구 사직로 73,129.057880721389,35.1949323954552,194,051-505-5255,http://place.map.kakao.com/826472820,826472820,N,KAKAO_LOCAL_API
KKO_SAJIK_038,SAJIK,사직야구장,음식점,FD6,심바다 사직구장점,"음식점 > 일식 > 초밥,롤",부산 동래구 사직로 45,129.0619956322755,35.194728999531264,195,,http://place.map.kakao.com/1287745155,1287745155,N,KAKAO_LOCAL_API
KKO_SAJIK_039,SAJIK,사직야구장,음식점,FD6,코카모메 사직구장점,음식점 > 일식,부산 동래구 사직로 45,129.06159025422727,35.193284140047325,195,,http://place.map.kakao.com/1264977348,1264977348,N,KAKAO_LOCAL_API
KKO_SAJIK_040,SAJIK,사직야구장,음식점,FD6,제제스시,"음식점 > 일식 > 초밥,롤",부산 동래구 사직로70번길 6,129.058244765679,35.1955245746983,197,051-501-2839,http://place.map.kakao.com/1779728186,1779728186,N,KAKAO_LOCAL_API
KKO_SAJIK_041,SAJIK,사직야구장,음식점,FD6,서전에프앤비,"음식점 > 한식 > 육류,고기",부산 동래구 사직북로5번길 49,129.058620308851,35.1958326925077,200,,http://place.map.kakao.com/1134866843,1134866843,N,KAKAO_LOCAL_API
KKO_SAJIK_042,SAJIK,사직야구장,음식점,FD6,승하집,음식점 > 술집 > 실내포장마차,부산 동래구 사직북로5번길 31,129.059141057486,35.1960653454399,200,010-9102-5535,http://place.map.kakao.com/2020452181,2020452181,N,KAKAO_LOCAL_API
KKO_SAJIK_043,SAJIK,사직야구장,음식점,FD6,명성가 사직점,"음식점 > 한식 > 해물,생선 > 아구",부산 동래구 사직북로5번길 49,129.0586967243402,35.195902584353725,202,,http://place.map.kakao.com/1922767874,1922767874,N,KAKAO_LOCAL_API
KKO_SAJIK_044,SAJIK,사직야구장,음식점,FD6,스테프핫도그 사직야구장점,음식점 > 패스트푸드 > 스테프핫도그,부산 동래구 사직로 45,129.06176846890887,35.19334238349853,205,,http://place.map.kakao.com/1203619780,1203619780,N,KAKAO_LOCAL_API
KKO_SAJIK_045,SAJIK,사직야구장,음식점,FD6,완뚝순두부 사직점,음식점 > 한식 > 두부전문점 > 완뚝순두부,부산 동래구 사직북로5번길 9,129.060428206324,35.1961723083859,205,051-506-3651,http://place.map.kakao.com/526113860,526113860,N,KAKAO_LOCAL_API
KKO_SAJIK_046,SAJIK,사직야구장,카페,CE7,에프엠,음식점 > 카페,부산 동래구 사직로 56,129.059690763909,35.1956621874472,144,051-502-1778,http://place.map.kakao.com/21317471,21317471,N,KAKAO_LOCAL_API
KKO_SAJIK_047,SAJIK,사직야구장,카페,CE7,스탠브루 사직야구장점,음식점 > 카페 > 커피전문점 > 스탠브루,부산 동래구 사직로 45,129.06133333299758,35.195107050424355,154,,http://place.map.kakao.com/1419173593,1419173593,N,KAKAO_LOCAL_API
KKO_SAJIK_048,SAJIK,사직야구장,카페,CE7,자이언츠카페,음식점 > 카페,부산 동래구 사직로 45,129.0613828541701,35.19506835852948,155,,http://place.map.kakao.com/1099908719,1099908719,N,KAKAO_LOCAL_API
KKO_SAJIK_049,SAJIK,사직야구장,카페,CE7,오크레페 사직점,음식점 > 카페,부산 동래구 사직로 48,129.0603262450742,35.19578654633131,162,051-715-5020,http://place.map.kakao.com/1131103655,1131103655,N,KAKAO_LOCAL_API
KKO_SAJIK_050,SAJIK,사직야구장,카페,CE7,더놀다주니어카페 사직점,"가정,생활 > 유아 > 놀이시설 > 키즈카페",부산 동래구 사직로 48,129.060388742933,35.1958269358324,167,051-506-6767,http://place.map.kakao.com/1094660853,1094660853,N,KAKAO_LOCAL_API
KKO_SAJIK_051,SAJIK,사직야구장,카페,CE7,이지요 사직점,음식점 > 카페 > 테마카페 > 디저트카페,부산 동래구 사직로 66,129.058626451982,35.1955541304218,175,,http://place.map.kakao.com/2020774380,2020774380,N,KAKAO_LOCAL_API
KKO_SAJIK_052,SAJIK,사직야구장,카페,CE7,프루토프루타,음식점 > 카페 > 테마카페 > 디저트카페,부산 동래구 사직로 45,129.061958945595,35.1944502657938,188,,http://place.map.kakao.com/672009537,672009537,N,KAKAO_LOCAL_API
KKO_SAJIK_053,SAJIK,사직야구장,카페,CE7,설빙 사직점,음식점 > 카페 > 테마카페 > 디저트카페 > 설빙,부산 동래구 사직북로 1,129.060616697015,35.1959852638336,191,051-505-8686,http://place.map.kakao.com/21406742,21406742,N,KAKAO_LOCAL_API
KKO_SAJIK_054,SAJIK,사직야구장,카페,CE7,트레져스커피,음식점 > 카페,부산 동래구 사직로 45,129.061982122792,35.1947157123004,193,,http://place.map.kakao.com/32706384,32706384,N,KAKAO_LOCAL_API
KKO_SAJIK_055,SAJIK,사직야구장,카페,CE7,커피보떼,음식점 > 카페,부산 동래구 사직로 73,129.0578669625359,35.1949091992583,194,,http://place.map.kakao.com/455812456,455812456,N,KAKAO_LOCAL_API
KKO_SAJIK_056,SAJIK,사직야구장,카페,CE7,한정에프앤비,음식점 > 카페 > 커피전문점,부산 동래구 사직북로5번길 49,129.058620308863,35.1958326925539,200,010-5088-3245,http://place.map.kakao.com/76835122,76835122,N,KAKAO_LOCAL_API
KKO_SAJIK_057,SAJIK,사직야구장,카페,CE7,씨오케이 사직점,"가정,생활 > 여가시설 > 보드카페",부산 동래구 사직북로 3,129.060647926089,35.1961784809751,212,010-3788-7774,http://place.map.kakao.com/1994217199,1994217199,N,KAKAO_LOCAL_API
KKO_SAJIK_058,SAJIK,사직야구장,카페,CE7,놀숲 부산사직점,"가정,생활 > 여가시설 > 만화방 > 만화카페 > 놀숲",부산 동래구 사직북로 3,129.060698335771,35.19617491930141,213,051-505-0795,http://place.map.kakao.com/1727795232,1727795232,N,KAKAO_LOCAL_API
KKO_SAJIK_059,SAJIK,사직야구장,카페,CE7,레드버튼 부산사직점,"가정,생활 > 여가시설 > 보드카페 > 레드버튼",부산 동래구 사직북로 5,129.060655706327,35.1963126208768,226,010-8336-0875,http://place.map.kakao.com/1259176187,1259176187,N,KAKAO_LOCAL_API
KKO_SAJIK_060,SAJIK,사직야구장,카페,CE7,KKD 부산사직점,음식점 > 카페,부산 동래구 사직북로 5,129.060655706339,35.196312620923,226,,http://place.map.kakao.com/694373338,694373338,N,KAKAO_LOCAL_API
KKO_SAJIK_061,SAJIK,사직야구장,카페,CE7,메가MGC커피 부산사직야구장점,음식점 > 카페 > 커피전문점 > 메가MGC커피,부산 동래구 사직북로 5,129.060655706327,35.1963126208768,226,070-7537-0801,http://place.map.kakao.com/997619250,997619250,N,KAKAO_LOCAL_API
KKO_SAJIK_062,SAJIK,사직야구장,카페,CE7,빽다방 부산사직점,음식점 > 카페 > 커피전문점 > 빽다방,부산 동래구 사직북로 4,129.06104650383915,35.1962681189037,235,051-502-7750,http://place.map.kakao.com/1074243131,1074243131,N,KAKAO_LOCAL_API
KKO_SAJIK_063,SAJIK,사직야구장,카페,CE7,블랙홀카페,음식점 > 카페 > 테마카페 > 디저트카페,부산 동래구 사직북로 4,129.061212431036,35.1962743052051,243,051-502-3800,http://place.map.kakao.com/27306117,27306117,N,KAKAO_LOCAL_API
KKO_SAJIK_064,SAJIK,사직야구장,카페,CE7,티앤북스 사직점,"가정,생활 > 여가시설 > 만화방 > 만화카페",부산 동래구 사직북로 4,129.06134537412015,35.196235093929396,245,051-504-7772,http://place.map.kakao.com/2035624831,2035624831,N,KAKAO_LOCAL_API
KKO_SAJIK_065,SAJIK,사직야구장,카페,CE7,백억커피 사직야구장점,음식점 > 카페 > 커피전문점 > 백억커피,부산 동래구 사직북로 4,129.061323604644,35.1962859293834,249,010-5487-6518,http://place.map.kakao.com/1307751066,1307751066,N,KAKAO_LOCAL_API
KKO_SAJIK_066,SAJIK,사직야구장,카페,CE7,스타벅스 사직구장점,음식점 > 카페 > 커피전문점 > 스타벅스,부산 동래구 사직북로 4,129.06159820557096,35.19616139906885,252,1522-3232,http://place.map.kakao.com/1430041961,1430041961,N,KAKAO_LOCAL_API
KKO_SAJIK_067,SAJIK,사직야구장,카페,CE7,7080라이브하얀나비,음식점 > 카페 > 테마카페 > 라이브카페,부산 동래구 사직북로13번길 19,129.059590676024,35.1967416744774,264,,http://place.map.kakao.com/1691636855,1691636855,N,KAKAO_LOCAL_API
KKO_SAJIK_068,SAJIK,사직야구장,카페,CE7,아마스빈 사직점,음식점 > 카페 > 아마스빈,부산 동래구 사직북로 10,129.060905772031,35.1966508032997,269,051-503-2222,http://place.map.kakao.com/1008515280,1008515280,N,KAKAO_LOCAL_API
KKO_SAJIK_069,SAJIK,사직야구장,카페,CE7,엔젤고양이카페,음식점 > 카페 > 테마카페,부산 동래구 사직북로13번길 7,129.060319719079,35.1968319996058,276,051-342-5091,http://place.map.kakao.com/862890445,862890445,N,KAKAO_LOCAL_API
KKO_SAJIK_070,SAJIK,사직야구장,카페,CE7,공차 부산사직점,음식점 > 카페 > 공차,부산 동래구 사직북로 12,129.060815759718,35.1969118689757,294,051-505-5353,http://place.map.kakao.com/910465290,910465290,N,KAKAO_LOCAL_API
KKO_SAJIK_071,SAJIK,사직야구장,카페,CE7,블루샥 부산사직점,음식점 > 카페 > 커피전문점 > 블루샥,부산 동래구 사직북로 13,129.06043324470858,35.19706707157669,303,,http://place.map.kakao.com/1332958572,1332958572,N,KAKAO_LOCAL_API
KKO_SAJIK_072,SAJIK,사직야구장,카페,CE7,디저트39 부산사직운동장점,음식점 > 카페 > 테마카페 > 디저트카페 > 디저트39,부산 동래구 아시아드대로161번길 90,129.060754055558,35.1971201855569,315,051-506-1967,http://place.map.kakao.com/1954853339,1954853339,N,KAKAO_LOCAL_API
KKO_SAJIK_073,SAJIK,사직야구장,카페,CE7,커피스토어 사직점,음식점 > 카페,부산 동래구 사직북로 15,129.060355225807,35.1971945615505,316,051-715-0823,http://place.map.kakao.com/1306630109,1306630109,N,KAKAO_LOCAL_API
KKO_SAJIK_074,SAJIK,사직야구장,카페,CE7,빙동댕 부산사직점,음식점 > 카페 > 테마카페 > 디저트카페,부산 동래구 사직북로 15,129.060355225794,35.1971945615043,316,,http://place.map.kakao.com/437784476,437784476,N,KAKAO_LOCAL_API
KKO_SAJIK_075,SAJIK,사직야구장,카페,CE7,쉼표24시라면카페,음식점 > 카페 > 테마카페 > 무인카페,부산 동래구 사직북로19번길 17,129.059484898883,35.1972481221595,321,,http://place.map.kakao.com/1321189833,1321189833,N,KAKAO_LOCAL_API
KKO_SAJIK_076,SAJIK,사직야구장,카페,CE7,카페마일로 사직쌍용예가점,음식점 > 카페,부산 동래구 사직북로19번길 45,129.058178801907,35.1969999899312,331,070-4044-0791,http://place.map.kakao.com/328408675,328408675,N,KAKAO_LOCAL_API
KKO_SAJIK_077,SAJIK,사직야구장,카페,CE7,바스타커피 사직쌍용예가점,음식점 > 카페,부산 동래구 사직북로19번길 47,129.058009746657,35.1969569052629,334,,http://place.map.kakao.com/741022945,741022945,N,KAKAO_LOCAL_API
KKO_SAJIK_078,SAJIK,사직야구장,카페,CE7,영커피 사직점,음식점 > 카페 > 커피전문점 > 영커피,부산 동래구 사직북로19번길 26,129.059028281823,35.1974253077948,348,0507-0289-4332,http://place.map.kakao.com/870613403,870613403,N,KAKAO_LOCAL_API
KKO_SAJIK_079,SAJIK,사직야구장,카페,CE7,그레인,음식점 > 카페 > 커피전문점,부산 동래구 아시아드대로171번길 87,129.061453100867,35.1972831069961,353,051-507-6687,http://place.map.kakao.com/1909180013,1909180013,N,KAKAO_LOCAL_API
KKO_SAJIK_080,SAJIK,사직야구장,카페,CE7,카페051 사직쌍용예가점,음식점 > 카페 > 커피전문점 > 카페051,부산 동래구 사직북로19번길 48,129.057880476043,35.1971852935404,362,051-507-2051,http://place.map.kakao.com/1463686287,1463686287,N,KAKAO_LOCAL_API
KKO_SAJIK_081,SAJIK,사직야구장,카페,CE7,카페구담 동래점,음식점 > 카페,부산 동래구 종합운동장로 29,129.063411663666,35.1927709876713,365,010-6346-9203,http://place.map.kakao.com/1150898665,1150898665,N,KAKAO_LOCAL_API
KKO_SAJIK_082,SAJIK,사직야구장,카페,CE7,텐퍼센트커피 사직점,음식점 > 카페 > 커피전문점 > 텐퍼센트커피,부산 동래구 사직북로 20,129.06062009517834,35.19764063129249,368,010-4830-5805,http://place.map.kakao.com/1766226782,1766226782,N,KAKAO_LOCAL_API
KKO_SAJIK_083,SAJIK,사직야구장,카페,CE7,더벤티 부산사직점,음식점 > 카페 > 커피전문점 > 더벤티,부산 동래구 사직북로 21,129.060286467715,35.1976886647165,370,0507-0284-4416,http://place.map.kakao.com/1520216985,1520216985,N,KAKAO_LOCAL_API
KKO_SAJIK_084,SAJIK,사직야구장,카페,CE7,카페이피디,음식점 > 카페,부산 동래구 사직북로 23,129.060224721355,35.1978519238655,387,,http://place.map.kakao.com/1436790938,1436790938,N,KAKAO_LOCAL_API
KKO_SAJIK_085,SAJIK,사직야구장,카페,CE7,투썸플레이스 부산사직중앙점,음식점 > 카페 > 커피전문점 > 투썸플레이스,부산 동래구 사직북로 24,129.0605655887248,35.197873156430695,393,051-501-2425,http://place.map.kakao.com/1047439342,1047439342,N,KAKAO_LOCAL_API
KKO_SAJIK_086,SAJIK,사직야구장,카페,CE7,버즈비,음식점 > 카페 > 커피전문점,부산 동래구 종합운동장로54번길 5,129.064108929923,35.1955112326925,403,010-5507-2095,http://place.map.kakao.com/1787348724,1787348724,N,KAKAO_LOCAL_API
KKO_SAJIK_087,SAJIK,사직야구장,카페,CE7,시나본 홈플러스아시아드점,음식점 > 카페 > 테마카페 > 디저트카페 > 시나본,부산 연제구 종합운동장로 7,129.0621628862765,35.19122695716403,405,010-5525-7072,http://place.map.kakao.com/295736022,295736022,N,KAKAO_LOCAL_API
KKO_SAJIK_088,SAJIK,사직야구장,카페,CE7,히스피 사직쌍용예가점,음식점 > 카페 > 커피전문점 > 히스피,부산 동래구 사직로70번길 50,129.057603615301,35.1975252305918,408,,http://place.map.kakao.com/82748880,82748880,N,KAKAO_LOCAL_API
KKO_SAJIK_089,SAJIK,사직야구장,카페,CE7,무스크림,음식점 > 카페,부산 동래구 사직로 16,129.0635910940107,35.19647889221721,410,,http://place.map.kakao.com/2112614105,2112614105,N,KAKAO_LOCAL_API
KKO_SAJIK_090,SAJIK,사직야구장,카페,CE7,카페16온스 사직역점,음식점 > 카페,부산 동래구 사직로 16,129.06362339573494,35.19649726582322,413,051-505-9051,http://place.map.kakao.com/1965551625,1965551625,N,KAKAO_LOCAL_API
KKO_SAJIK_091,SAJIK,사직야구장,관광명소,AT4,아시아드상징가로,"여행 > 관광,명소 > 테마거리",부산 연제구 거제동 1264-2,129.062042903411,35.1893464829922,590,,http://place.map.kakao.com/13113742,13113742,N,KAKAO_LOCAL_API
KKO_SAJIK_092,SAJIK,사직야구장,관광명소,AT4,부산AG상징가로,"여행 > 관광,명소 > 테마거리",부산 동래구 사직동,129.062396012765,35.2001867918691,684,,http://place.map.kakao.com/12706161,12706161,N,KAKAO_LOCAL_API
KKO_SAJIK_093,SAJIK,사직야구장,관광명소,AT4,화지산,"여행 > 관광,명소 > 산",부산 연제구 거제동,129.061237776778,35.1838955714518,1168,,http://place.map.kakao.com/8173952,8173952,N,KAKAO_LOCAL_API
KKO_SAJIK_094,SAJIK,사직야구장,관광명소,AT4,백양산숲길,"여행 > 관광,명소 > 숲",부산 연제구 거제동,129.051707509558,35.1857119860492,1216,,http://place.map.kakao.com/13113651,13113651,N,KAKAO_LOCAL_API
KKO_SAJIK_095,SAJIK,사직야구장,관광명소,AT4,금용산,"여행 > 관광,명소 > 산",부산 부산진구 초읍동 산 41,129.0511692004766,35.18490826121023,1317,,http://place.map.kakao.com/1701203647,1701203647,N,KAKAO_LOCAL_API
KKO_SAJIK_096,SAJIK,사직야구장,관광명소,AT4,박묘진도예공방,"여행 > 관광,명소 > 도자기,도예촌",부산 동래구 아시아드대로 249,129.068197291812,35.2060786826816,1503,,http://place.map.kakao.com/968054049,968054049,N,KAKAO_LOCAL_API
KKO_SAJIK_097,SAJIK,사직야구장,관광명소,AT4,한산도예,"여행 > 관광,명소 > 도자기,도예촌",부산 동래구 여고북로123번나길 36-3,129.073293174285,35.2028518783533,1541,,http://place.map.kakao.com/23637646,23637646,N,KAKAO_LOCAL_API
KKO_SAJIK_098,SAJIK,사직야구장,관광명소,AT4,십자산,"여행 > 관광,명소 > 산",부산 연제구 거제동,129.076957298334,35.1942893780342,1554,,http://place.map.kakao.com/7986739,7986739,N,KAKAO_LOCAL_API
KKO_SAJIK_099,SAJIK,사직야구장,관광명소,AT4,부산광역시어린이창의교육관 어린이식물원,"여행 > 관광,명소 > 수목원,식물원",부산 부산진구 성지곡로33번길 29-37,129.04578623596,35.1863096318745,1566,,http://place.map.kakao.com/17577475,17577475,N,KAKAO_LOCAL_API
KKO_SAJIK_100,SAJIK,사직야구장,관광명소,AT4,부산어린이식물원,"여행 > 관광,명소 > 수목원,식물원",부산 부산진구 성지곡로33번길 29-37,129.045777638842,35.1863169864417,1566,,http://place.map.kakao.com/23872598,23872598,N,KAKAO_LOCAL_API
KKO_SAJIK_101,SAJIK,사직야구장,관광명소,AT4,쇠미산,"여행 > 관광,명소 > 산",부산 동래구 사직동 산 10,129.048168781722,35.2049999466036,1591,,http://place.map.kakao.com/120124929,120124929,N,KAKAO_LOCAL_API
KKO_SAJIK_102,SAJIK,사직야구장,관광명소,AT4,웹툰스마힐링101,"여행 > 관광,명소 > 테마거리",부산 동래구 아시아드대로 지하 232,129.068989389037,35.2068329280662,1612,,http://place.map.kakao.com/2074357938,2074357938,N,KAKAO_LOCAL_API
KKO_SAJIK_103,SAJIK,사직야구장,관광명소,AT4,성지곡산림욕장,"여행 > 관광,명소 > 자연휴양림",부산 부산진구 새싹로 295,129.0414716666415,35.190626936152604,1729,,http://place.map.kakao.com/10481915,10481915,N,KAKAO_LOCAL_API
KKO_SAJIK_104,SAJIK,사직야구장,관광명소,AT4,갈맷길7코스1구간 시작인증대,"여행 > 관광,명소 > 도보여행 > 갈맷길",부산 부산진구 새싹로 295,129.045875938493,35.1835830042378,1750,,http://place.map.kakao.com/26522542,26522542,N,KAKAO_LOCAL_API
KKO_SAJIK_105,SAJIK,사직야구장,관광명소,AT4,갈맷길6코스2구간 종점인증대,"여행 > 관광,명소 > 도보여행 > 갈맷길",부산 부산진구 새싹로 295,129.045957066316,35.183491517112,1752,,http://place.map.kakao.com/26522541,26522541,N,KAKAO_LOCAL_API
KKO_SAJIK_106,SAJIK,사직야구장,관광명소,AT4,산어귀전망대,"여행 > 관광,명소 > 전망대",부산 동래구 온천동 산 190-8,129.051585803138,35.2095469890729,1847,,http://place.map.kakao.com/531637710,531637710,N,KAKAO_LOCAL_API
KKO_SAJIK_107,SAJIK,사직야구장,관광명소,AT4,시청소소길,"여행 > 관광,명소 > 테마거리",부산 연제구 연산동 1623,129.074367824912,35.1823817561228,1872,,http://place.map.kakao.com/621073299,621073299,N,KAKAO_LOCAL_API
KKO_SAJIK_108,SAJIK,사직야구장,관광명소,AT4,성지곡수원지,"여행 > 관광,명소 > 저수지",부산 부산진구 초읍동 31,129.040993901612,35.186931217414,1910,,http://place.map.kakao.com/17808277,17808277,N,KAKAO_LOCAL_API
KKO_SAJIK_109,SAJIK,사직야구장,관광명소,AT4,부산어린이대공원,"여행 > 관광,명소 > 테마파크",부산 부산진구 새싹로 295,129.041575693763,35.1849136186692,1971,051-860-7848,http://place.map.kakao.com/12572854,12572854,N,KAKAO_LOCAL_API
KKO_SAJIK_110,SAJIK,사직야구장,관광명소,AT4,금정산둘레길 8코스,"여행 > 관광,명소 > 도보여행 > 둘레길 > 금정산둘레길",부산 동래구 온천동 산 155-4,129.05976971870214,35.21269629983499,2034,,http://place.map.kakao.com/27597894,27597894,N,KAKAO_LOCAL_API
KKO_SAJIK_111,SAJIK,사직야구장,관광명소,AT4,철학로,"여행 > 관광,명소 > 도보여행",부산 북구 만덕동 산 89-2,129.051234483624,35.2113813913539,2046,,http://place.map.kakao.com/2147395780,2147395780,N,KAKAO_LOCAL_API
KKO_SAJIK_112,SAJIK,사직야구장,관광명소,AT4,백양산 만남의숲,"여행 > 관광,명소 > 숲",부산 부산진구 새싹로 295,129.03657571568507,35.198234102270526,2167,,http://place.map.kakao.com/26354970,26354970,N,KAKAO_LOCAL_API
KKO_SAJIK_113,SAJIK,사직야구장,관광명소,AT4,흙앤아이,"여행 > 관광,명소 > 도자기,도예촌",부산 연제구 세병로 35,129.083666437631,35.1915174782615,2188,,http://place.map.kakao.com/1929720925,1929720925,N,KAKAO_LOCAL_API
KKO_SAJIK_114,SAJIK,사직야구장,관광명소,AT4,만덕고개누리길전망데크,"여행 > 관광,명소 > 전망대",부산 동래구 온천동,129.056128977284,35.2139297114759,2198,,http://place.map.kakao.com/1685139227,1685139227,N,KAKAO_LOCAL_API
KKO_SAJIK_115,SAJIK,사직야구장,관광명소,AT4,명륜1번가,"여행 > 관광,명소 > 테마거리",부산 동래구 명륜동 536-2,129.079999469122,35.2057899215405,2227,,http://place.map.kakao.com/1226349532,1226349532,N,KAKAO_LOCAL_API
KKO_SAJIK_116,SAJIK,사직야구장,관광명소,AT4,갈맷길 7코스1구간,"여행 > 관광,명소 > 도보여행 > 갈맷길",부산 북구 만덕동 산 87-1,129.05164119215453,35.213623784379216,2265,,http://place.map.kakao.com/18973356,18973356,N,KAKAO_LOCAL_API
KKO_SAJIK_117,SAJIK,사직야구장,관광명소,AT4,만덕 민속오리마을,"여행 > 관광,명소 > 테마거리 > 먹자골목",부산 북구 만덕동 72-8,129.047248084268,35.2120148171836,2272,051-341-9944,http://place.map.kakao.com/18969790,18969790,N,KAKAO_LOCAL_API
KKO_SAJIK_118,SAJIK,사직야구장,관광명소,AT4,연제오방맛길,"여행 > 관광,명소 > 테마거리 > 먹자골목",부산 연제구 연산동 1515-21,129.085036095733,35.1871233017922,2427,,http://place.map.kakao.com/1805130094,1805130094,N,KAKAO_LOCAL_API
KKO_SAJIK_119,SAJIK,사직야구장,관광명소,AT4,백양전망대,"여행 > 관광,명소 > 전망대",부산 부산진구 초읍동 산 98-1,129.033163968798,35.1917309939651,2453,,http://place.map.kakao.com/845648760,845648760,N,KAKAO_LOCAL_API
KKO_SAJIK_120,SAJIK,사직야구장,관광명소,AT4,비룡산,"여행 > 관광,명소 > 산",부산 북구 만덕동,129.042987159455,35.2119930992085,2490,,http://place.map.kakao.com/7905809,7905809,N,KAKAO_LOCAL_API
KKO_CHANGWON_001,CHANGWON,창원 NC 파크,음식점,FD6,대신땅콩빵 NC구장점,음식점 > 간식 > 대신땅콩빵,경남 창원시 마산회원구 삼호로 63,128.579579904656,35.2219852257788,0,,http://place.map.kakao.com/1789128121,1789128121,Y,KAKAO_LOCAL_API
KKO_CHANGWON_002,CHANGWON,창원 NC 파크,음식점,FD6,BHC치킨 2층,음식점 > 치킨 > BHC치킨,경남 창원시 마산회원구 삼호로 63,128.581294050336,35.2227649409372,178,,http://place.map.kakao.com/1426028426,1426028426,N,KAKAO_LOCAL_API
KKO_CHANGWON_003,CHANGWON,창원 NC 파크,음식점,FD6,BHC치킨 창원NC야구장점,음식점 > 치킨 > BHC치킨,경남 창원시 마산회원구 삼호로 63,128.581256522054,35.2229817275062,188,,http://place.map.kakao.com/1470567982,1470567982,N,KAKAO_LOCAL_API
KKO_CHANGWON_004,CHANGWON,창원 NC 파크,음식점,FD6,알통떡강정 창원지점,음식점 > 간식 > 닭강정 > 알통떡강정,경남 창원시 마산회원구 삼호로 63,128.58136488851179,35.22290641042564,191,,http://place.map.kakao.com/1524273424,1524273424,N,KAKAO_LOCAL_API
KKO_CHANGWON_005,CHANGWON,창원 NC 파크,음식점,FD6,빙동댕,음식점 > 간식,경남 창원시 마산회원구 삼호로 63,128.581574836927,35.2226891732927,197,,http://place.map.kakao.com/1557286165,1557286165,N,KAKAO_LOCAL_API
KKO_CHANGWON_006,CHANGWON,창원 NC 파크,음식점,FD6,우이락 창원NC파크점,음식점 > 술집 > 실내포장마차 > 우이락,경남 창원시 마산회원구 삼호로 63,128.581670334234,35.2225166907997,199,,http://place.map.kakao.com/1912663617,1912663617,N,KAKAO_LOCAL_API
KKO_CHANGWON_007,CHANGWON,창원 NC 파크,음식점,FD6,하바네로,"음식점 > 양식 > 멕시칸,브라질",경남 창원시 마산회원구 삼호로 63,128.581784702111,35.2220150110461,200,,http://place.map.kakao.com/1975561453,1975561453,N,KAKAO_LOCAL_API
KKO_CHANGWON_008,CHANGWON,창원 NC 파크,음식점,FD6,만재네 1층 101블럭,음식점 > 한식,경남 창원시 마산회원구 삼호로 63,128.58179854247672,35.22204907707044,201,,http://place.map.kakao.com/797832293,797832293,N,KAKAO_LOCAL_API
KKO_CHANGWON_009,CHANGWON,창원 NC 파크,음식점,FD6,알통떡강정 중앙1층,음식점 > 간식 > 닭강정 > 알통떡강정,경남 창원시 마산회원구 삼호로 63,128.58170287354554,35.22306151233683,227,,http://place.map.kakao.com/1488733981,1488733981,N,KAKAO_LOCAL_API
KKO_CHANGWON_010,CHANGWON,창원 NC 파크,음식점,FD6,노랑통닭 창원NC파크점,음식점 > 치킨 > 노랑통닭,경남 창원시 마산회원구 삼호로 63,128.5819127956803,35.22323901558645,253,,http://place.map.kakao.com/45692110,45692110,N,KAKAO_LOCAL_API
KKO_CHANGWON_011,CHANGWON,창원 NC 파크,음식점,FD6,스테이션,음식점 > 간식,경남 창원시 마산회원구 삼호로 63,128.58201772791,35.2231565329405,257,,http://place.map.kakao.com/331188194,331188194,N,KAKAO_LOCAL_API
KKO_CHANGWON_012,CHANGWON,창원 NC 파크,음식점,FD6,북촌손만두 창원NC파크점,음식점 > 분식 > 북촌손만두,경남 창원시 마산회원구 삼호로 63,128.58182507159347,35.22341590283316,258,,http://place.map.kakao.com/96141520,96141520,N,KAKAO_LOCAL_API
KKO_CHANGWON_013,CHANGWON,창원 NC 파크,음식점,FD6,복자할매충무김밥,음식점 > 분식,경남 창원시 마산회원구 회원동북로 39-1,128.577808067046,35.219982360517,274,055-241-7574,http://place.map.kakao.com/16437957,16437957,N,KAKAO_LOCAL_API
KKO_CHANGWON_014,CHANGWON,창원 NC 파크,음식점,FD6,성원기사식당,음식점 > 기사식당,경남 창원시 마산회원구 회원동북로 35,128.577430788976,35.2202360191037,275,055-248-5514,http://place.map.kakao.com/16980457,16980457,N,KAKAO_LOCAL_API
KKO_CHANGWON_015,CHANGWON,창원 NC 파크,음식점,FD6,코아양과 NC파크점,"음식점 > 간식 > 제과,베이커리",경남 창원시 마산회원구 삼호로 63,128.58208824325527,35.223394438255994,276,,http://place.map.kakao.com/1917721049,1917721049,N,KAKAO_LOCAL_API
KKO_CHANGWON_016,CHANGWON,창원 NC 파크,음식점,FD6,공룡상회,음식점 > 간식,경남 창원시 마산회원구 삼호로 63,128.582132425867,35.223407379206,280,,http://place.map.kakao.com/1187933827,1187933827,N,KAKAO_LOCAL_API
KKO_CHANGWON_017,CHANGWON,창원 NC 파크,음식점,FD6,반올림피자 1층 3루,음식점 > 양식 > 피자 > 반올림피자,경남 창원시 마산회원구 삼호로 63,128.58232578092063,35.22318404906938,283,,http://place.map.kakao.com/146816569,146816569,N,KAKAO_LOCAL_API
KKO_CHANGWON_018,CHANGWON,창원 NC 파크,음식점,FD6,마차이짬뽕 마산점,음식점 > 중식 > 중국요리 > 마차이짬뽕,경남 창원시 마산합포구 용마로 77,128.582136177445,35.2202061455181,304,,http://place.map.kakao.com/2053422132,2053422132,N,KAKAO_LOCAL_API
KKO_CHANGWON_019,CHANGWON,창원 NC 파크,음식점,FD6,노모어피자 마산산호점,음식점 > 양식 > 피자,경남 창원시 마산합포구 용마로 77,128.582136177445,35.2202061455181,304,070-4010-5378,http://place.map.kakao.com/1439049941,1439049941,N,KAKAO_LOCAL_API
KKO_CHANGWON_020,CHANGWON,창원 NC 파크,음식점,FD6,북경,음식점 > 중식 > 중국요리,경남 창원시 마산합포구 용마로 77,128.582136177445,35.2202061455181,304,,http://place.map.kakao.com/369829594,369829594,N,KAKAO_LOCAL_API
KKO_CHANGWON_021,CHANGWON,창원 NC 파크,음식점,FD6,반올림피자 창원NC파크점,음식점 > 양식 > 피자 > 반올림피자,경남 창원시 마산회원구 삼호로 63,128.58250452315227,35.223339428053215,305,,http://place.map.kakao.com/1886446096,1886446096,N,KAKAO_LOCAL_API
KKO_CHANGWON_022,CHANGWON,창원 NC 파크,음식점,FD6,중화요리원빈 본점,음식점 > 중식 > 중국요리,경남 창원시 마산합포구 용마로 77,128.58209694424,35.2201652016128,305,055-221-4877,http://place.map.kakao.com/1377443732,1377443732,N,KAKAO_LOCAL_API
KKO_CHANGWON_023,CHANGWON,창원 NC 파크,음식점,FD6,BHC치킨 외야,음식점 > 치킨 > BHC치킨,경남 창원시 마산회원구 삼호로 63,128.58294667441,35.2220719180856,306,,http://place.map.kakao.com/2034619651,2034619651,N,KAKAO_LOCAL_API
KKO_CHANGWON_024,CHANGWON,창원 NC 파크,음식점,FD6,한돈숯불구이고기애반하다,"음식점 > 한식 > 육류,고기",경남 창원시 마산합포구 용마로 77,128.5820513817835,35.22008108107492,308,055-222-4939,http://place.map.kakao.com/1321030337,1321030337,N,KAKAO_LOCAL_API
KKO_CHANGWON_025,CHANGWON,창원 NC 파크,음식점,FD6,전재경스시,"음식점 > 일식 > 초밥,롤",경남 창원시 마산합포구 용마로 77,128.58227815099556,35.22027819085496,310,055-248-8700,http://place.map.kakao.com/154526588,154526588,N,KAKAO_LOCAL_API
KKO_CHANGWON_026,CHANGWON,창원 NC 파크,음식점,FD6,닭집아저씨 NC파크본점,음식점 > 치킨,경남 창원시 마산합포구 산호서7길 5,128.5817588513154,35.21977758343339,314,055-241-8292,http://place.map.kakao.com/27353834,27353834,N,KAKAO_LOCAL_API
KKO_CHANGWON_027,CHANGWON,창원 NC 파크,음식점,FD6,행복한수제고로케,"음식점 > 간식 > 제과,베이커리",경남 창원시 마산합포구 바냇들1길 1,128.578460188264,35.2192898201073,316,055-247-3007,http://place.map.kakao.com/2026164405,2026164405,N,KAKAO_LOCAL_API
KKO_CHANGWON_028,CHANGWON,창원 NC 파크,음식점,FD6,꾸브라꼬숯불치킨 창원NC파크점,음식점 > 치킨 > 꾸브라꼬숯불치킨,경남 창원시 마산합포구 용마로 71,128.58165896505253,35.21966713561988,319,055-247-1005,http://place.map.kakao.com/1063415999,1063415999,N,KAKAO_LOCAL_API
KKO_CHANGWON_029,CHANGWON,창원 NC 파크,음식점,FD6,브뤼셀프라이 창원NC파크점,음식점 > 패스트푸드,경남 창원시 마산회원구 삼호로 63,128.5830662656857,35.22268769933428,326,,http://place.map.kakao.com/820627060,820627060,N,KAKAO_LOCAL_API
KKO_CHANGWON_030,CHANGWON,창원 NC 파크,음식점,FD6,수내닭꼬치,"음식점 > 한식 > 육류,고기 > 닭요리",경남 창원시 마산회원구 삼호로 63,128.583104616256,35.2225700372631,327,,http://place.map.kakao.com/2040412411,2040412411,N,KAKAO_LOCAL_API
KKO_CHANGWON_031,CHANGWON,창원 NC 파크,음식점,FD6,야구장숯불뒷고기,"음식점 > 한식 > 육류,고기",경남 창원시 마산합포구 용마로 67,128.581304011604,35.2193725636056,329,010-6218-7329,http://place.map.kakao.com/1545297257,1545297257,N,KAKAO_LOCAL_API
KKO_CHANGWON_032,CHANGWON,창원 NC 파크,음식점,FD6,노랑강정 NC파크점,음식점 > 간식 > 닭강정 > 노랑강정,경남 창원시 마산합포구 용마로 78-1,128.582484464146,35.2200438762009,340,010-8377-3433,http://place.map.kakao.com/555767636,555767636,N,KAKAO_LOCAL_API
KKO_CHANGWON_033,CHANGWON,창원 NC 파크,음식점,FD6,동문설렁탕,음식점 > 한식 > 설렁탕,경남 창원시 마산합포구 용마로 82,128.58267634439,35.2202540586665,341,055-241-7001,http://place.map.kakao.com/10295808,10295808,N,KAKAO_LOCAL_API
KKO_CHANGWON_034,CHANGWON,창원 NC 파크,음식점,FD6,마산곰탕,음식점 > 한식 > 곰탕,경남 창원시 마산합포구 용마로 80,128.582563678953,35.2201077293963,342,055-241-5522,http://place.map.kakao.com/8966603,8966603,N,KAKAO_LOCAL_API
KKO_CHANGWON_035,CHANGWON,창원 NC 파크,음식점,FD6,만재네 1층 127블럭,음식점 > 한식,경남 창원시 마산회원구 삼호로 63,128.5831194699757,35.223052003233086,343,,http://place.map.kakao.com/2061956262,2061956262,N,KAKAO_LOCAL_API
KKO_CHANGWON_036,CHANGWON,창원 NC 파크,음식점,FD6,서울숯불갈비,"음식점 > 한식 > 육류,고기 > 갈비",경남 창원시 마산합포구 산호북16길 1,128.582196411522,35.2197448272626,344,055-222-8847,http://place.map.kakao.com/756105967,756105967,N,KAKAO_LOCAL_API
KKO_CHANGWON_037,CHANGWON,창원 NC 파크,음식점,FD6,고메밀면 마산본점,음식점 > 한식 > 국수,경남 창원시 마산합포구 용마로 86,128.582909200336,35.2204817295686,345,055-222-1717,http://place.map.kakao.com/1345606390,1345606390,N,KAKAO_LOCAL_API
KKO_CHANGWON_038,CHANGWON,창원 NC 파크,음식점,FD6,동양카츠 마산점,"음식점 > 일식 > 돈까스,우동",경남 창원시 마산합포구 용마로 84,128.582877223574,35.220305505804,353,055-247-0320,http://place.map.kakao.com/2035751068,2035751068,N,KAKAO_LOCAL_API
KKO_CHANGWON_039,CHANGWON,창원 NC 파크,음식점,FD6,용마우동,음식점 > 한식,경남 창원시 마산합포구 용마로 84,128.582877223574,35.220305505804,353,,http://place.map.kakao.com/539943205,539943205,N,KAKAO_LOCAL_API
KKO_CHANGWON_040,CHANGWON,창원 NC 파크,음식점,FD6,이배갈비탕 산호NC파크직영점,"음식점 > 한식 > 육류,고기 > 갈비",경남 창원시 마산합포구 용마로 59,128.580893251587,35.2189750774054,354,055-248-0608,http://place.map.kakao.com/97809004,97809004,N,KAKAO_LOCAL_API
KKO_CHANGWON_041,CHANGWON,창원 NC 파크,음식점,FD6,부엉이분식,음식점 > 분식,경남 창원시 마산합포구 용마로 59,128.580899734417,35.2189695853205,355,,http://place.map.kakao.com/1258546388,1258546388,N,KAKAO_LOCAL_API
KKO_CHANGWON_042,CHANGWON,창원 NC 파크,음식점,FD6,굽네치킨 마산산호점,음식점 > 치킨 > 굽네치킨,경남 창원시 마산합포구 용마로 90,128.583219567674,35.2207985095422,356,055-243-5092,http://place.map.kakao.com/1014894785,1014894785,N,KAKAO_LOCAL_API
KKO_CHANGWON_043,CHANGWON,창원 NC 파크,음식점,FD6,안집식당,"음식점 > 한식 > 육류,고기 > 닭요리 > 삼계탕",경남 창원시 마산합포구 용마로 78-2,128.582617553852,35.2199411977838,357,,http://place.map.kakao.com/16398536,16398536,N,KAKAO_LOCAL_API
KKO_CHANGWON_044,CHANGWON,창원 NC 파크,음식점,FD6,노랑통닭 마산야구장점,음식점 > 치킨 > 노랑통닭,경남 창원시 마산합포구 용마로 59,128.58082167240127,35.21890841972696,359,055-244-2878,http://place.map.kakao.com/730276365,730276365,N,KAKAO_LOCAL_API
KKO_CHANGWON_045,CHANGWON,창원 NC 파크,음식점,FD6,가고파반점,음식점 > 중식 > 중국요리,경남 창원시 마산합포구 용마로 59-5,128.580615168355,35.2188498326768,360,055-222-6681,http://place.map.kakao.com/8719799,8719799,N,KAKAO_LOCAL_API
KKO_CHANGWON_046,CHANGWON,창원 NC 파크,카페,CE7,공룡다방,음식점 > 카페 > 다방,경남 창원시 마산회원구 삼호로 63,128.579579904656,35.2219852257788,0,,http://place.map.kakao.com/1091908844,1091908844,Y,KAKAO_LOCAL_API
KKO_CHANGWON_047,CHANGWON,창원 NC 파크,카페,CE7,탐앤탐스 NC마산야구장점,음식점 > 카페 > 커피전문점 > 탐앤탐스,경남 창원시 마산회원구 삼호로 63,128.58183976442106,35.220777797696684,245,,http://place.map.kakao.com/815066043,815066043,N,KAKAO_LOCAL_API
KKO_CHANGWON_048,CHANGWON,창원 NC 파크,카페,CE7,벨라케이크,음식점 > 카페 > 테마카페 > 디저트카페,경남 창원시 마산회원구 회원동북로 45,128.57820259605,35.2197122535578,281,010-6633-9662,http://place.map.kakao.com/37390316,37390316,N,KAKAO_LOCAL_API
KKO_CHANGWON_049,CHANGWON,창원 NC 파크,카페,CE7,워터스,음식점 > 카페 > 테마카페 > 디저트카페,경남 창원시 마산합포구 용마로 77,128.58211893846683,35.220166716581545,306,,http://place.map.kakao.com/1144977792,1144977792,N,KAKAO_LOCAL_API
KKO_CHANGWON_050,CHANGWON,창원 NC 파크,카페,CE7,텐퍼센트커피 마산야구장점,음식점 > 카페 > 커피전문점 > 텐퍼센트커피,경남 창원시 마산합포구 용마로 77,128.58222234327263,35.22023205617684,309,055-716-2345,http://place.map.kakao.com/1702145189,1702145189,N,KAKAO_LOCAL_API
KKO_CHANGWON_051,CHANGWON,창원 NC 파크,카페,CE7,스타벅스 창원NC파크R점,음식점 > 카페 > 커피전문점 > 스타벅스,경남 창원시 마산회원구 삼호로 63,128.5826011780034,35.223509398694915,323,1522-3232,http://place.map.kakao.com/775444311,775444311,N,KAKAO_LOCAL_API
KKO_CHANGWON_052,CHANGWON,창원 NC 파크,카페,CE7,요거트월드,음식점 > 카페 > 테마카페 > 디저트카페 > 요거트월드,경남 창원시 마산회원구 삼호로 63,128.583095123982,35.2226467663282,328,,http://place.map.kakao.com/766155590,766155590,N,KAKAO_LOCAL_API
KKO_CHANGWON_053,CHANGWON,창원 NC 파크,카페,CE7,에그누누,음식점 > 카페 > 테마카페 > 디저트카페,경남 창원시 마산합포구 용마로 67,128.581304011604,35.2193725636056,329,,http://place.map.kakao.com/785872304,785872304,N,KAKAO_LOCAL_API
KKO_CHANGWON_054,CHANGWON,창원 NC 파크,카페,CE7,요거트퍼플 창원NC파크점,음식점 > 카페 > 테마카페 > 디저트카페,경남 창원시 마산합포구 바냇들1길 3,128.578367905419,35.2191747642079,330,,http://place.map.kakao.com/773378240,773378240,N,KAKAO_LOCAL_API
KKO_CHANGWON_055,CHANGWON,창원 NC 파크,카페,CE7,메가MGC커피 마산산호점,음식점 > 카페 > 커피전문점 > 메가MGC커피,경남 창원시 마산합포구 용마로 90,128.58324933538057,35.2208044287469,358,055-243-8766,http://place.map.kakao.com/128463857,128463857,N,KAKAO_LOCAL_API
KKO_CHANGWON_056,CHANGWON,창원 NC 파크,카페,CE7,커피크리머 창원NC파크점,음식점 > 카페 > 커피전문점,경남 창원시 마산합포구 산호북17길 3,128.583383839963,35.2209441630318,364,,http://place.map.kakao.com/1053663984,1053663984,N,KAKAO_LOCAL_API
KKO_CHANGWON_057,CHANGWON,창원 NC 파크,카페,CE7,페인트커피,음식점 > 카페,경남 창원시 마산합포구 산호북16길 8,128.582252370015,35.2194593055772,371,,http://place.map.kakao.com/1061430509,1061430509,N,KAKAO_LOCAL_API
KKO_CHANGWON_058,CHANGWON,창원 NC 파크,카페,CE7,요거트아이스크림의정석 창원NC파크점,음식점 > 카페 > 테마카페 > 디저트카페 > 요거트아이스크림의정석,경남 창원시 마산합포구 산호북16길 16,128.58257797707,35.2192603818767,407,010-4858-6254,http://place.map.kakao.com/916450738,916450738,N,KAKAO_LOCAL_API
KKO_CHANGWON_059,CHANGWON,창원 NC 파크,카페,CE7,카페소담아,음식점 > 카페,경남 창원시 마산합포구 산호북16길 19,128.582974931893,35.2192858328688,430,0507-1331-0457,http://place.map.kakao.com/575126307,575126307,N,KAKAO_LOCAL_API
KKO_CHANGWON_060,CHANGWON,창원 NC 파크,카페,CE7,과일정원 생과일빙수&요거트아이스크림,음식점 > 카페,경남 창원시 마산합포구 용마로 47,128.579881394388,35.2180483011829,437,0507-2085-4471,http://place.map.kakao.com/1039811278,1039811278,N,KAKAO_LOCAL_API
KKO_CHANGWON_061,CHANGWON,창원 NC 파크,카페,CE7,카페에이엔드,음식점 > 카페,경남 창원시 마산합포구 산호북17길 15-1,128.584124997051,35.220653279624,439,,http://place.map.kakao.com/1681505144,1681505144,N,KAKAO_LOCAL_API
KKO_CHANGWON_062,CHANGWON,창원 NC 파크,카페,CE7,컴포즈커피 마산산호점,음식점 > 카페 > 커피전문점 > 컴포즈커피,경남 창원시 마산합포구 용마로 108,128.58450877716015,35.22203435404648,448,055-245-4512,http://place.map.kakao.com/608824894,608824894,N,KAKAO_LOCAL_API
KKO_CHANGWON_063,CHANGWON,창원 NC 파크,카페,CE7,스위트빌리지,음식점 > 카페,경남 창원시 마산합포구 산호북16길 22,128.58286965989092,35.218954654043735,450,010-5716-4917,http://place.map.kakao.com/1978336906,1978336906,N,KAKAO_LOCAL_API
KKO_CHANGWON_064,CHANGWON,창원 NC 파크,카페,CE7,더벤티 마산산호점,음식점 > 카페 > 커피전문점 > 더벤티,경남 창원시 마산합포구 삼호로 55,128.58477152277774,35.222160691603335,473,070-8211-0078,http://place.map.kakao.com/1124918303,1124918303,N,KAKAO_LOCAL_API
KKO_CHANGWON_065,CHANGWON,창원 NC 파크,카페,CE7,학티스트커피로스터스,음식점 > 카페,경남 창원시 마산합포구 산호북15길 58-1,128.584054818482,35.2197547662415,476,,http://place.map.kakao.com/1767833781,1767833781,N,KAKAO_LOCAL_API
KKO_CHANGWON_066,CHANGWON,창원 NC 파크,카페,CE7,모짜르트,음식점 > 카페,경남 창원시 마산회원구 삼호로 135,128.57725393872977,35.22584845182785,478,,http://place.map.kakao.com/15714939,15714939,N,KAKAO_LOCAL_API
KKO_CHANGWON_067,CHANGWON,창원 NC 파크,카페,CE7,투썸플레이스 마산산호점,음식점 > 카페 > 커피전문점 > 투썸플레이스,경남 창원시 마산합포구 삼호로 53,128.58483550978764,35.222062520472264,478,055-245-4382,http://place.map.kakao.com/17757809,17757809,N,KAKAO_LOCAL_API
KKO_CHANGWON_068,CHANGWON,창원 NC 파크,카페,CE7,경성커피,음식점 > 카페,경남 창원시 마산회원구 삼호로 80,128.584565896485,35.2236729506882,490,,http://place.map.kakao.com/1942530190,1942530190,N,KAKAO_LOCAL_API
KKO_CHANGWON_069,CHANGWON,창원 NC 파크,카페,CE7,스타벅스 마산회원DT점,음식점 > 카페 > 커피전문점 > 스타벅스,경남 창원시 마산회원구 3.15대로 518,128.574434113903,35.2206562603364,491,,http://place.map.kakao.com/1917576011,1917576011,N,KAKAO_LOCAL_API
KKO_CHANGWON_070,CHANGWON,창원 NC 파크,카페,CE7,댄싱컵 마산메트로점,음식점 > 카페 > 커피전문점,경남 창원시 마산회원구 삼호로 80,128.584689691103,35.2236569101436,500,010-8797-2714,http://place.map.kakao.com/1977476668,1977476668,N,KAKAO_LOCAL_API
KKO_CHANGWON_071,CHANGWON,창원 NC 파크,카페,CE7,커피마마 마산산호점,음식점 > 카페 > 커피전문점 > 커피마마,경남 창원시 마산합포구 산호남로 9,128.581211128143,35.2176416034409,504,,http://place.map.kakao.com/23492663,23492663,N,KAKAO_LOCAL_API
KKO_CHANGWON_072,CHANGWON,창원 NC 파크,카페,CE7,폴바셋 마산회원DT점,음식점 > 카페 > 커피전문점 > 폴바셋,경남 창원시 마산회원구 3.15대로 506,128.57484579162158,35.21945406333124,514,055-242-0350,http://place.map.kakao.com/1366346866,1366346866,N,KAKAO_LOCAL_API
KKO_CHANGWON_073,CHANGWON,창원 NC 파크,카페,CE7,달콤커피 롯데마트 마산양덕점,음식점 > 카페 > 커피전문점 > 달콤커피,경남 창원시 마산회원구 삼호로 80,128.58505694716,35.2241306559984,552,,http://place.map.kakao.com/1135573678,1135573678,N,KAKAO_LOCAL_API
KKO_CHANGWON_074,CHANGWON,창원 NC 파크,카페,CE7,커피마마 마산메트로시티점,음식점 > 카페 > 커피전문점 > 커피마마,경남 창원시 마산회원구 양덕서로 30,128.584134277438,35.2255378461424,572,055-292-2216,http://place.map.kakao.com/112457068,112457068,N,KAKAO_LOCAL_API
KKO_CHANGWON_075,CHANGWON,창원 NC 파크,카페,CE7,오소록,음식점 > 카페,경남 창원시 마산합포구 산호북14길 13,128.582369545165,35.2173488841716,573,,http://place.map.kakao.com/1817694538,1817694538,N,KAKAO_LOCAL_API
KKO_CHANGWON_076,CHANGWON,창원 NC 파크,카페,CE7,영커피 마산양덕점,음식점 > 카페 > 커피전문점 > 영커피,경남 창원시 마산회원구 양덕서5길 15,128.5797216200823,35.22719972078837,578,055-607-7197,http://place.map.kakao.com/352538256,352538256,N,KAKAO_LOCAL_API
KKO_CHANGWON_077,CHANGWON,창원 NC 파크,카페,CE7,스페이스커피 산호점,음식점 > 카페,경남 창원시 마산합포구 산호남로 19,128.582077394738,35.2171210857943,585,070-7779-3131,http://place.map.kakao.com/1556856813,1556856813,N,KAKAO_LOCAL_API
KKO_CHANGWON_078,CHANGWON,창원 NC 파크,카페,CE7,폴앤루이스 회원점,음식점 > 카페,경남 창원시 마산회원구 회원동서로 33,128.574442775406,35.218659910285,595,,http://place.map.kakao.com/312027476,312027476,N,KAKAO_LOCAL_API
KKO_CHANGWON_079,CHANGWON,창원 NC 파크,카페,CE7,폴앤루이스,음식점 > 카페,경남 창원시 마산합포구 산호남로 21,128.582124842579,35.2170195272713,597,055-224-5554,http://place.map.kakao.com/1119720357,1119720357,N,KAKAO_LOCAL_API
KKO_CHANGWON_080,CHANGWON,창원 NC 파크,카페,CE7,빽다방 창원메트로시티점,음식점 > 카페 > 커피전문점 > 빽다방,경남 창원시 마산회원구 삼호로 80,128.58543302045067,35.224549309853224,604,055-251-0266,http://place.map.kakao.com/27597070,27597070,N,KAKAO_LOCAL_API
KKO_CHANGWON_081,CHANGWON,창원 NC 파크,카페,CE7,텐퍼센트커피 마산양덕메트로시티점,음식점 > 카페 > 커피전문점 > 텐퍼센트커피,경남 창원시 마산회원구 삼호로 80,128.585455682017,35.2245850623304,607,,http://place.map.kakao.com/335912734,335912734,N,KAKAO_LOCAL_API
KKO_CHANGWON_082,CHANGWON,창원 NC 파크,카페,CE7,실버카페아리산호점,음식점 > 카페,경남 창원시 마산합포구 용마로 30,128.57908921365825,35.21649860021345,610,,http://place.map.kakao.com/877215285,877215285,N,KAKAO_LOCAL_API
KKO_CHANGWON_083,CHANGWON,창원 NC 파크,카페,CE7,하삼동커피 메트로센텀점,음식점 > 카페 > 커피전문점 > 하삼동커피,경남 창원시 마산회원구 용마로 130,128.58600283800305,35.22363610433906,612,055-252-8285,http://place.map.kakao.com/1532654751,1532654751,N,KAKAO_LOCAL_API
KKO_CHANGWON_084,CHANGWON,창원 NC 파크,카페,CE7,이디야커피 마산메트로시티점,음식점 > 카페 > 커피전문점 > 이디야커피,경남 창원시 마산회원구 삼호로 80,128.5851964232306,35.22503366776722,613,055-252-4100,http://place.map.kakao.com/27510237,27510237,N,KAKAO_LOCAL_API
KKO_CHANGWON_085,CHANGWON,창원 NC 파크,카페,CE7,밤비플린,"가정,생활 > 유아 > 놀이시설 > 키즈카페",경남 창원시 마산회원구 용마로 130,128.586061790484,35.2235614306335,615,,http://place.map.kakao.com/191848576,191848576,N,KAKAO_LOCAL_API
KKO_CHANGWON_086,CHANGWON,창원 NC 파크,카페,CE7,세라젬 웰라운지 창원양덕직영점,음식점 > 카페 > 테마카페,경남 창원시 마산회원구 용마로 130,128.58604035230607,35.22370140278283,618,055-716-8325,http://place.map.kakao.com/1900802534,1900802534,N,KAKAO_LOCAL_API
KKO_CHANGWON_087,CHANGWON,창원 NC 파크,카페,CE7,썬스타커피숍,음식점 > 카페 > 커피전문점,경남 창원시 마산합포구 삼호로 35,128.586377982796,35.2208472767082,631,055-241-0910,http://place.map.kakao.com/12011721,12011721,N,KAKAO_LOCAL_API
KKO_CHANGWON_088,CHANGWON,창원 NC 파크,카페,CE7,미향다방,음식점 > 카페 > 다방,경남 창원시 마산합포구 용마로 23,128.578191098676,35.2163390789425,639,,http://place.map.kakao.com/1574020172,1574020172,N,KAKAO_LOCAL_API
KKO_CHANGWON_089,CHANGWON,창원 NC 파크,카페,CE7,합포285,음식점 > 카페,경남 창원시 마산회원구 합포로 285,128.586643181615,35.2229049220195,650,,http://place.map.kakao.com/338764188,338764188,N,KAKAO_LOCAL_API
KKO_CHANGWON_090,CHANGWON,창원 NC 파크,카페,CE7,망글망글,음식점 > 카페 > 테마카페 > 애견카페,경남 창원시 마산합포구 삼호로 31,128.586620665489,35.2206764660626,657,010-8443-1958,http://place.map.kakao.com/740755602,740755602,N,KAKAO_LOCAL_API
KKO_CHANGWON_091,CHANGWON,창원 NC 파크,관광명소,AT4,반월산,"여행 > 관광,명소 > 산",경남 창원시 마산회원구 회원동 산 7,128.57584125058654,35.22441953077915,434,,http://place.map.kakao.com/25242773,25242773,N,KAKAO_LOCAL_API
KKO_CHANGWON_092,CHANGWON,창원 NC 파크,관광명소,AT4,용마산,"여행 > 관광,명소 > 산",경남 창원시 마산합포구 산호동 544-4,128.5788922372231,35.214663550134254,814,,http://place.map.kakao.com/25328088,25328088,N,KAKAO_LOCAL_API
KKO_CHANGWON_093,CHANGWON,창원 NC 파크,관광명소,AT4,산호공원 전망대,"여행 > 관광,명소 > 전망대",경남 창원시 마산합포구 산호동 547-2,128.579075892541,35.2144502651708,837,,http://place.map.kakao.com/17990844,17990844,N,KAKAO_LOCAL_API
KKO_CHANGWON_094,CHANGWON,창원 NC 파크,관광명소,AT4,자유온천,"여행 > 관광,명소 > 온천",경남 창원시 마산합포구 산호북2길 6,128.586869877247,35.2170051760172,863,055-241-0767,http://place.map.kakao.com/9415059,9415059,N,KAKAO_LOCAL_API
KKO_CHANGWON_095,CHANGWON,창원 NC 파크,관광명소,AT4,산호공원시의거리,"여행 > 관광,명소 > 테마거리",경남 창원시 마산합포구 산호동 551-5,128.580551500836,35.2139803880451,892,,http://place.map.kakao.com/12706246,12706246,N,KAKAO_LOCAL_API
KKO_CHANGWON_096,CHANGWON,창원 NC 파크,관광명소,AT4,조개골,"여행 > 관광,명소 > 계곡",경남 창원시 마산회원구 봉암동,128.59367711735,35.2243382922729,1309,,http://place.map.kakao.com/25360316,25360316,N,KAKAO_LOCAL_API
KKO_CHANGWON_097,CHANGWON,창원 NC 파크,관광명소,AT4,유성온천,"여행 > 관광,명소 > 온천",경남 창원시 마산회원구 석전북18길 13,128.567157079722,35.2308202136444,1497,,http://place.map.kakao.com/11627315,11627315,N,KAKAO_LOCAL_API
KKO_CHANGWON_098,CHANGWON,창원 NC 파크,관광명소,AT4,봉화산,"여행 > 관광,명소 > 산",경남 창원시 마산회원구 회원동 산 18,128.56207174657987,35.225044145621446,1630,,http://place.map.kakao.com/24021664,24021664,N,KAKAO_LOCAL_API
KKO_CHANGWON_099,CHANGWON,창원 NC 파크,관광명소,AT4,오동동문화의거리,"여행 > 관광,명소 > 테마거리",경남 창원시 마산합포구 오동동 289-13,128.577982716893,35.2069914679441,1670,,http://place.map.kakao.com/18961936,18961936,N,KAKAO_LOCAL_API
KKO_CHANGWON_100,CHANGWON,창원 NC 파크,관광명소,AT4,안골,"여행 > 관광,명소 > 계곡",경남 창원시 마산회원구 봉암동,128.596906523745,35.2270498886163,1674,,http://place.map.kakao.com/25307154,25307154,N,KAKAO_LOCAL_API
KKO_CHANGWON_101,CHANGWON,창원 NC 파크,관광명소,AT4,창동예술촌,"여행 > 관광,명소 > 테마거리",경남 창원시 마산합포구 오동서6길 24,128.57465000540392,35.20704387774388,1717,055-222-2155,http://place.map.kakao.com/17645171,17645171,N,KAKAO_LOCAL_API
KKO_CHANGWON_102,CHANGWON,창원 NC 파크,관광명소,AT4,상상길,"여행 > 관광,명소 > 테마거리",경남 창원시 마산합포구 중성동 169-4,128.5762771770583,35.20658109443913,1735,,http://place.map.kakao.com/27482111,27482111,N,KAKAO_LOCAL_API
KKO_CHANGWON_103,CHANGWON,창원 NC 파크,관광명소,AT4,마산명물아구찜거리,"여행 > 관광,명소 > 테마거리 > 먹자골목",경남 창원시 마산합포구 동성동 50-1,128.57822407933787,35.20618622039063,1757,,http://place.map.kakao.com/12811857,12811857,N,KAKAO_LOCAL_API
KKO_CHANGWON_104,CHANGWON,창원 NC 파크,관광명소,AT4,오동동아구찜거리,"여행 > 관광,명소 > 테마거리 > 먹자골목",경남 창원시 마산합포구 동서북17길 23,128.577913007088,35.2061127691751,1767,,http://place.map.kakao.com/12706518,12706518,N,KAKAO_LOCAL_API
KKO_CHANGWON_105,CHANGWON,창원 NC 파크,관광명소,AT4,가고파 꼬부랑길벽화마을,"여행 > 관광,명소 > 테마거리",경남 창원시 마산합포구 성호서7길 15-8,128.569820183456,35.2078149803765,1806,055-220-5704,http://place.map.kakao.com/25038393,25038393,N,KAKAO_LOCAL_API
KKO_CHANGWON_106,CHANGWON,창원 NC 파크,관광명소,AT4,복요리거리,"여행 > 관광,명소 > 테마거리 > 먹자골목",경남 창원시 마산합포구 오동동 291,128.57944926607894,35.20492653398624,1892,,http://place.map.kakao.com/2061617319,2061617319,N,KAKAO_LOCAL_API
KKO_CHANGWON_107,CHANGWON,창원 NC 파크,관광명소,AT4,안골,"여행 > 관광,명소 > 계곡",경남 창원시 마산회원구 합성동,128.593628335107,35.2364442767193,2051,,http://place.map.kakao.com/25307155,25307155,N,KAKAO_LOCAL_API
KKO_CHANGWON_108,CHANGWON,창원 NC 파크,관광명소,AT4,갈뫼산,"여행 > 관광,명소 > 산",경남 창원시 마산회원구 합성동 산 57,128.574206229288,35.2410929103493,2176,,http://place.map.kakao.com/783509049,783509049,N,KAKAO_LOCAL_API
KKO_CHANGWON_109,CHANGWON,창원 NC 파크,관광명소,AT4,활어회거리,"여행 > 관광,명소 > 테마거리",경남 창원시 마산합포구 남성동 254,128.577092816065,35.2019137764861,2238,,http://place.map.kakao.com/408997244,408997244,N,KAKAO_LOCAL_API
KKO_CHANGWON_110,CHANGWON,창원 NC 파크,관광명소,AT4,대풍횟집골목,"여행 > 관광,명소 > 테마거리 > 먹자골목",경남 창원시 마산합포구 남성동 223-1,128.57562274291,35.2019212024819,2255,,http://place.map.kakao.com/317843050,317843050,N,KAKAO_LOCAL_API
KKO_CHANGWON_111,CHANGWON,창원 NC 파크,관광명소,AT4,팔룡산,"여행 > 관광,명소 > 산",경남 창원시 마산회원구 봉암동 산 1-12,128.60098915832273,35.2327025407329,2283,,http://place.map.kakao.com/17552997,17552997,N,KAKAO_LOCAL_API
KKO_CHANGWON_112,CHANGWON,창원 NC 파크,관광명소,AT4,수원지골,"여행 > 관광,명소 > 계곡",경남 창원시 마산회원구 봉암동,128.604787527045,35.2236723719154,2302,,http://place.map.kakao.com/25294412,25294412,N,KAKAO_LOCAL_API
KKO_CHANGWON_113,CHANGWON,창원 NC 파크,관광명소,AT4,연개밭골,"여행 > 관광,명소 > 계곡",경남 창원시 마산회원구 회원동,128.553083388058,35.2233843831533,2418,,http://place.map.kakao.com/25318817,25318817,N,KAKAO_LOCAL_API
