record_id,stadium_code,stadium_name,home_team,store_facility,zone_location,floor,side,in_stadium_flag,evidence_type,evidence_subtype,source,source_url,verified_at,status,notes,content
SC_FOOD_JAMSIL_001,JAMSIL,잠실야구장,"LG,DOOSAN",BBQ치킨,외부 외야~3루,외부,외야~3루,N,UNOFFICIAL,COMMUNITY_SEATVIEW,myseatcheck.com (자리어때),https://myseatcheck.com/%ec%84%9c%ec%9a%b8-%ec%9e%a0%ec%8b%a4%ec%95%bc%ea%b5%ac%ec%9e%a5-%eb%a8%b9%ea%b1%b0%eb%a6%ac-%ec%99%b8%eb%b6%80-%ec%99%b8%ec%95%bc3%eb%a3%a8/,2026-09-10,PARTIAL,구역 단위 위치. 정확한 매장 좌표 아님,"[잠실야구장] stadium_code: JAMSIL / stadium_name: 잠실야구장 / home_team: LG,DOOSAN / store_facility: BBQ치킨 / zone_location: 외부 외야~3루 / floor: 외부 / side: 외야~3루 / in_stadium_flag: N / notes: 구역 단위 위치. 정확한 매장 좌표 아님 (공식 확인 전 정보로 정확하지 않을 수 있습니다.)"
SC_FOOD_JAMSIL_002,JAMSIL,잠실야구장,"LG,DOOSAN",BHC치킨,외부 외야~3루,외부,외야~3루,N,UNOFFICIAL,COMMUNITY_SEATVIEW,myseatcheck.com (자리어때),https://myseatcheck.com/%ec%84%9c%ec%9a%b8-%ec%9e%a0%ec%8b%a4%ec%95%bc%ea%b5%ac%ec%9e%a5-%eb%a8%b9%ea%b1%b0%eb%a6%ac-%ec%99%b8%eb%b6%80-%ec%99%b8%ec%95%bc3%eb%a3%a8/,2026-09-10,PARTIAL,구역 단위 위치. 정확한 매장 좌표 아님,"[잠실야구장] stadium_code: JAMSIL / stadium_name: 잠실야구장 / home_team: LG,DOOSAN / store_facility: BHC치킨 / zone_location: 외부 외야~3루 / floor: 외부 / side: 외야~3루 / in_stadium_flag: N / notes: 구역 단위 위치. 정확한 매장 좌표 아님 (공식 확인 전 정보로 정확하지 않을 수 있습니다.)"
SC_FOOD_JAMSIL_003,JAMSIL,잠실야구장,"LG,DOOSAN",GS25,외부 외야~3루,외부,외야~3루,N,UNOFFICIAL,COMMUNITY_SEATVIEW,myseatcheck.com (자리어때),https://myseatcheck.com/%ec%84%9c%ec%9a%b8-%ec%9e%a0%ec%8b%a4%ec%95%bc%ea%b5%ac%ec%9e%a5-%eb%a8%b9%ea%b1%b0%eb%a6%ac-%ec%99%b8%eb%b6%80-%ec%99%b8%ec%95%bc3%eb%a3%a8/,2026-09-10,PARTIAL,구역 단위 위치. 정확한 매장 좌표 아님,"[잠실야구장] stadium_code: JAMSIL / stadium_name: 잠실야구장 / home_team: LG,DOOSAN / store_facility: GS25 / zone_location: 외부 외야~3루 / floor: 외부 / side: 외야~3루 / in_stadium_flag: N / notes: 구역 단위 위치. 정확한 매장 좌표 아님 (공식 확인 전 정보로 정확하지 않을 수 있습니다.)"
SC_FOOD_JAMSIL_004,JAMSIL,잠실야구장,"LG,DOOSAN","잠실원샷, 피자",외부 외야~3루,외부,외야~3루,N,UNOFFICIAL,COMMUNITY_SEATVIEW,myseatcheck.com (자리어때),https://myseatcheck.com/%ec%84%9c%ec%9a%b8-%ec%9e%a0%ec%8b%a4%ec%95%bc%ea%b5%ac%ec%9e%a5-%eb%a8%b9%ea%b1%b0%eb%a6%ac-%ec%99%b8%eb%b6%80-%ec%99%b8%ec%95%bc3%eb%a3%a8/,2026-09-10,PARTIAL,구역 단위 위치. 정확한 매장 좌표 아님,"[잠실야구장] stadium_code: JAMSIL / stadium_name: 잠실야구장 / home_team: LG,DOOSAN / store_facility: 잠실원샷, 피자 / zone_location: 외부 외야~3루 / floor: 외부 / side: 외야~3루 / in_stadium_flag: N / notes: 구역 단위 위치. 정확한 매장 좌표 아님 (공식 확인 전 정보로 정확하지 않을 수 있습니다.)"
SC_FOOD_JAMSIL_005,JAMSIL,잠실야구장,"LG,DOOSAN",카페바른생활,외부 외야~3루,외부,외야~3루,N,UNOFFICIAL,COMMUNITY_SEATVIEW,myseatcheck.com (자리어때),https://myseatcheck.com/%ec%84%9c%ec%9a%b8-%ec%9e%a0%ec%8b%a4%ec%95%bc%ea%b5%ac%ec%9e%a5-%eb%a8%b9%ea%b1%b0%eb%a6%ac-%ec%99%b8%eb%b6%80-%ec%99%b8%ec%95%bc3%eb%a3%a8/,2026-09-10,PARTIAL,구역 단위 위치. 정확한 매장 좌표 아님,"[잠실야구장] stadium_code: JAMSIL / stadium_name: 잠실야구장 / home_team: LG,DOOSAN / store_facility: 카페바른생활 / zone_location: 외부 외야~3루 / floor: 외부 / side: 외야~3루 / in_stadium_flag: N / notes: 구역 단위 위치. 정확한 매장 좌표 아님 (공식 확인 전 정보로 정확하지 않을 수 있습니다.)"
SC_FOOD_JAMSIL_006,JAMSIL,잠실야구장,"LG,DOOSAN",자문밖,외부 외야~3루,외부,외야~3루,N,UNOFFICIAL,COMMUNITY_SEATVIEW,myseatcheck.com (자리어때),https://myseatcheck.com/%ec%84%9c%ec%9a%b8-%ec%9e%a0%ec%8b%a4%ec%95%bc%ea%b5%ac%ec%9e%a5-%eb%a8%b9%ea%b1%b0%eb%a6%ac-%ec%99%b8%eb%b6%80-%ec%99%b8%ec%95%bc3%eb%a3%a8/,2026-09-10,PARTIAL,구역 단위 위치. 정확한 매장 좌표 아님,"[잠실야구장] stadium_code: JAMSIL / stadium_name: 잠실야구장 / home_team: LG,DOOSAN / store_facility: 자문밖 / zone_location: 외부 외야~3루 / floor: 외부 / side: 외야~3루 / in_stadium_flag: N / notes: 구역 단위 위치. 정확한 매장 좌표 아님 (공식 확인 전 정보로 정확하지 않을 수 있습니다.)"
SC_FOOD_JAMSIL_007,JAMSIL,잠실야구장,"LG,DOOSAN",명인만두,외부 외야~3루,외부,외야~3루,N,UNOFFICIAL,COMMUNITY_SEATVIEW,myseatcheck.com (자리어때),https://myseatcheck.com/%ec%84%9c%ec%9a%b8-%ec%9e%a0%ec%8b%a4%ec%95%bc%ea%b5%ac%ec%9e%a5-%eb%a8%b9%ea%b1%b0%eb%a6%ac-%ec%99%b8%eb%b6%80-%ec%99%b8%ec%95%bc3%eb%a3%a8/,2026-09-10,PARTIAL,구역 단위 위치. 정확한 매장 좌표 아님,"[잠실야구장] stadium_code: JAMSIL / stadium_name: 잠실야구장 / home_team: LG,DOOSAN / store_facility: 명인만두 / zone_location: 외부 외야~3루 / floor: 외부 / side: 외야~3루 / in_stadium_flag: N / notes: 구역 단위 위치. 정확한 매장 좌표 아님 (공식 확인 전 정보로 정확하지 않을 수 있습니다.)"
SC_FOOD_JAMSIL_008,JAMSIL,잠실야구장,"LG,DOOSAN",버거리,외부 외야~3루,외부,외야~3루,N,UNOFFICIAL,COMMUNITY_SEATVIEW,myseatcheck.com (자리어때),https://myseatcheck.com/%ec%84%9c%ec%9a%b8-%ec%9e%a0%ec%8b%a4%ec%95%bc%ea%b5%ac%ec%9e%a5-%eb%a8%b9%ea%b1%b0%eb%a6%ac-%ec%99%b8%eb%b6%80-%ec%99%b8%ec%95%bc3%eb%a3%a8/,2026-09-10,PARTIAL,구역 단위 위치. 정확한 매장 좌표 아님,"[잠실야구장] stadium_code: JAMSIL / stadium_name: 잠실야구장 / home_team: LG,DOOSAN / store_facility: 버거리 / zone_location: 외부 외야~3루 / floor: 외부 / side: 외야~3루 / in_stadium_flag: N / notes: 구역 단위 위치. 정확한 매장 좌표 아님 (공식 확인 전 정보로 정확하지 않을 수 있습니다.)"
SC_FOOD_JAMSIL_009,JAMSIL,잠실야구장,"LG,DOOSAN",초장집,외부 외야~3루,외부,외야~3루,N,UNOFFICIAL,COMMUNITY_SEATVIEW,myseatcheck.com (자리어때),https://myseatcheck.com/%ec%84%9c%ec%9a%b8-%ec%9e%a0%ec%8b%a4%ec%95%bc%ea%b5%ac%ec%9e%a5-%eb%a8%b9%ea%b1%b0%eb%a6%ac-%ec%99%b8%eb%b6%80-%ec%99%b8%ec%95%bc3%eb%a3%a8/,2026-09-10,PARTIAL,구역 단위 위치. 정확한 매장 좌표 아님,"[잠실야구장] stadium_code: JAMSIL / stadium_name: 잠실야구장 / home_team: LG,DOOSAN / store_facility: 초장집 / zone_location: 외부 외야~3루 / floor: 외부 / side: 외야~3루 / in_stadium_flag: N / notes: 구역 단위 위치. 정확한 매장 좌표 아님 (공식 확인 전 정보로 정확하지 않을 수 있습니다.)"
SC_FOOD_JAMSIL_010,JAMSIL,잠실야구장,"LG,DOOSAN","BBQ, 닭꼬치",외부 외야~1루,외부,외야~1루,N,UNOFFICIAL,COMMUNITY_SEATVIEW,myseatcheck.com (자리어때),https://myseatcheck.com/%ec%84%9c%ec%9a%b8-%ec%9e%a0%ec%8b%a4%ec%95%bc%ea%b5%ac%ec%9e%a5-%eb%a8%b9%ea%b1%b0%eb%a6%ac-%ec%99%b8%eb%b6%80-%ec%99%b8%ec%95%bc1%eb%a3%a8/,2026-09-10,PARTIAL,구역 단위 위치. 정확한 매장 좌표 아님,"[잠실야구장] stadium_code: JAMSIL / stadium_name: 잠실야구장 / home_team: LG,DOOSAN / store_facility: BBQ, 닭꼬치 / zone_location: 외부 외야~1루 / floor: 외부 / side: 외야~1루 / in_stadium_flag: N / notes: 구역 단위 위치. 정확한 매장 좌표 아님 (공식 확인 전 정보로 정확하지 않을 수 있습니다.)"
SC_FOOD_JAMSIL_011,JAMSIL,잠실야구장,"LG,DOOSAN",이쁜여우핫도그,외부 외야~1루,외부,외야~1루,N,UNOFFICIAL,COMMUNITY_SEATVIEW,myseatcheck.com (자리어때),https://myseatcheck.com/%ec%84%9c%ec%9a%b8-%ec%9e%a0%ec%8b%a4%ec%95%bc%ea%b5%ac%ec%9e%a5-%eb%a8%b9%ea%b1%b0%eb%a6%ac-%ec%99%b8%eb%b6%80-%ec%99%b8%ec%95%bc1%eb%a3%a8/,2026-09-10,PARTIAL,구역 단위 위치. 정확한 매장 좌표 아님,"[잠실야구장] stadium_code: JAMSIL / stadium_name: 잠실야구장 / home_team: LG,DOOSAN / store_facility: 이쁜여우핫도그 / zone_location: 외부 외야~1루 / floor: 외부 / side: 외야~1루 / in_stadium_flag: N / notes: 구역 단위 위치. 정확한 매장 좌표 아님 (공식 확인 전 정보로 정확하지 않을 수 있습니다.)"
SC_FOOD_JAMSIL_012,JAMSIL,잠실야구장,"LG,DOOSAN",버거리,외부 외야~1루,외부,외야~1루,N,UNOFFICIAL,COMMUNITY_SEATVIEW,myseatcheck.com (자리어때),https://myseatcheck.com/%ec%84%9c%ec%9a%b8-%ec%9e%a0%ec%8b%a4%ec%95%bc%ea%b5%ac%ec%9e%a5-%eb%a8%b9%ea%b1%b0%eb%a6%ac-%ec%99%b8%eb%b6%80-%ec%99%b8%ec%95%bc1%eb%a3%a8/,2026-09-10,PARTIAL,구역 단위 위치. 정확한 매장 좌표 아님,"[잠실야구장] stadium_code: JAMSIL / stadium_name: 잠실야구장 / home_team: LG,DOOSAN / store_facility: 버거리 / zone_location: 외부 외야~1루 / floor: 외부 / side: 외야~1루 / in_stadium_flag: N / notes: 구역 단위 위치. 정확한 매장 좌표 아님 (공식 확인 전 정보로 정확하지 않을 수 있습니다.)"
SC_FOOD_JAMSIL_013,JAMSIL,잠실야구장,"LG,DOOSAN",스테이션,외부 외야~1루,외부,외야~1루,N,UNOFFICIAL,COMMUNITY_SEATVIEW,myseatcheck.com (자리어때),https://myseatcheck.com/%ec%84%9c%ec%9a%b8-%ec%9e%a0%ec%8b%a4%ec%95%bc%ea%b5%ac%ec%9e%a5-%eb%a8%b9%ea%b1%b0%eb%a6%ac-%ec%99%b8%eb%b6%80-%ec%99%b8%ec%95%bc1%eb%a3%a8/,2026-09-10,PARTIAL,구역 단위 위치. 정확한 매장 좌표 아님,"[잠실야구장] stadium_code: JAMSIL / stadium_name: 잠실야구장 / home_team: LG,DOOSAN / store_facility: 스테이션 / zone_location: 외부 외야~1루 / floor: 외부 / side: 외야~1루 / in_stadium_flag: N / notes: 구역 단위 위치. 정확한 매장 좌표 아님 (공식 확인 전 정보로 정확하지 않을 수 있습니다.)"
SC_FOOD_JAMSIL_014,JAMSIL,잠실야구장,"LG,DOOSAN",빙동댕,외부 외야~1루,외부,외야~1루,N,UNOFFICIAL,COMMUNITY_SEATVIEW,myseatcheck.com (자리어때),https://myseatcheck.com/%ec%84%9c%ec%9a%b8-%ec%9e%a0%ec%8b%a4%ec%95%bc%ea%b5%ac%ec%9e%a5-%eb%a8%b9%ea%b1%b0%eb%a6%ac-%ec%99%b8%eb%b6%80-%ec%99%b8%ec%95%bc1%eb%a3%a8/,2026-09-10,PARTIAL,구역 단위 위치. 정확한 매장 좌표 아님,"[잠실야구장] stadium_code: JAMSIL / stadium_name: 잠실야구장 / home_team: LG,DOOSAN / store_facility: 빙동댕 / zone_location: 외부 외야~1루 / floor: 외부 / side: 외야~1루 / in_stadium_flag: N / notes: 구역 단위 위치. 정확한 매장 좌표 아님 (공식 확인 전 정보로 정확하지 않을 수 있습니다.)"
SC_FOOD_JAMSIL_015,JAMSIL,잠실야구장,"LG,DOOSAN",GS25,외부 외야~1루,외부,외야~1루,N,UNOFFICIAL,COMMUNITY_SEATVIEW,myseatcheck.com (자리어때),https://myseatcheck.com/%ec%84%9c%ec%9a%b8-%ec%9e%a0%ec%8b%a4%ec%95%bc%ea%b5%ac%ec%9e%a5-%eb%a8%b9%ea%b1%b0%eb%a6%ac-%ec%99%b8%eb%b6%80-%ec%99%b8%ec%95%bc1%eb%a3%a8/,2026-09-10,PARTIAL,구역 단위 위치. 정확한 매장 좌표 아님,"[잠실야구장] stadium_code: JAMSIL / stadium_name: 잠실야구장 / home_team: LG,DOOSAN / store_facility: GS25 / zone_location: 외부 외야~1루 / floor: 외부 / side: 외야~1루 / in_stadium_flag: N / notes: 구역 단위 위치. 정확한 매장 좌표 아님 (공식 확인 전 정보로 정확하지 않을 수 있습니다.)"
SC_FOOD_JAMSIL_016,JAMSIL,잠실야구장,"LG,DOOSAN",GS25 분식,외부 외야~1루,외부,외야~1루,N,UNOFFICIAL,COMMUNITY_SEATVIEW,myseatcheck.com (자리어때),https://myseatcheck.com/%ec%84%9c%ec%9a%b8-%ec%9e%a0%ec%8b%a4%ec%95%bc%ea%b5%ac%ec%9e%a5-%eb%a8%b9%ea%b1%b0%eb%a6%ac-%ec%99%b8%eb%b6%80-%ec%99%b8%ec%95%bc1%eb%a3%a8/,2026-09-10,PARTIAL,구역 단위 위치. 정확한 매장 좌표 아님,"[잠실야구장] stadium_code: JAMSIL / stadium_name: 잠실야구장 / home_team: LG,DOOSAN / store_facility: GS25 분식 / zone_location: 외부 외야~1루 / floor: 외부 / side: 외야~1루 / in_stadium_flag: N / notes: 구역 단위 위치. 정확한 매장 좌표 아님 (공식 확인 전 정보로 정확하지 않을 수 있습니다.)"
SC_FOOD_JAMSIL_017,JAMSIL,잠실야구장,"LG,DOOSAN",KFC치킨,외부 1루,외부,1루,N,UNOFFICIAL,COMMUNITY_SEATVIEW,myseatcheck.com (자리어때),https://myseatcheck.com/%ec%84%9c%ec%9a%b8-%ec%9e%a0%ec%8b%a4%ec%95%bc%ea%b5%ac%ec%9e%a5-%eb%a8%b9%ea%b1%b0%eb%a6%ac-%ec%99%b8%eb%b6%80-1%eb%a3%a8/,2026-09-10,PARTIAL,구역 단위 위치. 정확한 매장 좌표 아님,"[잠실야구장] stadium_code: JAMSIL / stadium_name: 잠실야구장 / home_team: LG,DOOSAN / store_facility: KFC치킨 / zone_location: 외부 1루 / floor: 외부 / side: 1루 / in_stadium_flag: N / notes: 구역 단위 위치. 정확한 매장 좌표 아님 (공식 확인 전 정보로 정확하지 않을 수 있습니다.)"
SC_FOOD_JAMSIL_018,JAMSIL,잠실야구장,"LG,DOOSAN",광장식당,외부 1루,외부,1루,N,UNOFFICIAL,COMMUNITY_SEATVIEW,myseatcheck.com (자리어때),https://myseatcheck.com/%ec%84%9c%ec%9a%b8-%ec%9e%a0%ec%8b%a4%ec%95%bc%ea%b5%ac%ec%9e%a5-%eb%a8%b9%ea%b1%b0%eb%a6%ac-%ec%99%b8%eb%b6%80-1%eb%a3%a8/,2026-09-10,PARTIAL,구역 단위 위치. 정확한 매장 좌표 아님,"[잠실야구장] stadium_code: JAMSIL / stadium_name: 잠실야구장 / home_team: LG,DOOSAN / store_facility: 광장식당 / zone_location: 외부 1루 / floor: 외부 / side: 1루 / in_stadium_flag: N / notes: 구역 단위 위치. 정확한 매장 좌표 아님 (공식 확인 전 정보로 정확하지 않을 수 있습니다.)"
SC_FOOD_JAMSIL_019,JAMSIL,잠실야구장,"LG,DOOSAN",꼬꼬닭 닭강정,외부 1루,외부,1루,N,UNOFFICIAL,COMMUNITY_SEATVIEW,myseatcheck.com (자리어때),https://myseatcheck.com/%ec%84%9c%ec%9a%b8-%ec%9e%a0%ec%8b%a4%ec%95%bc%ea%b5%ac%ec%9e%a5-%eb%a8%b9%ea%b1%b0%eb%a6%ac-%ec%99%b8%eb%b6%80-1%eb%a3%a8/,2026-09-10,PARTIAL,구역 단위 위치. 정확한 매장 좌표 아님,"[잠실야구장] stadium_code: JAMSIL / stadium_name: 잠실야구장 / home_team: LG,DOOSAN / store_facility: 꼬꼬닭 닭강정 / zone_location: 외부 1루 / floor: 외부 / side: 1루 / in_stadium_flag: N / notes: 구역 단위 위치. 정확한 매장 좌표 아님 (공식 확인 전 정보로 정확하지 않을 수 있습니다.)"
SC_FOOD_JAMSIL_020,JAMSIL,잠실야구장,"LG,DOOSAN",도미노피자,외부 1루,외부,1루,N,UNOFFICIAL,COMMUNITY_SEATVIEW,myseatcheck.com (자리어때),https://myseatcheck.com/%ec%84%9c%ec%9a%b8-%ec%9e%a0%ec%8b%a4%ec%95%bc%ea%b5%ac%ec%9e%a5-%eb%a8%b9%ea%b1%b0%eb%a6%ac-%ec%99%b8%eb%b6%80-1%eb%a3%a8/,2026-09-10,PARTIAL,구역 단위 위치. 정확한 매장 좌표 아님,"[잠실야구장] stadium_code: JAMSIL / stadium_name: 잠실야구장 / home_team: LG,DOOSAN / store_facility: 도미노피자 / zone_location: 외부 1루 / floor: 외부 / side: 1루 / in_stadium_flag: N / notes: 구역 단위 위치. 정확한 매장 좌표 아님 (공식 확인 전 정보로 정확하지 않을 수 있습니다.)"
SC_FOOD_JAMSIL_021,JAMSIL,잠실야구장,"LG,DOOSAN",홈런마트,외부 1루,외부,1루,N,UNOFFICIAL,COMMUNITY_SEATVIEW,myseatcheck.com (자리어때),https://myseatcheck.com/%ec%84%9c%ec%9a%b8-%ec%9e%a0%ec%8b%a4%ec%95%bc%ea%b5%ac%ec%9e%a5-%eb%a8%b9%ea%b1%b0%eb%a6%ac-%ec%99%b8%eb%b6%80-1%eb%a3%a8/,2026-09-10,PARTIAL,구역 단위 위치. 정확한 매장 좌표 아님,"[잠실야구장] stadium_code: JAMSIL / stadium_name: 잠실야구장 / home_team: LG,DOOSAN / store_facility: 홈런마트 / zone_location: 외부 1루 / floor: 외부 / side: 1루 / in_stadium_flag: N / notes: 구역 단위 위치. 정확한 매장 좌표 아님 (공식 확인 전 정보로 정확하지 않을 수 있습니다.)"
SC_FOOD_JAMSIL_022,JAMSIL,잠실야구장,"LG,DOOSAN",미스터피자,내부 3루 2층,2층,3루,Y,UNOFFICIAL,COMMUNITY_SEATVIEW,myseatcheck.com (자리어때),https://myseatcheck.com/%ec%84%9c%ec%9a%b8-%ec%9e%a0%ec%8b%a4%ec%95%bc%ea%b5%ac%ec%9e%a5-%eb%a8%b9%ea%b1%b0%eb%a6%ac-3%eb%a3%a8-2%ec%b8%b5/,2026-09-10,PARTIAL,구역 단위 위치. 정확한 매장 좌표 아님,"[잠실야구장] stadium_code: JAMSIL / stadium_name: 잠실야구장 / home_team: LG,DOOSAN / store_facility: 미스터피자 / zone_location: 내부 3루 2층 / floor: 2층 / side: 3루 / in_stadium_flag: Y / notes: 구역 단위 위치. 정확한 매장 좌표 아님 (공식 확인 전 정보로 정확하지 않을 수 있습니다.)"
SC_FOOD_JAMSIL_023,JAMSIL,잠실야구장,"LG,DOOSAN",GS25,내부 3루 2층,2층,3루,Y,UNOFFICIAL,COMMUNITY_SEATVIEW,myseatcheck.com (자리어때),https://myseatcheck.com/%ec%84%9c%ec%9a%b8-%ec%9e%a0%ec%8b%a4%ec%95%bc%ea%b5%ac%ec%9e%a5-%eb%a8%b9%ea%b1%b0%eb%a6%ac-3%eb%a3%a8-2%ec%b8%b5/,2026-09-10,PARTIAL,구역 단위 위치. 정확한 매장 좌표 아님,"[잠실야구장] stadium_code: JAMSIL / stadium_name: 잠실야구장 / home_team: LG,DOOSAN / store_facility: GS25 / zone_location: 내부 3루 2층 / floor: 2층 / side: 3루 / in_stadium_flag: Y / notes: 구역 단위 위치. 정확한 매장 좌표 아님 (공식 확인 전 정보로 정확하지 않을 수 있습니다.)"
SC_FOOD_JAMSIL_024,JAMSIL,잠실야구장,"LG,DOOSAN",타코잇,내부 3루 2층,2층,3루,Y,UNOFFICIAL,COMMUNITY_SEATVIEW,myseatcheck.com (자리어때),https://myseatcheck.com/%ec%84%9c%ec%9a%b8-%ec%9e%a0%ec%8b%a4%ec%95%bc%ea%b5%ac%ec%9e%a5-%eb%a8%b9%ea%b1%b0%eb%a6%ac-3%eb%a3%a8-2%ec%b8%b5/,2026-09-10,PARTIAL,구역 단위 위치. 정확한 매장 좌표 아님,"[잠실야구장] stadium_code: JAMSIL / stadium_name: 잠실야구장 / home_team: LG,DOOSAN / store_facility: 타코잇 / zone_location: 내부 3루 2층 / floor: 2층 / side: 3루 / in_stadium_flag: Y / notes: 구역 단위 위치. 정확한 매장 좌표 아님 (공식 확인 전 정보로 정확하지 않을 수 있습니다.)"
SC_FOOD_JAMSIL_025,JAMSIL,잠실야구장,"LG,DOOSAN",XOXO핫도그,내부 3루 2층,2층,3루,Y,UNOFFICIAL,COMMUNITY_SEATVIEW,myseatcheck.com (자리어때),https://myseatcheck.com/%ec%84%9c%ec%9a%b8-%ec%9e%a0%ec%8b%a4%ec%95%bc%ea%b5%ac%ec%9e%a5-%eb%a8%b9%ea%b1%b0%eb%a6%ac-3%eb%a3%a8-2%ec%b8%b5/,2026-09-10,PARTIAL,구역 단위 위치. 정확한 매장 좌표 아님,"[잠실야구장] stadium_code: JAMSIL / stadium_name: 잠실야구장 / home_team: LG,DOOSAN / store_facility: XOXO핫도그 / zone_location: 내부 3루 2층 / floor: 2층 / side: 3루 / in_stadium_flag: Y / notes: 구역 단위 위치. 정확한 매장 좌표 아님 (공식 확인 전 정보로 정확하지 않을 수 있습니다.)"
SC_FOOD_JAMSIL_026,JAMSIL,잠실야구장,"LG,DOOSAN",보영만두,내부 3루 2층,2층,3루,Y,UNOFFICIAL,COMMUNITY_SEATVIEW,myseatcheck.com (자리어때),https://myseatcheck.com/%ec%84%9c%ec%9a%b8-%ec%9e%a0%ec%8b%a4%ec%95%bc%ea%b5%ac%ec%9e%a5-%eb%a8%b9%ea%b1%b0%eb%a6%ac-3%eb%a3%a8-2%ec%b8%b5/,2026-09-10,PARTIAL,구역 단위 위치. 정확한 매장 좌표 아님,"[잠실야구장] stadium_code: JAMSIL / stadium_name: 잠실야구장 / home_team: LG,DOOSAN / store_facility: 보영만두 / zone_location: 내부 3루 2층 / floor: 2층 / side: 3루 / in_stadium_flag: Y / notes: 구역 단위 위치. 정확한 매장 좌표 아님 (공식 확인 전 정보로 정확하지 않을 수 있습니다.)"
SC_FOOD_JAMSIL_027,JAMSIL,잠실야구장,"LG,DOOSAN",달콤커피,내부 3루 2층,2층,3루,Y,UNOFFICIAL,COMMUNITY_SEATVIEW,myseatcheck.com (자리어때),https://myseatcheck.com/%ec%84%9c%ec%9a%b8-%ec%9e%a0%ec%8b%a4%ec%95%bc%ea%b5%ac%ec%9e%a5-%eb%a8%b9%ea%b1%b0%eb%a6%ac-3%eb%a3%a8-2%ec%b8%b5/,2026-09-10,PARTIAL,구역 단위 위치. 정확한 매장 좌표 아님,"[잠실야구장] stadium_code: JAMSIL / stadium_name: 잠실야구장 / home_team: LG,DOOSAN / store_facility: 달콤커피 / zone_location: 내부 3루 2층 / floor: 2층 / side: 3루 / in_stadium_flag: Y / notes: 구역 단위 위치. 정확한 매장 좌표 아님 (공식 확인 전 정보로 정확하지 않을 수 있습니다.)"
SC_FOOD_JAMSIL_028,JAMSIL,잠실야구장,"LG,DOOSAN",BBQ치킨,내부 3루 2층,2층,3루,Y,UNOFFICIAL,COMMUNITY_SEATVIEW,myseatcheck.com (자리어때),https://myseatcheck.com/%ec%84%9c%ec%9a%b8-%ec%9e%a0%ec%8b%a4%ec%95%bc%ea%b5%ac%ec%9e%a5-%eb%a8%b9%ea%b1%b0%eb%a6%ac-3%eb%a3%a8-2%ec%b8%b5/,2026-09-10,PARTIAL,구역 단위 위치. 정확한 매장 좌표 아님,"[잠실야구장] stadium_code: JAMSIL / stadium_name: 잠실야구장 / home_team: LG,DOOSAN / store_facility: BBQ치킨 / zone_location: 내부 3루 2층 / floor: 2층 / side: 3루 / in_stadium_flag: Y / notes: 구역 단위 위치. 정확한 매장 좌표 아님 (공식 확인 전 정보로 정확하지 않을 수 있습니다.)"
SC_FOOD_JAMSIL_029,JAMSIL,잠실야구장,"LG,DOOSAN",요아정,내부 3루 2층,2층,3루,Y,UNOFFICIAL,COMMUNITY_SEATVIEW,myseatcheck.com (자리어때),https://myseatcheck.com/%ec%84%9c%ec%9a%b8-%ec%9e%a0%ec%8b%a4%ec%95%bc%ea%b5%ac%ec%9e%a5-%eb%a8%b9%ea%b1%b0%eb%a6%ac-3%eb%a3%a8-2%ec%b8%b5/,2026-09-10,PARTIAL,구역 단위 위치. 정확한 매장 좌표 아님,"[잠실야구장] stadium_code: JAMSIL / stadium_name: 잠실야구장 / home_team: LG,DOOSAN / store_facility: 요아정 / zone_location: 내부 3루 2층 / floor: 2층 / side: 3루 / in_stadium_flag: Y / notes: 구역 단위 위치. 정확한 매장 좌표 아님 (공식 확인 전 정보로 정확하지 않을 수 있습니다.)"
SC_FOOD_JAMSIL_030,JAMSIL,잠실야구장,"LG,DOOSAN",수내닭꼬치,내부 3루 2층,2층,3루,Y,UNOFFICIAL,COMMUNITY_SEATVIEW,myseatcheck.com (자리어때),https://myseatcheck.com/%ec%84%9c%ec%9a%b8-%ec%9e%a0%ec%8b%a4%ec%95%bc%ea%b5%ac%ec%9e%a5-%eb%a8%b9%ea%b1%b0%eb%a6%ac-3%eb%a3%a8-2%ec%b8%b5/,2026-09-10,PARTIAL,구역 단위 위치. 정확한 매장 좌표 아님,"[잠실야구장] stadium_code: JAMSIL / stadium_name: 잠실야구장 / home_team: LG,DOOSAN / store_facility: 수내닭꼬치 / zone_location: 내부 3루 2층 / floor: 2층 / side: 3루 / in_stadium_flag: Y / notes: 구역 단위 위치. 정확한 매장 좌표 아님 (공식 확인 전 정보로 정확하지 않을 수 있습니다.)"
SC_FOOD_JAMSIL_031,JAMSIL,잠실야구장,"LG,DOOSAN",팝콘,내부 3루 2층,2층,3루,Y,UNOFFICIAL,COMMUNITY_SEATVIEW,myseatcheck.com (자리어때),https://myseatcheck.com/%ec%84%9c%ec%9a%b8-%ec%9e%a0%ec%8b%a4%ec%95%bc%ea%b5%ac%ec%9e%a5-%eb%a8%b9%ea%b1%b0%eb%a6%ac-3%eb%a3%a8-2%ec%b8%b5/,2026-09-10,PARTIAL,구역 단위 위치. 정확한 매장 좌표 아님,"[잠실야구장] stadium_code: JAMSIL / stadium_name: 잠실야구장 / home_team: LG,DOOSAN / store_facility: 팝콘 / zone_location: 내부 3루 2층 / floor: 2층 / side: 3루 / in_stadium_flag: Y / notes: 구역 단위 위치. 정확한 매장 좌표 아님 (공식 확인 전 정보로 정확하지 않을 수 있습니다.)"
SC_FOOD_JAMSIL_032,JAMSIL,잠실야구장,"LG,DOOSAN",이가네떡볶이,내부 3루 2층,2층,3루,Y,UNOFFICIAL,COMMUNITY_SEATVIEW,myseatcheck.com (자리어때),https://myseatcheck.com/%ec%84%9c%ec%9a%b8-%ec%9e%a0%ec%8b%a4%ec%95%bc%ea%b5%ac%ec%9e%a5-%eb%a8%b9%ea%b1%b0%eb%a6%ac-3%eb%a3%a8-2%ec%b8%b5/,2026-09-10,PARTIAL,구역 단위 위치. 정확한 매장 좌표 아님,"[잠실야구장] stadium_code: JAMSIL / stadium_name: 잠실야구장 / home_team: LG,DOOSAN / store_facility: 이가네떡볶이 / zone_location: 내부 3루 2층 / floor: 2층 / side: 3루 / in_stadium_flag: Y / notes: 구역 단위 위치. 정확한 매장 좌표 아님 (공식 확인 전 정보로 정확하지 않을 수 있습니다.)"
SC_FOOD_JAMSIL_033,JAMSIL,잠실야구장,"LG,DOOSAN",잠실원샷,내부 3루 2층,2층,3루,Y,UNOFFICIAL,COMMUNITY_SEATVIEW,myseatcheck.com (자리어때),https://myseatcheck.com/%ec%84%9c%ec%9a%b8-%ec%9e%a0%ec%8b%a4%ec%95%bc%ea%b5%ac%ec%9e%a5-%eb%a8%b9%ea%b1%b0%eb%a6%ac-3%eb%a3%a8-2%ec%b8%b5/,2026-09-10,PARTIAL,구역 단위 위치. 정확한 매장 좌표 아님,"[잠실야구장] stadium_code: JAMSIL / stadium_name: 잠실야구장 / home_team: LG,DOOSAN / store_facility: 잠실원샷 / zone_location: 내부 3루 2층 / floor: 2층 / side: 3루 / in_stadium_flag: Y / notes: 구역 단위 위치. 정확한 매장 좌표 아님 (공식 확인 전 정보로 정확하지 않을 수 있습니다.)"
SC_FOOD_JAMSIL_034,JAMSIL,잠실야구장,"LG,DOOSAN",죠스떡볶이,내부 3루 2층,2층,3루,Y,UNOFFICIAL,COMMUNITY_SEATVIEW,myseatcheck.com (자리어때),https://myseatcheck.com/%ec%84%9c%ec%9a%b8-%ec%9e%a0%ec%8b%a4%ec%95%bc%ea%b5%ac%ec%9e%a5-%eb%a8%b9%ea%b1%b0%eb%a6%ac-3%eb%a3%a8-2%ec%b8%b5/,2026-09-10,PARTIAL,구역 단위 위치. 정확한 매장 좌표 아님,"[잠실야구장] stadium_code: JAMSIL / stadium_name: 잠실야구장 / home_team: LG,DOOSAN / store_facility: 죠스떡볶이 / zone_location: 내부 3루 2층 / floor: 2층 / side: 3루 / in_stadium_flag: Y / notes: 구역 단위 위치. 정확한 매장 좌표 아님 (공식 확인 전 정보로 정확하지 않을 수 있습니다.)"
SC_FOOD_JAMSIL_035,JAMSIL,잠실야구장,"LG,DOOSAN",카페그라운드,내부 3루 2층,2층,3루,Y,UNOFFICIAL,COMMUNITY_SEATVIEW,myseatcheck.com (자리어때),https://myseatcheck.com/%ec%84%9c%ec%9a%b8-%ec%9e%a0%ec%8b%a4%ec%95%bc%ea%b5%ac%ec%9e%a5-%eb%a8%b9%ea%b1%b0%eb%a6%ac-3%eb%a3%a8-2%ec%b8%b5/,2026-09-10,PARTIAL,구역 단위 위치. 정확한 매장 좌표 아님,"[잠실야구장] stadium_code: JAMSIL / stadium_name: 잠실야구장 / home_team: LG,DOOSAN / store_facility: 카페그라운드 / zone_location: 내부 3루 2층 / floor: 2층 / side: 3루 / in_stadium_flag: Y / notes: 구역 단위 위치. 정확한 매장 좌표 아님 (공식 확인 전 정보로 정확하지 않을 수 있습니다.)"
SC_FOOD_JAMSIL_036,JAMSIL,잠실야구장,"LG,DOOSAN",통밥,내부 3루 2층,2층,3루,Y,UNOFFICIAL,COMMUNITY_SEATVIEW,myseatcheck.com (자리어때),https://myseatcheck.com/%ec%84%9c%ec%9a%b8-%ec%9e%a0%ec%8b%a4%ec%95%bc%ea%b5%ac%ec%9e%a5-%eb%a8%b9%ea%b1%b0%eb%a6%ac-3%eb%a3%a8-2%ec%b8%b5/,2026-09-10,PARTIAL,구역 단위 위치. 정확한 매장 좌표 아님,"[잠실야구장] stadium_code: JAMSIL / stadium_name: 잠실야구장 / home_team: LG,DOOSAN / store_facility: 통밥 / zone_location: 내부 3루 2층 / floor: 2층 / side: 3루 / in_stadium_flag: Y / notes: 구역 단위 위치. 정확한 매장 좌표 아님 (공식 확인 전 정보로 정확하지 않을 수 있습니다.)"
SC_FOOD_JAMSIL_037,JAMSIL,잠실야구장,"LG,DOOSAN",피자헛,내부 3루 2층,2층,3루,Y,UNOFFICIAL,COMMUNITY_SEATVIEW,myseatcheck.com (자리어때),https://myseatcheck.com/%ec%84%9c%ec%9a%b8-%ec%9e%a0%ec%8b%a4%ec%95%bc%ea%b5%ac%ec%9e%a5-%eb%a8%b9%ea%b1%b0%eb%a6%ac-3%eb%a3%a8-2%ec%b8%b5/,2026-09-10,PARTIAL,구역 단위 위치. 정확한 매장 좌표 아님,"[잠실야구장] stadium_code: JAMSIL / stadium_name: 잠실야구장 / home_team: LG,DOOSAN / store_facility: 피자헛 / zone_location: 내부 3루 2층 / floor: 2층 / side: 3루 / in_stadium_flag: Y / notes: 구역 단위 위치. 정확한 매장 좌표 아님 (공식 확인 전 정보로 정확하지 않을 수 있습니다.)"
SC_FOOD_JAMSIL_038,JAMSIL,잠실야구장,"LG,DOOSAN",BHC치킨,내부 3루 2층,2층,3루,Y,UNOFFICIAL,COMMUNITY_SEATVIEW,myseatcheck.com (자리어때),https://myseatcheck.com/%ec%84%9c%ec%9a%b8-%ec%9e%a0%ec%8b%a4%ec%95%bc%ea%b5%ac%ec%9e%a5-%eb%a8%b9%ea%b1%b0%eb%a6%ac-3%eb%a3%a8-2%ec%b8%b5/,2026-09-10,PARTIAL,구역 단위 위치. 정확한 매장 좌표 아님,"[잠실야구장] stadium_code: JAMSIL / stadium_name: 잠실야구장 / home_team: LG,DOOSAN / store_facility: BHC치킨 / zone_location: 내부 3루 2층 / floor: 2층 / side: 3루 / in_stadium_flag: Y / notes: 구역 단위 위치. 정확한 매장 좌표 아님 (공식 확인 전 정보로 정확하지 않을 수 있습니다.)"
SC_FOOD_JAMSIL_039,JAMSIL,잠실야구장,"LG,DOOSAN",우이락,내부 3루 3층,3층,3루,Y,UNOFFICIAL,COMMUNITY_SEATVIEW,myseatcheck.com (자리어때),https://myseatcheck.com/%ec%84%9c%ec%9a%b8-%ec%9e%a0%ec%8b%a4%ec%95%bc%ea%b5%ac%ec%9e%a5-%eb%a8%b9%ea%b1%b0%eb%a6%ac-3%eb%a3%a8-3%ec%b8%b5/,2026-09-10,PARTIAL,구역 단위 위치. 정확한 매장 좌표 아님,"[잠실야구장] stadium_code: JAMSIL / stadium_name: 잠실야구장 / home_team: LG,DOOSAN / store_facility: 우이락 / zone_location: 내부 3루 3층 / floor: 3층 / side: 3루 / in_stadium_flag: Y / notes: 구역 단위 위치. 정확한 매장 좌표 아님 (공식 확인 전 정보로 정확하지 않을 수 있습니다.)"
SC_FOOD_JAMSIL_040,JAMSIL,잠실야구장,"LG,DOOSAN",픽베이크,내부 3루 3층,3층,3루,Y,UNOFFICIAL,COMMUNITY_SEATVIEW,myseatcheck.com (자리어때),https://myseatcheck.com/%ec%84%9c%ec%9a%b8-%ec%9e%a0%ec%8b%a4%ec%95%bc%ea%b5%ac%ec%9e%a5-%eb%a8%b9%ea%b1%b0%eb%a6%ac-3%eb%a3%a8-3%ec%b8%b5/,2026-09-10,PARTIAL,구역 단위 위치. 정확한 매장 좌표 아님,"[잠실야구장] stadium_code: JAMSIL / stadium_name: 잠실야구장 / home_team: LG,DOOSAN / store_facility: 픽베이크 / zone_location: 내부 3루 3층 / floor: 3층 / side: 3루 / in_stadium_flag: Y / notes: 구역 단위 위치. 정확한 매장 좌표 아님 (공식 확인 전 정보로 정확하지 않을 수 있습니다.)"
SC_FOOD_JAMSIL_041,JAMSIL,잠실야구장,"LG,DOOSAN",스테프핫도그,내부 3루 3층,3층,3루,Y,UNOFFICIAL,COMMUNITY_SEATVIEW,myseatcheck.com (자리어때),https://myseatcheck.com/%ec%84%9c%ec%9a%b8-%ec%9e%a0%ec%8b%a4%ec%95%bc%ea%b5%ac%ec%9e%a5-%eb%a8%b9%ea%b1%b0%eb%a6%ac-3%eb%a3%a8-3%ec%b8%b5/,2026-09-10,PARTIAL,구역 단위 위치. 정확한 매장 좌표 아님,"[잠실야구장] stadium_code: JAMSIL / stadium_name: 잠실야구장 / home_team: LG,DOOSAN / store_facility: 스테프핫도그 / zone_location: 내부 3루 3층 / floor: 3층 / side: 3루 / in_stadium_flag: Y / notes: 구역 단위 위치. 정확한 매장 좌표 아님 (공식 확인 전 정보로 정확하지 않을 수 있습니다.)"
SC_FOOD_JAMSIL_042,JAMSIL,잠실야구장,"LG,DOOSAN",GS25,내부 3루 3층,3층,3루,Y,UNOFFICIAL,COMMUNITY_SEATVIEW,myseatcheck.com (자리어때),https://myseatcheck.com/%ec%84%9c%ec%9a%b8-%ec%9e%a0%ec%8b%a4%ec%95%bc%ea%b5%ac%ec%9e%a5-%eb%a8%b9%ea%b1%b0%eb%a6%ac-3%eb%a3%a8-3%ec%b8%b5/,2026-09-10,PARTIAL,구역 단위 위치. 정확한 매장 좌표 아님,"[잠실야구장] stadium_code: JAMSIL / stadium_name: 잠실야구장 / home_team: LG,DOOSAN / store_facility: GS25 / zone_location: 내부 3루 3층 / floor: 3층 / side: 3루 / in_stadium_flag: Y / notes: 구역 단위 위치. 정확한 매장 좌표 아님 (공식 확인 전 정보로 정확하지 않을 수 있습니다.)"
SC_FOOD_JAMSIL_043,JAMSIL,잠실야구장,"LG,DOOSAN",야구에 꼬치다,내부 4층(네이비석 상단),4층,,Y,UNOFFICIAL,COMMUNITY_SEATVIEW,myseatcheck.com (자리어때),https://myseatcheck.com/%ec%84%9c%ec%9a%b8-%ec%9e%a0%ec%8b%a4%ec%95%bc%ea%b5%ac%ec%9e%a5-%eb%a8%b9%ea%b1%b0%eb%a6%ac-4%ec%b8%b5%eb%84%a4%ec%9d%b4%eb%b9%84%ec%84%9d-%ec%83%81%eb%8b%a8/,2026-09-10,PARTIAL,구역 단위 위치. 정확한 매장 좌표 아님,"[잠실야구장] stadium_code: JAMSIL / stadium_name: 잠실야구장 / home_team: LG,DOOSAN / store_facility: 야구에 꼬치다 / zone_location: 내부 4층(네이비석 상단) / floor: 4층 / in_stadium_flag: Y / notes: 구역 단위 위치. 정확한 매장 좌표 아님 (공식 확인 전 정보로 정확하지 않을 수 있습니다.)"
SC_FOOD_JAMSIL_044,JAMSIL,잠실야구장,"LG,DOOSAN",잠실원샷 331블럭,내부 4층(네이비석 상단),4층,,Y,UNOFFICIAL,COMMUNITY_SEATVIEW,myseatcheck.com (자리어때),https://myseatcheck.com/%ec%84%9c%ec%9a%b8-%ec%9e%a0%ec%8b%a4%ec%95%bc%ea%b5%ac%ec%9e%a5-%eb%a8%b9%ea%b1%b0%eb%a6%ac-4%ec%b8%b5%eb%84%a4%ec%9d%b4%eb%b9%84%ec%84%9d-%ec%83%81%eb%8b%a8/,2026-09-10,PARTIAL,구역 단위 위치. 정확한 매장 좌표 아님,"[잠실야구장] stadium_code: JAMSIL / stadium_name: 잠실야구장 / home_team: LG,DOOSAN / store_facility: 잠실원샷 331블럭 / zone_location: 내부 4층(네이비석 상단) / floor: 4층 / in_stadium_flag: Y / notes: 구역 단위 위치. 정확한 매장 좌표 아님 (공식 확인 전 정보로 정확하지 않을 수 있습니다.)"
SC_FOOD_JAMSIL_045,JAMSIL,잠실야구장,"LG,DOOSAN",올떡 318블럭,내부 4층(네이비석 상단),4층,,Y,UNOFFICIAL,COMMUNITY_SEATVIEW,myseatcheck.com (자리어때),https://myseatcheck.com/%ec%84%9c%ec%9a%b8-%ec%9e%a0%ec%8b%a4%ec%95%bc%ea%b5%ac%ec%9e%a5-%eb%a8%b9%ea%b1%b0%eb%a6%ac-4%ec%b8%b5%eb%84%a4%ec%9d%b4%eb%b9%84%ec%84%9d-%ec%83%81%eb%8b%a8/,2026-09-10,PARTIAL,구역 단위 위치. 정확한 매장 좌표 아님,"[잠실야구장] stadium_code: JAMSIL / stadium_name: 잠실야구장 / home_team: LG,DOOSAN / store_facility: 올떡 318블럭 / zone_location: 내부 4층(네이비석 상단) / floor: 4층 / in_stadium_flag: Y / notes: 구역 단위 위치. 정확한 매장 좌표 아님 (공식 확인 전 정보로 정확하지 않을 수 있습니다.)"
SC_FOOD_JAMSIL_046,JAMSIL,잠실야구장,"LG,DOOSAN",샤오마라 304블럭,내부 4층(네이비석 상단),4층,,Y,UNOFFICIAL,COMMUNITY_SEATVIEW,myseatcheck.com (자리어때),https://myseatcheck.com/%ec%84%9c%ec%9a%b8-%ec%9e%a0%ec%8b%a4%ec%95%bc%ea%b5%ac%ec%9e%a5-%eb%a8%b9%ea%b1%b0%eb%a6%ac-4%ec%b8%b5%eb%84%a4%ec%9d%b4%eb%b9%84%ec%84%9d-%ec%83%81%eb%8b%a8/,2026-09-10,PARTIAL,구역 단위 위치. 정확한 매장 좌표 아님,"[잠실야구장] stadium_code: JAMSIL / stadium_name: 잠실야구장 / home_team: LG,DOOSAN / store_facility: 샤오마라 304블럭 / zone_location: 내부 4층(네이비석 상단) / floor: 4층 / in_stadium_flag: Y / notes: 구역 단위 위치. 정확한 매장 좌표 아님 (공식 확인 전 정보로 정확하지 않을 수 있습니다.)"
SC_FOOD_JAMSIL_047,JAMSIL,잠실야구장,"LG,DOOSAN",BP PLUS,내부 1루 2층,2층,1루,Y,UNOFFICIAL,COMMUNITY_SEATVIEW,myseatcheck.com (자리어때),https://myseatcheck.com/%ec%84%9c%ec%9a%b8-%ec%9e%a0%ec%8b%a4%ec%95%bc%ea%b5%ac%ec%9e%a5-%eb%a8%b9%ea%b1%b0%eb%a6%ac-1%eb%a3%a8-2%ec%b8%b5/,2026-09-10,PARTIAL,구역 단위 위치. 정확한 매장 좌표 아님,"[잠실야구장] stadium_code: JAMSIL / stadium_name: 잠실야구장 / home_team: LG,DOOSAN / store_facility: BP PLUS / zone_location: 내부 1루 2층 / floor: 2층 / side: 1루 / in_stadium_flag: Y / notes: 구역 단위 위치. 정확한 매장 좌표 아님 (공식 확인 전 정보로 정확하지 않을 수 있습니다.)"
SC_FOOD_JAMSIL_048,JAMSIL,잠실야구장,"LG,DOOSAN",버거리,내부 1루 2층,2층,1루,Y,UNOFFICIAL,COMMUNITY_SEATVIEW,myseatcheck.com (자리어때),https://myseatcheck.com/%ec%84%9c%ec%9a%b8-%ec%9e%a0%ec%8b%a4%ec%95%bc%ea%b5%ac%ec%9e%a5-%eb%a8%b9%ea%b1%b0%eb%a6%ac-1%eb%a3%a8-2%ec%b8%b5/,2026-09-10,PARTIAL,구역 단위 위치. 정확한 매장 좌표 아님,"[잠실야구장] stadium_code: JAMSIL / stadium_name: 잠실야구장 / home_team: LG,DOOSAN / store_facility: 버거리 / zone_location: 내부 1루 2층 / floor: 2층 / side: 1루 / in_stadium_flag: Y / notes: 구역 단위 위치. 정확한 매장 좌표 아님 (공식 확인 전 정보로 정확하지 않을 수 있습니다.)"
SC_FOOD_JAMSIL_049,JAMSIL,잠실야구장,"LG,DOOSAN",GS25,내부 1루 2층,2층,1루,Y,UNOFFICIAL,COMMUNITY_SEATVIEW,myseatcheck.com (자리어때),https://myseatcheck.com/%ec%84%9c%ec%9a%b8-%ec%9e%a0%ec%8b%a4%ec%95%bc%ea%b5%ac%ec%9e%a5-%eb%a8%b9%ea%b1%b0%eb%a6%ac-1%eb%a3%a8-2%ec%b8%b5/,2026-09-10,PARTIAL,구역 단위 위치. 정확한 매장 좌표 아님,"[잠실야구장] stadium_code: JAMSIL / stadium_name: 잠실야구장 / home_team: LG,DOOSAN / store_facility: GS25 / zone_location: 내부 1루 2층 / floor: 2층 / side: 1루 / in_stadium_flag: Y / notes: 구역 단위 위치. 정확한 매장 좌표 아님 (공식 확인 전 정보로 정확하지 않을 수 있습니다.)"
SC_FOOD_JAMSIL_050,JAMSIL,잠실야구장,"LG,DOOSAN",OBC 수제맥주,내부 1루 2층,2층,1루,Y,UNOFFICIAL,COMMUNITY_SEATVIEW,myseatcheck.com (자리어때),https://myseatcheck.com/%ec%84%9c%ec%9a%b8-%ec%9e%a0%ec%8b%a4%ec%95%bc%ea%b5%ac%ec%9e%a5-%eb%a8%b9%ea%b1%b0%eb%a6%ac-1%eb%a3%a8-2%ec%b8%b5/,2026-09-10,PARTIAL,구역 단위 위치. 정확한 매장 좌표 아님,"[잠실야구장] stadium_code: JAMSIL / stadium_name: 잠실야구장 / home_team: LG,DOOSAN / store_facility: OBC 수제맥주 / zone_location: 내부 1루 2층 / floor: 2층 / side: 1루 / in_stadium_flag: Y / notes: 구역 단위 위치. 정확한 매장 좌표 아님 (공식 확인 전 정보로 정확하지 않을 수 있습니다.)"
SC_FOOD_JAMSIL_051,JAMSIL,잠실야구장,"LG,DOOSAN",꼬꼬닭 CAFE,내부 1루 2층,2층,1루,Y,UNOFFICIAL,COMMUNITY_SEATVIEW,myseatcheck.com (자리어때),https://myseatcheck.com/%ec%84%9c%ec%9a%b8-%ec%9e%a0%ec%8b%a4%ec%95%bc%ea%b5%ac%ec%9e%a5-%eb%a8%b9%ea%b1%b0%eb%a6%ac-1%eb%a3%a8-2%ec%b8%b5/,2026-09-10,PARTIAL,구역 단위 위치. 정확한 매장 좌표 아님,"[잠실야구장] stadium_code: JAMSIL / stadium_name: 잠실야구장 / home_team: LG,DOOSAN / store_facility: 꼬꼬닭 CAFE / zone_location: 내부 1루 2층 / floor: 2층 / side: 1루 / in_stadium_flag: Y / notes: 구역 단위 위치. 정확한 매장 좌표 아님 (공식 확인 전 정보로 정확하지 않을 수 있습니다.)"
SC_FOOD_JAMSIL_052,JAMSIL,잠실야구장,"LG,DOOSAN",명인만두,내부 1루 2층,2층,1루,Y,UNOFFICIAL,COMMUNITY_SEATVIEW,myseatcheck.com (자리어때),https://myseatcheck.com/%ec%84%9c%ec%9a%b8-%ec%9e%a0%ec%8b%a4%ec%95%bc%ea%b5%ac%ec%9e%a5-%eb%a8%b9%ea%b1%b0%eb%a6%ac-1%eb%a3%a8-2%ec%b8%b5/,2026-09-10,PARTIAL,구역 단위 위치. 정확한 매장 좌표 아님,"[잠실야구장] stadium_code: JAMSIL / stadium_name: 잠실야구장 / home_team: LG,DOOSAN / store_facility: 명인만두 / zone_location: 내부 1루 2층 / floor: 2층 / side: 1루 / in_stadium_flag: Y / notes: 구역 단위 위치. 정확한 매장 좌표 아님 (공식 확인 전 정보로 정확하지 않을 수 있습니다.)"
SC_FOOD_JAMSIL_053,JAMSIL,잠실야구장,"LG,DOOSAN",신철판,내부 1루 2층,2층,1루,Y,UNOFFICIAL,COMMUNITY_SEATVIEW,myseatcheck.com (자리어때),https://myseatcheck.com/%ec%84%9c%ec%9a%b8-%ec%9e%a0%ec%8b%a4%ec%95%bc%ea%b5%ac%ec%9e%a5-%eb%a8%b9%ea%b1%b0%eb%a6%ac-1%eb%a3%a8-2%ec%b8%b5/,2026-09-10,PARTIAL,구역 단위 위치. 정확한 매장 좌표 아님,"[잠실야구장] stadium_code: JAMSIL / stadium_name: 잠실야구장 / home_team: LG,DOOSAN / store_facility: 신철판 / zone_location: 내부 1루 2층 / floor: 2층 / side: 1루 / in_stadium_flag: Y / notes: 구역 단위 위치. 정확한 매장 좌표 아님 (공식 확인 전 정보로 정확하지 않을 수 있습니다.)"
SC_FOOD_JAMSIL_054,JAMSIL,잠실야구장,"LG,DOOSAN",앤티앤스프레즐,내부 1루 2층,2층,1루,Y,UNOFFICIAL,COMMUNITY_SEATVIEW,myseatcheck.com (자리어때),https://myseatcheck.com/%ec%84%9c%ec%9a%b8-%ec%9e%a0%ec%8b%a4%ec%95%bc%ea%b5%ac%ec%9e%a5-%eb%a8%b9%ea%b1%b0%eb%a6%ac-1%eb%a3%a8-2%ec%b8%b5/,2026-09-10,PARTIAL,구역 단위 위치. 정확한 매장 좌표 아님,"[잠실야구장] stadium_code: JAMSIL / stadium_name: 잠실야구장 / home_team: LG,DOOSAN / store_facility: 앤티앤스프레즐 / zone_location: 내부 1루 2층 / floor: 2층 / side: 1루 / in_stadium_flag: Y / notes: 구역 단위 위치. 정확한 매장 좌표 아님 (공식 확인 전 정보로 정확하지 않을 수 있습니다.)"
SC_FOOD_JAMSIL_055,JAMSIL,잠실야구장,"LG,DOOSAN",이가네떡볶이,내부 1루 2층,2층,1루,Y,UNOFFICIAL,COMMUNITY_SEATVIEW,myseatcheck.com (자리어때),https://myseatcheck.com/%ec%84%9c%ec%9a%b8-%ec%9e%a0%ec%8b%a4%ec%95%bc%ea%b5%ac%ec%9e%a5-%eb%a8%b9%ea%b1%b0%eb%a6%ac-1%eb%a3%a8-2%ec%b8%b5/,2026-09-10,PARTIAL,구역 단위 위치. 정확한 매장 좌표 아님,"[잠실야구장] stadium_code: JAMSIL / stadium_name: 잠실야구장 / home_team: LG,DOOSAN / store_facility: 이가네떡볶이 / zone_location: 내부 1루 2층 / floor: 2층 / side: 1루 / in_stadium_flag: Y / notes: 구역 단위 위치. 정확한 매장 좌표 아님 (공식 확인 전 정보로 정확하지 않을 수 있습니다.)"
SC_FOOD_JAMSIL_056,JAMSIL,잠실야구장,"LG,DOOSAN",통밥,내부 1루 2층,2층,1루,Y,UNOFFICIAL,COMMUNITY_SEATVIEW,myseatcheck.com (자리어때),https://myseatcheck.com/%ec%84%9c%ec%9a%b8-%ec%9e%a0%ec%8b%a4%ec%95%bc%ea%b5%ac%ec%9e%a5-%eb%a8%b9%ea%b1%b0%eb%a6%ac-1%eb%a3%a8-2%ec%b8%b5/,2026-09-10,PARTIAL,구역 단위 위치. 정확한 매장 좌표 아님,"[잠실야구장] stadium_code: JAMSIL / stadium_name: 잠실야구장 / home_team: LG,DOOSAN / store_facility: 통밥 / zone_location: 내부 1루 2층 / floor: 2층 / side: 1루 / in_stadium_flag: Y / notes: 구역 단위 위치. 정확한 매장 좌표 아님 (공식 확인 전 정보로 정확하지 않을 수 있습니다.)"
SC_FOOD_JAMSIL_057,JAMSIL,잠실야구장,"LG,DOOSAN",BHC치킨,내부 1루 2층,2층,1루,Y,UNOFFICIAL,COMMUNITY_SEATVIEW,myseatcheck.com (자리어때),https://myseatcheck.com/%ec%84%9c%ec%9a%b8-%ec%9e%a0%ec%8b%a4%ec%95%bc%ea%b5%ac%ec%9e%a5-%eb%a8%b9%ea%b1%b0%eb%a6%ac-1%eb%a3%a8-2%ec%b8%b5/,2026-09-10,PARTIAL,구역 단위 위치. 정확한 매장 좌표 아님,"[잠실야구장] stadium_code: JAMSIL / stadium_name: 잠실야구장 / home_team: LG,DOOSAN / store_facility: BHC치킨 / zone_location: 내부 1루 2층 / floor: 2층 / side: 1루 / in_stadium_flag: Y / notes: 구역 단위 위치. 정확한 매장 좌표 아님 (공식 확인 전 정보로 정확하지 않을 수 있습니다.)"
SC_FOOD_JAMSIL_058,JAMSIL,잠실야구장,"LG,DOOSAN",갑또리닭강정,내부 1루 2층,2층,1루,Y,UNOFFICIAL,COMMUNITY_SEATVIEW,myseatcheck.com (자리어때),https://myseatcheck.com/%ec%84%9c%ec%9a%b8-%ec%9e%a0%ec%8b%a4%ec%95%bc%ea%b5%ac%ec%9e%a5-%eb%a8%b9%ea%b1%b0%eb%a6%ac-1%eb%a3%a8-2%ec%b8%b5/,2026-09-10,PARTIAL,구역 단위 위치. 정확한 매장 좌표 아님,"[잠실야구장] stadium_code: JAMSIL / stadium_name: 잠실야구장 / home_team: LG,DOOSAN / store_facility: 갑또리닭강정 / zone_location: 내부 1루 2층 / floor: 2층 / side: 1루 / in_stadium_flag: Y / notes: 구역 단위 위치. 정확한 매장 좌표 아님 (공식 확인 전 정보로 정확하지 않을 수 있습니다.)"
SC_FOOD_JAMSIL_059,JAMSIL,잠실야구장,"LG,DOOSAN",타코잇,내부 1루 2층,2층,1루,Y,UNOFFICIAL,COMMUNITY_SEATVIEW,myseatcheck.com (자리어때),https://myseatcheck.com/%ec%84%9c%ec%9a%b8-%ec%9e%a0%ec%8b%a4%ec%95%bc%ea%b5%ac%ec%9e%a5-%eb%a8%b9%ea%b1%b0%eb%a6%ac-1%eb%a3%a8-2%ec%b8%b5/,2026-09-10,PARTIAL,구역 단위 위치. 정확한 매장 좌표 아님,"[잠실야구장] stadium_code: JAMSIL / stadium_name: 잠실야구장 / home_team: LG,DOOSAN / store_facility: 타코잇 / zone_location: 내부 1루 2층 / floor: 2층 / side: 1루 / in_stadium_flag: Y / notes: 구역 단위 위치. 정확한 매장 좌표 아님 (공식 확인 전 정보로 정확하지 않을 수 있습니다.)"
SC_FOOD_JAMSIL_060,JAMSIL,잠실야구장,"LG,DOOSAN",초장집,내부 1루 2층,2층,1루,Y,UNOFFICIAL,COMMUNITY_SEATVIEW,myseatcheck.com (자리어때),https://myseatcheck.com/%ec%84%9c%ec%9a%b8-%ec%9e%a0%ec%8b%a4%ec%95%bc%ea%b5%ac%ec%9e%a5-%eb%a8%b9%ea%b1%b0%eb%a6%ac-1%eb%a3%a8-2%ec%b8%b5/,2026-09-10,PARTIAL,구역 단위 위치. 정확한 매장 좌표 아님,"[잠실야구장] stadium_code: JAMSIL / stadium_name: 잠실야구장 / home_team: LG,DOOSAN / store_facility: 초장집 / zone_location: 내부 1루 2층 / floor: 2층 / side: 1루 / in_stadium_flag: Y / notes: 구역 단위 위치. 정확한 매장 좌표 아님 (공식 확인 전 정보로 정확하지 않을 수 있습니다.)"
SC_FOOD_JAMSIL_061,JAMSIL,잠실야구장,"LG,DOOSAN",달콤커피,내부 1루 2층,2층,1루,Y,UNOFFICIAL,COMMUNITY_SEATVIEW,myseatcheck.com (자리어때),https://myseatcheck.com/%ec%84%9c%ec%9a%b8-%ec%9e%a0%ec%8b%a4%ec%95%bc%ea%b5%ac%ec%9e%a5-%eb%a8%b9%ea%b1%b0%eb%a6%ac-1%eb%a3%a8-2%ec%b8%b5/,2026-09-10,PARTIAL,구역 단위 위치. 정확한 매장 좌표 아님,"[잠실야구장] stadium_code: JAMSIL / stadium_name: 잠실야구장 / home_team: LG,DOOSAN / store_facility: 달콤커피 / zone_location: 내부 1루 2층 / floor: 2층 / side: 1루 / in_stadium_flag: Y / notes: 구역 단위 위치. 정확한 매장 좌표 아님 (공식 확인 전 정보로 정확하지 않을 수 있습니다.)"
SC_FOOD_JAMSIL_062,JAMSIL,잠실야구장,"LG,DOOSAN",BBQ치킨,내부 1루 3층,3층,1루,Y,UNOFFICIAL,COMMUNITY_SEATVIEW,myseatcheck.com (자리어때),https://myseatcheck.com/%ec%84%9c%ec%9a%b8-%ec%9e%a0%ec%8b%a4%ec%95%bc%ea%b5%ac%ec%9e%a5-%eb%a8%b9%ea%b1%b0%eb%a6%ac-1%eb%a3%a8-3%ec%b8%b5/,2026-09-10,PARTIAL,구역 단위 위치. 정확한 매장 좌표 아님,"[잠실야구장] stadium_code: JAMSIL / stadium_name: 잠실야구장 / home_team: LG,DOOSAN / store_facility: BBQ치킨 / zone_location: 내부 1루 3층 / floor: 3층 / side: 1루 / in_stadium_flag: Y / notes: 구역 단위 위치. 정확한 매장 좌표 아님 (공식 확인 전 정보로 정확하지 않을 수 있습니다.)"
SC_FOOD_JAMSIL_063,JAMSIL,잠실야구장,"LG,DOOSAN",GS25,내부 1루 3층,3층,1루,Y,UNOFFICIAL,COMMUNITY_SEATVIEW,myseatcheck.com (자리어때),https://myseatcheck.com/%ec%84%9c%ec%9a%b8-%ec%9e%a0%ec%8b%a4%ec%95%bc%ea%b5%ac%ec%9e%a5-%eb%a8%b9%ea%b1%b0%eb%a6%ac-1%eb%a3%a8-3%ec%b8%b5/,2026-09-10,PARTIAL,구역 단위 위치. 정확한 매장 좌표 아님,"[잠실야구장] stadium_code: JAMSIL / stadium_name: 잠실야구장 / home_team: LG,DOOSAN / store_facility: GS25 / zone_location: 내부 1루 3층 / floor: 3층 / side: 1루 / in_stadium_flag: Y / notes: 구역 단위 위치. 정확한 매장 좌표 아님 (공식 확인 전 정보로 정확하지 않을 수 있습니다.)"
SC_FOOD_JAMSIL_064,JAMSIL,잠실야구장,"LG,DOOSAN",스테프핫도그,내부 1루 3층,3층,1루,Y,UNOFFICIAL,COMMUNITY_SEATVIEW,myseatcheck.com (자리어때),https://myseatcheck.com/%ec%84%9c%ec%9a%b8-%ec%9e%a0%ec%8b%a4%ec%95%bc%ea%b5%ac%ec%9e%a5-%eb%a8%b9%ea%b1%b0%eb%a6%ac-1%eb%a3%a8-3%ec%b8%b5/,2026-09-10,PARTIAL,구역 단위 위치. 정확한 매장 좌표 아님,"[잠실야구장] stadium_code: JAMSIL / stadium_name: 잠실야구장 / home_team: LG,DOOSAN / store_facility: 스테프핫도그 / zone_location: 내부 1루 3층 / floor: 3층 / side: 1루 / in_stadium_flag: Y / notes: 구역 단위 위치. 정확한 매장 좌표 아님 (공식 확인 전 정보로 정확하지 않을 수 있습니다.)"
SC_FOOD_JAMSIL_065,JAMSIL,잠실야구장,"LG,DOOSAN",샤오마라,내부 1루 3층,3층,1루,Y,UNOFFICIAL,COMMUNITY_SEATVIEW,myseatcheck.com (자리어때),https://myseatcheck.com/%ec%84%9c%ec%9a%b8-%ec%9e%a0%ec%8b%a4%ec%95%bc%ea%b5%ac%ec%9e%a5-%eb%a8%b9%ea%b1%b0%eb%a6%ac-1%eb%a3%a8-3%ec%b8%b5/,2026-09-10,PARTIAL,구역 단위 위치. 정확한 매장 좌표 아님,"[잠실야구장] stadium_code: JAMSIL / stadium_name: 잠실야구장 / home_team: LG,DOOSAN / store_facility: 샤오마라 / zone_location: 내부 1루 3층 / floor: 3층 / side: 1루 / in_stadium_flag: Y / notes: 구역 단위 위치. 정확한 매장 좌표 아님 (공식 확인 전 정보로 정확하지 않을 수 있습니다.)"
SC_FOOD_JAMSIL_066,JAMSIL,잠실야구장,"LG,DOOSAN",브뤼셀프라이,내부 2.5층,2.5층,,Y,UNOFFICIAL,COMMUNITY_SEATVIEW,myseatcheck.com (자리어때),https://myseatcheck.com/%ec%84%9c%ec%9a%b8-%ec%9e%a0%ec%8b%a4%ec%95%bc%ea%b5%ac%ec%9e%a5-%eb%a8%b9%ea%b1%b0%eb%a6%ac-2-5%ec%b8%b5/,2026-09-10,PARTIAL,구역 단위 위치. 정확한 매장 좌표 아님,"[잠실야구장] stadium_code: JAMSIL / stadium_name: 잠실야구장 / home_team: LG,DOOSAN / store_facility: 브뤼셀프라이 / zone_location: 내부 2.5층 / floor: 2.5층 / in_stadium_flag: Y / notes: 구역 단위 위치. 정확한 매장 좌표 아님 (공식 확인 전 정보로 정확하지 않을 수 있습니다.)"
SC_FOOD_JAMSIL_067,JAMSIL,잠실야구장,"LG,DOOSAN",짝태패밀리 토시래,내부 2.5층,2.5층,,Y,UNOFFICIAL,COMMUNITY_SEATVIEW,myseatcheck.com (자리어때),https://myseatcheck.com/%ec%84%9c%ec%9a%b8-%ec%9e%a0%ec%8b%a4%ec%95%bc%ea%b5%ac%ec%9e%a5-%eb%a8%b9%ea%b1%b0%eb%a6%ac-2-5%ec%b8%b5/,2026-09-10,PARTIAL,구역 단위 위치. 정확한 매장 좌표 아님,"[잠실야구장] stadium_code: JAMSIL / stadium_name: 잠실야구장 / home_team: LG,DOOSAN / store_facility: 짝태패밀리 토시래 / zone_location: 내부 2.5층 / floor: 2.5층 / in_stadium_flag: Y / notes: 구역 단위 위치. 정확한 매장 좌표 아님 (공식 확인 전 정보로 정확하지 않을 수 있습니다.)"
SC_FOOD_GOCHEOK_001,GOCHEOK,고척스카이돔,KIWOOM,BHC치킨,1루 2층,2층,1루,Y,UNOFFICIAL,COMMUNITY_SEATVIEW,myseatcheck.com (자리어때),https://myseatcheck.com/%ea%b3%a0%ec%b2%99%ec%8a%a4%ec%b9%b4%ec%9d%b4%eb%8f%94-%eb%a8%b9%ea%b1%b0%eb%a6%ac-1%eb%a3%a8-2%ec%b8%b5/,2026-09-10,PARTIAL,구역 단위 위치. 정확한 매장 좌표 아님,[고척스카이돔] stadium_code: GOCHEOK / stadium_name: 고척스카이돔 / home_team: KIWOOM / store_facility: BHC치킨 / zone_location: 1루 2층 / floor: 2층 / side: 1루 / in_stadium_flag: Y / notes: 구역 단위 위치. 정확한 매장 좌표 아님 (공식 확인 전 정보로 정확하지 않을 수 있습니다.)
SC_FOOD_GOCHEOK_002,GOCHEOK,고척스카이돔,KIWOOM,BK버거,1루 2층,2층,1루,Y,UNOFFICIAL,COMMUNITY_SEATVIEW,myseatcheck.com (자리어때),https://myseatcheck.com/%ea%b3%a0%ec%b2%99%ec%8a%a4%ec%b9%b4%ec%9d%b4%eb%8f%94-%eb%a8%b9%ea%b1%b0%eb%a6%ac-1%eb%a3%a8-2%ec%b8%b5/,2026-09-10,PARTIAL,구역 단위 위치. 정확한 매장 좌표 아님,[고척스카이돔] stadium_code: GOCHEOK / stadium_name: 고척스카이돔 / home_team: KIWOOM / store_facility: BK버거 / zone_location: 1루 2층 / floor: 2층 / side: 1루 / in_stadium_flag: Y / notes: 구역 단위 위치. 정확한 매장 좌표 아님 (공식 확인 전 정보로 정확하지 않을 수 있습니다.)
SC_FOOD_GOCHEOK_003,GOCHEOK,고척스카이돔,KIWOOM,꼬치닭,1루 2층,2층,1루,Y,UNOFFICIAL,COMMUNITY_SEATVIEW,myseatcheck.com (자리어때),https://myseatcheck.com/%ea%b3%a0%ec%b2%99%ec%8a%a4%ec%b9%b4%ec%9d%b4%eb%8f%94-%eb%a8%b9%ea%b1%b0%eb%a6%ac-1%eb%a3%a8-2%ec%b8%b5/,2026-09-10,PARTIAL,구역 단위 위치. 정확한 매장 좌표 아님,[고척스카이돔] stadium_code: GOCHEOK / stadium_name: 고척스카이돔 / home_team: KIWOOM / store_facility: 꼬치닭 / zone_location: 1루 2층 / floor: 2층 / side: 1루 / in_stadium_flag: Y / notes: 구역 단위 위치. 정확한 매장 좌표 아님 (공식 확인 전 정보로 정확하지 않을 수 있습니다.)
SC_FOOD_GOCHEOK_004,GOCHEOK,고척스카이돔,KIWOOM,"닭강정, 편의점",1루 2층,2층,1루,Y,UNOFFICIAL,COMMUNITY_SEATVIEW,myseatcheck.com (자리어때),https://myseatcheck.com/%ea%b3%a0%ec%b2%99%ec%8a%a4%ec%b9%b4%ec%9d%b4%eb%8f%94-%eb%a8%b9%ea%b1%b0%eb%a6%ac-1%eb%a3%a8-2%ec%b8%b5/,2026-09-10,PARTIAL,구역 단위 위치. 정확한 매장 좌표 아님,"[고척스카이돔] stadium_code: GOCHEOK / stadium_name: 고척스카이돔 / home_team: KIWOOM / store_facility: 닭강정, 편의점 / zone_location: 1루 2층 / floor: 2층 / side: 1루 / in_stadium_flag: Y / notes: 구역 단위 위치. 정확한 매장 좌표 아님 (공식 확인 전 정보로 정확하지 않을 수 있습니다.)"
SC_FOOD_GOCHEOK_005,GOCHEOK,고척스카이돔,KIWOOM,땅땅치킨,1루 2층,2층,1루,Y,UNOFFICIAL,COMMUNITY_SEATVIEW,myseatcheck.com (자리어때),https://myseatcheck.com/%ea%b3%a0%ec%b2%99%ec%8a%a4%ec%b9%b4%ec%9d%b4%eb%8f%94-%eb%a8%b9%ea%b1%b0%eb%a6%ac-1%eb%a3%a8-2%ec%b8%b5/,2026-09-10,PARTIAL,구역 단위 위치. 정확한 매장 좌표 아님,[고척스카이돔] stadium_code: GOCHEOK / stadium_name: 고척스카이돔 / home_team: KIWOOM / store_facility: 땅땅치킨 / zone_location: 1루 2층 / floor: 2층 / side: 1루 / in_stadium_flag: Y / notes: 구역 단위 위치. 정확한 매장 좌표 아님 (공식 확인 전 정보로 정확하지 않을 수 있습니다.)
SC_FOOD_GOCHEOK_006,GOCHEOK,고척스카이돔,KIWOOM,매머드커피,1루 2층,2층,1루,Y,UNOFFICIAL,COMMUNITY_SEATVIEW,myseatcheck.com (자리어때),https://myseatcheck.com/%ea%b3%a0%ec%b2%99%ec%8a%a4%ec%b9%b4%ec%9d%b4%eb%8f%94-%eb%a8%b9%ea%b1%b0%eb%a6%ac-1%eb%a3%a8-2%ec%b8%b5/,2026-09-10,PARTIAL,구역 단위 위치. 정확한 매장 좌표 아님,[고척스카이돔] stadium_code: GOCHEOK / stadium_name: 고척스카이돔 / home_team: KIWOOM / store_facility: 매머드커피 / zone_location: 1루 2층 / floor: 2층 / side: 1루 / in_stadium_flag: Y / notes: 구역 단위 위치. 정확한 매장 좌표 아님 (공식 확인 전 정보로 정확하지 않을 수 있습니다.)
SC_FOOD_GOCHEOK_007,GOCHEOK,고척스카이돔,KIWOOM,명랑핫도그,1루 2층,2층,1루,Y,UNOFFICIAL,COMMUNITY_SEATVIEW,myseatcheck.com (자리어때),https://myseatcheck.com/%ea%b3%a0%ec%b2%99%ec%8a%a4%ec%b9%b4%ec%9d%b4%eb%8f%94-%eb%a8%b9%ea%b1%b0%eb%a6%ac-1%eb%a3%a8-2%ec%b8%b5/,2026-09-10,PARTIAL,구역 단위 위치. 정확한 매장 좌표 아님,[고척스카이돔] stadium_code: GOCHEOK / stadium_name: 고척스카이돔 / home_team: KIWOOM / store_facility: 명랑핫도그 / zone_location: 1루 2층 / floor: 2층 / side: 1루 / in_stadium_flag: Y / notes: 구역 단위 위치. 정확한 매장 좌표 아님 (공식 확인 전 정보로 정확하지 않을 수 있습니다.)
SC_FOOD_GOCHEOK_008,GOCHEOK,고척스카이돔,KIWOOM,쉬림프쉐프,1루 2층,2층,1루,Y,UNOFFICIAL,COMMUNITY_SEATVIEW,myseatcheck.com (자리어때),https://myseatcheck.com/%ea%b3%a0%ec%b2%99%ec%8a%a4%ec%b9%b4%ec%9d%b4%eb%8f%94-%eb%a8%b9%ea%b1%b0%eb%a6%ac-1%eb%a3%a8-2%ec%b8%b5/,2026-09-10,PARTIAL,구역 단위 위치. 정확한 매장 좌표 아님,[고척스카이돔] stadium_code: GOCHEOK / stadium_name: 고척스카이돔 / home_team: KIWOOM / store_facility: 쉬림프쉐프 / zone_location: 1루 2층 / floor: 2층 / side: 1루 / in_stadium_flag: Y / notes: 구역 단위 위치. 정확한 매장 좌표 아님 (공식 확인 전 정보로 정확하지 않을 수 있습니다.)
SC_FOOD_GOCHEOK_009,GOCHEOK,고척스카이돔,KIWOOM,올떡볶이,1루 2층,2층,1루,Y,UNOFFICIAL,COMMUNITY_SEATVIEW,myseatcheck.com (자리어때),https://myseatcheck.com/%ea%b3%a0%ec%b2%99%ec%8a%a4%ec%b9%b4%ec%9d%b4%eb%8f%94-%eb%a8%b9%ea%b1%b0%eb%a6%ac-1%eb%a3%a8-2%ec%b8%b5/,2026-09-10,PARTIAL,구역 단위 위치. 정확한 매장 좌표 아님,[고척스카이돔] stadium_code: GOCHEOK / stadium_name: 고척스카이돔 / home_team: KIWOOM / store_facility: 올떡볶이 / zone_location: 1루 2층 / floor: 2층 / side: 1루 / in_stadium_flag: Y / notes: 구역 단위 위치. 정확한 매장 좌표 아님 (공식 확인 전 정보로 정확하지 않을 수 있습니다.)
SC_FOOD_GOCHEOK_010,GOCHEOK,고척스카이돔,KIWOOM,편밀밀,1루 2층,2층,1루,Y,UNOFFICIAL,COMMUNITY_SEATVIEW,myseatcheck.com (자리어때),https://myseatcheck.com/%ea%b3%a0%ec%b2%99%ec%8a%a4%ec%b9%b4%ec%9d%b4%eb%8f%94-%eb%a8%b9%ea%b1%b0%eb%a6%ac-1%eb%a3%a8-2%ec%b8%b5/,2026-09-10,PARTIAL,구역 단위 위치. 정확한 매장 좌표 아님,[고척스카이돔] stadium_code: GOCHEOK / stadium_name: 고척스카이돔 / home_team: KIWOOM / store_facility: 편밀밀 / zone_location: 1루 2층 / floor: 2층 / side: 1루 / in_stadium_flag: Y / notes: 구역 단위 위치. 정확한 매장 좌표 아님 (공식 확인 전 정보로 정확하지 않을 수 있습니다.)
SC_FOOD_GOCHEOK_011,GOCHEOK,고척스카이돔,KIWOOM,피자,1루 2층,2층,1루,Y,UNOFFICIAL,COMMUNITY_SEATVIEW,myseatcheck.com (자리어때),https://myseatcheck.com/%ea%b3%a0%ec%b2%99%ec%8a%a4%ec%b9%b4%ec%9d%b4%eb%8f%94-%eb%a8%b9%ea%b1%b0%eb%a6%ac-1%eb%a3%a8-2%ec%b8%b5/,2026-09-10,PARTIAL,구역 단위 위치. 정확한 매장 좌표 아님,[고척스카이돔] stadium_code: GOCHEOK / stadium_name: 고척스카이돔 / home_team: KIWOOM / store_facility: 피자 / zone_location: 1루 2층 / floor: 2층 / side: 1루 / in_stadium_flag: Y / notes: 구역 단위 위치. 정확한 매장 좌표 아님 (공식 확인 전 정보로 정확하지 않을 수 있습니다.)
SC_FOOD_GOCHEOK_012,GOCHEOK,고척스카이돔,KIWOOM,"닭강정, 편의점",3루 2층,2층,3루,Y,UNOFFICIAL,COMMUNITY_SEATVIEW,myseatcheck.com (자리어때),https://myseatcheck.com/%ea%b3%a0%ec%b2%99%ec%8a%a4%ec%b9%b4%ec%9d%b4%eb%8f%94-%eb%a8%b9%ea%b1%b0%eb%a6%ac-3%eb%a3%a8-2%ec%b8%b5/,2026-09-10,PARTIAL,구역 단위 위치. 정확한 매장 좌표 아님,"[고척스카이돔] stadium_code: GOCHEOK / stadium_name: 고척스카이돔 / home_team: KIWOOM / store_facility: 닭강정, 편의점 / zone_location: 3루 2층 / floor: 2층 / side: 3루 / in_stadium_flag: Y / notes: 구역 단위 위치. 정확한 매장 좌표 아님 (공식 확인 전 정보로 정확하지 않을 수 있습니다.)"
SC_FOOD_GOCHEOK_013,GOCHEOK,고척스카이돔,KIWOOM,땅땅치킨,3루 2층,2층,3루,Y,UNOFFICIAL,COMMUNITY_SEATVIEW,myseatcheck.com (자리어때),https://myseatcheck.com/%ea%b3%a0%ec%b2%99%ec%8a%a4%ec%b9%b4%ec%9d%b4%eb%8f%94-%eb%a8%b9%ea%b1%b0%eb%a6%ac-3%eb%a3%a8-2%ec%b8%b5/,2026-09-10,PARTIAL,구역 단위 위치. 정확한 매장 좌표 아님,[고척스카이돔] stadium_code: GOCHEOK / stadium_name: 고척스카이돔 / home_team: KIWOOM / store_facility: 땅땅치킨 / zone_location: 3루 2층 / floor: 2층 / side: 3루 / in_stadium_flag: Y / notes: 구역 단위 위치. 정확한 매장 좌표 아님 (공식 확인 전 정보로 정확하지 않을 수 있습니다.)
SC_FOOD_GOCHEOK_014,GOCHEOK,고척스카이돔,KIWOOM,마왕족발,3루 2층,2층,3루,Y,UNOFFICIAL,COMMUNITY_SEATVIEW,myseatcheck.com (자리어때),https://myseatcheck.com/%ea%b3%a0%ec%b2%99%ec%8a%a4%ec%b9%b4%ec%9d%b4%eb%8f%94-%eb%a8%b9%ea%b1%b0%eb%a6%ac-3%eb%a3%a8-2%ec%b8%b5/,2026-09-10,PARTIAL,구역 단위 위치. 정확한 매장 좌표 아님,[고척스카이돔] stadium_code: GOCHEOK / stadium_name: 고척스카이돔 / home_team: KIWOOM / store_facility: 마왕족발 / zone_location: 3루 2층 / floor: 2층 / side: 3루 / in_stadium_flag: Y / notes: 구역 단위 위치. 정확한 매장 좌표 아님 (공식 확인 전 정보로 정확하지 않을 수 있습니다.)
SC_FOOD_GOCHEOK_015,GOCHEOK,고척스카이돔,KIWOOM,매머드커피,3루 2층,2층,3루,Y,UNOFFICIAL,COMMUNITY_SEATVIEW,myseatcheck.com (자리어때),https://myseatcheck.com/%ea%b3%a0%ec%b2%99%ec%8a%a4%ec%b9%b4%ec%9d%b4%eb%8f%94-%eb%a8%b9%ea%b1%b0%eb%a6%ac-3%eb%a3%a8-2%ec%b8%b5/,2026-09-10,PARTIAL,구역 단위 위치. 정확한 매장 좌표 아님,[고척스카이돔] stadium_code: GOCHEOK / stadium_name: 고척스카이돔 / home_team: KIWOOM / store_facility: 매머드커피 / zone_location: 3루 2층 / floor: 2층 / side: 3루 / in_stadium_flag: Y / notes: 구역 단위 위치. 정확한 매장 좌표 아님 (공식 확인 전 정보로 정확하지 않을 수 있습니다.)
SC_FOOD_GOCHEOK_016,GOCHEOK,고척스카이돔,KIWOOM,스태프핫도그,3루 2층,2층,3루,Y,UNOFFICIAL,COMMUNITY_SEATVIEW,myseatcheck.com (자리어때),https://myseatcheck.com/%ea%b3%a0%ec%b2%99%ec%8a%a4%ec%b9%b4%ec%9d%b4%eb%8f%94-%eb%a8%b9%ea%b1%b0%eb%a6%ac-3%eb%a3%a8-2%ec%b8%b5/,2026-09-10,PARTIAL,구역 단위 위치. 정확한 매장 좌표 아님,[고척스카이돔] stadium_code: GOCHEOK / stadium_name: 고척스카이돔 / home_team: KIWOOM / store_facility: 스태프핫도그 / zone_location: 3루 2층 / floor: 2층 / side: 3루 / in_stadium_flag: Y / notes: 구역 단위 위치. 정확한 매장 좌표 아님 (공식 확인 전 정보로 정확하지 않을 수 있습니다.)
SC_FOOD_GOCHEOK_017,GOCHEOK,고척스카이돔,KIWOOM,스트릿츄러스,3루 2층,2층,3루,Y,UNOFFICIAL,COMMUNITY_SEATVIEW,myseatcheck.com (자리어때),https://myseatcheck.com/%ea%b3%a0%ec%b2%99%ec%8a%a4%ec%b9%b4%ec%9d%b4%eb%8f%94-%eb%a8%b9%ea%b1%b0%eb%a6%ac-3%eb%a3%a8-2%ec%b8%b5/,2026-09-10,PARTIAL,구역 단위 위치. 정확한 매장 좌표 아님,[고척스카이돔] stadium_code: GOCHEOK / stadium_name: 고척스카이돔 / home_team: KIWOOM / store_facility: 스트릿츄러스 / zone_location: 3루 2층 / floor: 2층 / side: 3루 / in_stadium_flag: Y / notes: 구역 단위 위치. 정확한 매장 좌표 아님 (공식 확인 전 정보로 정확하지 않을 수 있습니다.)
SC_FOOD_GOCHEOK_018,GOCHEOK,고척스카이돔,KIWOOM,올떡볶이,3루 2층,2층,3루,Y,UNOFFICIAL,COMMUNITY_SEATVIEW,myseatcheck.com (자리어때),https://myseatcheck.com/%ea%b3%a0%ec%b2%99%ec%8a%a4%ec%b9%b4%ec%9d%b4%eb%8f%94-%eb%a8%b9%ea%b1%b0%eb%a6%ac-3%eb%a3%a8-2%ec%b8%b5/,2026-09-10,PARTIAL,구역 단위 위치. 정확한 매장 좌표 아님,[고척스카이돔] stadium_code: GOCHEOK / stadium_name: 고척스카이돔 / home_team: KIWOOM / store_facility: 올떡볶이 / zone_location: 3루 2층 / floor: 2층 / side: 3루 / in_stadium_flag: Y / notes: 구역 단위 위치. 정확한 매장 좌표 아님 (공식 확인 전 정보로 정확하지 않을 수 있습니다.)
SC_FOOD_GOCHEOK_019,GOCHEOK,고척스카이돔,KIWOOM,자담치킨,3루 2층,2층,3루,Y,UNOFFICIAL,COMMUNITY_SEATVIEW,myseatcheck.com (자리어때),https://myseatcheck.com/%ea%b3%a0%ec%b2%99%ec%8a%a4%ec%b9%b4%ec%9d%b4%eb%8f%94-%eb%a8%b9%ea%b1%b0%eb%a6%ac-3%eb%a3%a8-2%ec%b8%b5/,2026-09-10,PARTIAL,구역 단위 위치. 정확한 매장 좌표 아님,[고척스카이돔] stadium_code: GOCHEOK / stadium_name: 고척스카이돔 / home_team: KIWOOM / store_facility: 자담치킨 / zone_location: 3루 2층 / floor: 2층 / side: 3루 / in_stadium_flag: Y / notes: 구역 단위 위치. 정확한 매장 좌표 아님 (공식 확인 전 정보로 정확하지 않을 수 있습니다.)
SC_FOOD_GOCHEOK_020,GOCHEOK,고척스카이돔,KIWOOM,초장집,3루 2층,2층,3루,Y,UNOFFICIAL,COMMUNITY_SEATVIEW,myseatcheck.com (자리어때),https://myseatcheck.com/%ea%b3%a0%ec%b2%99%ec%8a%a4%ec%b9%b4%ec%9d%b4%eb%8f%94-%eb%a8%b9%ea%b1%b0%eb%a6%ac-3%eb%a3%a8-2%ec%b8%b5/,2026-09-10,PARTIAL,구역 단위 위치. 정확한 매장 좌표 아님,[고척스카이돔] stadium_code: GOCHEOK / stadium_name: 고척스카이돔 / home_team: KIWOOM / store_facility: 초장집 / zone_location: 3루 2층 / floor: 2층 / side: 3루 / in_stadium_flag: Y / notes: 구역 단위 위치. 정확한 매장 좌표 아님 (공식 확인 전 정보로 정확하지 않을 수 있습니다.)
SC_FOOD_GOCHEOK_021,GOCHEOK,고척스카이돔,KIWOOM,"BBQ, 핫도그",외야 3~4층,3층,외야,Y,UNOFFICIAL,COMMUNITY_SEATVIEW,myseatcheck.com (자리어때),https://myseatcheck.com/%ea%b3%a0%ec%b2%99%ec%8a%a4%ec%b9%b4%ec%9d%b4%eb%8f%94-%eb%a8%b9%ea%b1%b0%eb%a6%ac-%ec%99%b8%ec%95%bc-3%ec%b8%b5/,2026-09-10,PARTIAL,구역 단위 위치. 정확한 매장 좌표 아님,"[고척스카이돔] stadium_code: GOCHEOK / stadium_name: 고척스카이돔 / home_team: KIWOOM / store_facility: BBQ, 핫도그 / zone_location: 외야 3~4층 / floor: 3층 / side: 외야 / in_stadium_flag: Y / notes: 구역 단위 위치. 정확한 매장 좌표 아님 (공식 확인 전 정보로 정확하지 않을 수 있습니다.)"
SC_FOOD_GOCHEOK_022,GOCHEOK,고척스카이돔,KIWOOM,BHC치킨,외야 3~4층,3층,외야,Y,UNOFFICIAL,COMMUNITY_SEATVIEW,myseatcheck.com (자리어때),https://myseatcheck.com/%ea%b3%a0%ec%b2%99%ec%8a%a4%ec%b9%b4%ec%9d%b4%eb%8f%94-%eb%a8%b9%ea%b1%b0%eb%a6%ac-%ec%99%b8%ec%95%bc-3%ec%b8%b5/,2026-09-10,PARTIAL,구역 단위 위치. 정확한 매장 좌표 아님,[고척스카이돔] stadium_code: GOCHEOK / stadium_name: 고척스카이돔 / home_team: KIWOOM / store_facility: BHC치킨 / zone_location: 외야 3~4층 / floor: 3층 / side: 외야 / in_stadium_flag: Y / notes: 구역 단위 위치. 정확한 매장 좌표 아님 (공식 확인 전 정보로 정확하지 않을 수 있습니다.)
SC_FOOD_GOCHEOK_023,GOCHEOK,고척스카이돔,KIWOOM,땅땅치킨,외야 3~4층,3층,외야,Y,UNOFFICIAL,COMMUNITY_SEATVIEW,myseatcheck.com (자리어때),https://myseatcheck.com/%ea%b3%a0%ec%b2%99%ec%8a%a4%ec%b9%b4%ec%9d%b4%eb%8f%94-%eb%a8%b9%ea%b1%b0%eb%a6%ac-%ec%99%b8%ec%95%bc-3%ec%b8%b5/,2026-09-10,PARTIAL,구역 단위 위치. 정확한 매장 좌표 아님,[고척스카이돔] stadium_code: GOCHEOK / stadium_name: 고척스카이돔 / home_team: KIWOOM / store_facility: 땅땅치킨 / zone_location: 외야 3~4층 / floor: 3층 / side: 외야 / in_stadium_flag: Y / notes: 구역 단위 위치. 정확한 매장 좌표 아님 (공식 확인 전 정보로 정확하지 않을 수 있습니다.)
SC_FOOD_GOCHEOK_024,GOCHEOK,고척스카이돔,KIWOOM,매머드커피,외야 3~4층,3층,외야,Y,UNOFFICIAL,COMMUNITY_SEATVIEW,myseatcheck.com (자리어때),https://myseatcheck.com/%ea%b3%a0%ec%b2%99%ec%8a%a4%ec%b9%b4%ec%9d%b4%eb%8f%94-%eb%a8%b9%ea%b1%b0%eb%a6%ac-%ec%99%b8%ec%95%bc-3%ec%b8%b5/,2026-09-10,PARTIAL,구역 단위 위치. 정확한 매장 좌표 아님,[고척스카이돔] stadium_code: GOCHEOK / stadium_name: 고척스카이돔 / home_team: KIWOOM / store_facility: 매머드커피 / zone_location: 외야 3~4층 / floor: 3층 / side: 외야 / in_stadium_flag: Y / notes: 구역 단위 위치. 정확한 매장 좌표 아님 (공식 확인 전 정보로 정확하지 않을 수 있습니다.)
SC_FOOD_GOCHEOK_025,GOCHEOK,고척스카이돔,KIWOOM,브뤼셀프라이,외야 3~4층,3층,외야,Y,UNOFFICIAL,COMMUNITY_SEATVIEW,myseatcheck.com (자리어때),https://myseatcheck.com/%ea%b3%a0%ec%b2%99%ec%8a%a4%ec%b9%b4%ec%9d%b4%eb%8f%94-%eb%a8%b9%ea%b1%b0%eb%a6%ac-%ec%99%b8%ec%95%bc-3%ec%b8%b5/,2026-09-10,PARTIAL,구역 단위 위치. 정확한 매장 좌표 아님,[고척스카이돔] stadium_code: GOCHEOK / stadium_name: 고척스카이돔 / home_team: KIWOOM / store_facility: 브뤼셀프라이 / zone_location: 외야 3~4층 / floor: 3층 / side: 외야 / in_stadium_flag: Y / notes: 구역 단위 위치. 정확한 매장 좌표 아님 (공식 확인 전 정보로 정확하지 않을 수 있습니다.)
SC_FOOD_GOCHEOK_026,GOCHEOK,고척스카이돔,KIWOOM,스트릿츄러스,외야 3~4층,3층,외야,Y,UNOFFICIAL,COMMUNITY_SEATVIEW,myseatcheck.com (자리어때),https://myseatcheck.com/%ea%b3%a0%ec%b2%99%ec%8a%a4%ec%b9%b4%ec%9d%b4%eb%8f%94-%eb%a8%b9%ea%b1%b0%eb%a6%ac-%ec%99%b8%ec%95%bc-3%ec%b8%b5/,2026-09-10,PARTIAL,구역 단위 위치. 정확한 매장 좌표 아님,[고척스카이돔] stadium_code: GOCHEOK / stadium_name: 고척스카이돔 / home_team: KIWOOM / store_facility: 스트릿츄러스 / zone_location: 외야 3~4층 / floor: 3층 / side: 외야 / in_stadium_flag: Y / notes: 구역 단위 위치. 정확한 매장 좌표 아님 (공식 확인 전 정보로 정확하지 않을 수 있습니다.)
SC_FOOD_GOCHEOK_027,GOCHEOK,고척스카이돔,KIWOOM,올떡볶이,외야 3~4층,3층,외야,Y,UNOFFICIAL,COMMUNITY_SEATVIEW,myseatcheck.com (자리어때),https://myseatcheck.com/%ea%b3%a0%ec%b2%99%ec%8a%a4%ec%b9%b4%ec%9d%b4%eb%8f%94-%eb%a8%b9%ea%b1%b0%eb%a6%ac-%ec%99%b8%ec%95%bc-3%ec%b8%b5/,2026-09-10,PARTIAL,구역 단위 위치. 정확한 매장 좌표 아님,[고척스카이돔] stadium_code: GOCHEOK / stadium_name: 고척스카이돔 / home_team: KIWOOM / store_facility: 올떡볶이 / zone_location: 외야 3~4층 / floor: 3층 / side: 외야 / in_stadium_flag: Y / notes: 구역 단위 위치. 정확한 매장 좌표 아님 (공식 확인 전 정보로 정확하지 않을 수 있습니다.)
SC_FOOD_GOCHEOK_028,GOCHEOK,고척스카이돔,KIWOOM,펠리돔,외야 3~4층,3층,외야,Y,UNOFFICIAL,COMMUNITY_SEATVIEW,myseatcheck.com (자리어때),https://myseatcheck.com/%ea%b3%a0%ec%b2%99%ec%8a%a4%ec%b9%b4%ec%9d%b4%eb%8f%94-%eb%a8%b9%ea%b1%b0%eb%a6%ac-%ec%99%b8%ec%95%bc-3%ec%b8%b5/,2026-09-10,PARTIAL,구역 단위 위치. 정확한 매장 좌표 아님,[고척스카이돔] stadium_code: GOCHEOK / stadium_name: 고척스카이돔 / home_team: KIWOOM / store_facility: 펠리돔 / zone_location: 외야 3~4층 / floor: 3층 / side: 외야 / in_stadium_flag: Y / notes: 구역 단위 위치. 정확한 매장 좌표 아님 (공식 확인 전 정보로 정확하지 않을 수 있습니다.)
SC_FOOD_GOCHEOK_029,GOCHEOK,고척스카이돔,KIWOOM,편의점1,외야 3~4층,3층,외야,Y,UNOFFICIAL,COMMUNITY_SEATVIEW,myseatcheck.com (자리어때),https://myseatcheck.com/%ea%b3%a0%ec%b2%99%ec%8a%a4%ec%b9%b4%ec%9d%b4%eb%8f%94-%eb%a8%b9%ea%b1%b0%eb%a6%ac-%ec%99%b8%ec%95%bc-3%ec%b8%b5/,2026-09-10,PARTIAL,구역 단위 위치. 정확한 매장 좌표 아님,[고척스카이돔] stadium_code: GOCHEOK / stadium_name: 고척스카이돔 / home_team: KIWOOM / store_facility: 편의점1 / zone_location: 외야 3~4층 / floor: 3층 / side: 외야 / in_stadium_flag: Y / notes: 구역 단위 위치. 정확한 매장 좌표 아님 (공식 확인 전 정보로 정확하지 않을 수 있습니다.)
SC_FOOD_GOCHEOK_030,GOCHEOK,고척스카이돔,KIWOOM,편의점2,외야 3~4층,3층,외야,Y,UNOFFICIAL,COMMUNITY_SEATVIEW,myseatcheck.com (자리어때),https://myseatcheck.com/%ea%b3%a0%ec%b2%99%ec%8a%a4%ec%b9%b4%ec%9d%b4%eb%8f%94-%eb%a8%b9%ea%b1%b0%eb%a6%ac-%ec%99%b8%ec%95%bc-3%ec%b8%b5/,2026-09-10,PARTIAL,구역 단위 위치. 정확한 매장 좌표 아님,[고척스카이돔] stadium_code: GOCHEOK / stadium_name: 고척스카이돔 / home_team: KIWOOM / store_facility: 편의점2 / zone_location: 외야 3~4층 / floor: 3층 / side: 외야 / in_stadium_flag: Y / notes: 구역 단위 위치. 정확한 매장 좌표 아님 (공식 확인 전 정보로 정확하지 않을 수 있습니다.)
SC_FOOD_GOCHEOK_031,GOCHEOK,고척스카이돔,KIWOOM,"피자, 핫도그",외야 3~4층,3층,외야,Y,UNOFFICIAL,COMMUNITY_SEATVIEW,myseatcheck.com (자리어때),https://myseatcheck.com/%ea%b3%a0%ec%b2%99%ec%8a%a4%ec%b9%b4%ec%9d%b4%eb%8f%94-%eb%a8%b9%ea%b1%b0%eb%a6%ac-%ec%99%b8%ec%95%bc-3%ec%b8%b5/,2026-09-10,PARTIAL,구역 단위 위치. 정확한 매장 좌표 아님,"[고척스카이돔] stadium_code: GOCHEOK / stadium_name: 고척스카이돔 / home_team: KIWOOM / store_facility: 피자, 핫도그 / zone_location: 외야 3~4층 / floor: 3층 / side: 외야 / in_stadium_flag: Y / notes: 구역 단위 위치. 정확한 매장 좌표 아님 (공식 확인 전 정보로 정확하지 않을 수 있습니다.)"
SC_FOOD_GOCHEOK_032,GOCHEOK,고척스카이돔,KIWOOM,멕시카나치킨,외야 3~4층,3층,외야,Y,UNOFFICIAL,COMMUNITY_SEATVIEW,myseatcheck.com (자리어때),https://myseatcheck.com/%ea%b3%a0%ec%b2%99%ec%8a%a4%ec%b9%b4%ec%9d%b4%eb%8f%94-%eb%a8%b9%ea%b1%b0%eb%a6%ac-%ec%99%b8%ec%95%bc-3%ec%b8%b5/,2026-09-10,PARTIAL,구역 단위 위치. 정확한 매장 좌표 아님,[고척스카이돔] stadium_code: GOCHEOK / stadium_name: 고척스카이돔 / home_team: KIWOOM / store_facility: 멕시카나치킨 / zone_location: 외야 3~4층 / floor: 3층 / side: 외야 / in_stadium_flag: Y / notes: 구역 단위 위치. 정확한 매장 좌표 아님 (공식 확인 전 정보로 정확하지 않을 수 있습니다.)
SC_FOOD_GOCHEOK_033,GOCHEOK,고척스카이돔,KIWOOM,쉬림프쉐프,외야 3~4층,3층,외야,Y,UNOFFICIAL,COMMUNITY_SEATVIEW,myseatcheck.com (자리어때),https://myseatcheck.com/%ea%b3%a0%ec%b2%99%ec%8a%a4%ec%b9%b4%ec%9d%b4%eb%8f%94-%eb%a8%b9%ea%b1%b0%eb%a6%ac-%ec%99%b8%ec%95%bc-3%ec%b8%b5/,2026-09-10,PARTIAL,구역 단위 위치. 정확한 매장 좌표 아님,[고척스카이돔] stadium_code: GOCHEOK / stadium_name: 고척스카이돔 / home_team: KIWOOM / store_facility: 쉬림프쉐프 / zone_location: 외야 3~4층 / floor: 3층 / side: 외야 / in_stadium_flag: Y / notes: 구역 단위 위치. 정확한 매장 좌표 아님 (공식 확인 전 정보로 정확하지 않을 수 있습니다.)
SC_FOOD_GOCHEOK_034,GOCHEOK,고척스카이돔,KIWOOM,자담치킨,외야 3~4층,3층,외야,Y,UNOFFICIAL,COMMUNITY_SEATVIEW,myseatcheck.com (자리어때),https://myseatcheck.com/%ea%b3%a0%ec%b2%99%ec%8a%a4%ec%b9%b4%ec%9d%b4%eb%8f%94-%eb%a8%b9%ea%b1%b0%eb%a6%ac-%ec%99%b8%ec%95%bc-3%ec%b8%b5/,2026-09-10,PARTIAL,구역 단위 위치. 정확한 매장 좌표 아님,[고척스카이돔] stadium_code: GOCHEOK / stadium_name: 고척스카이돔 / home_team: KIWOOM / store_facility: 자담치킨 / zone_location: 외야 3~4층 / floor: 3층 / side: 외야 / in_stadium_flag: Y / notes: 구역 단위 위치. 정확한 매장 좌표 아님 (공식 확인 전 정보로 정확하지 않을 수 있습니다.)
SC_FOOD_GOCHEOK_035,GOCHEOK,고척스카이돔,KIWOOM,BBQ,내야 4층,4층,,Y,UNOFFICIAL,COMMUNITY_SEATVIEW,myseatcheck.com (자리어때),https://myseatcheck.com/%ea%b3%a0%ec%b2%99%ec%8a%a4%ec%b9%b4%ec%9d%b4%eb%8f%94-%eb%a8%b9%ea%b1%b0%eb%a6%ac-%eb%82%b4%ec%95%bc-4%ec%b8%b5/,2026-09-10,PARTIAL,구역 단위 위치. 정확한 매장 좌표 아님,[고척스카이돔] stadium_code: GOCHEOK / stadium_name: 고척스카이돔 / home_team: KIWOOM / store_facility: BBQ / zone_location: 내야 4층 / floor: 4층 / in_stadium_flag: Y / notes: 구역 단위 위치. 정확한 매장 좌표 아님 (공식 확인 전 정보로 정확하지 않을 수 있습니다.)
SC_FOOD_GOCHEOK_036,GOCHEOK,고척스카이돔,KIWOOM,BK버거,내야 4층,4층,,Y,UNOFFICIAL,COMMUNITY_SEATVIEW,myseatcheck.com (자리어때),https://myseatcheck.com/%ea%b3%a0%ec%b2%99%ec%8a%a4%ec%b9%b4%ec%9d%b4%eb%8f%94-%eb%a8%b9%ea%b1%b0%eb%a6%ac-%eb%82%b4%ec%95%bc-4%ec%b8%b5/,2026-09-10,PARTIAL,구역 단위 위치. 정확한 매장 좌표 아님,[고척스카이돔] stadium_code: GOCHEOK / stadium_name: 고척스카이돔 / home_team: KIWOOM / store_facility: BK버거 / zone_location: 내야 4층 / floor: 4층 / in_stadium_flag: Y / notes: 구역 단위 위치. 정확한 매장 좌표 아님 (공식 확인 전 정보로 정확하지 않을 수 있습니다.)
SC_FOOD_GOCHEOK_037,GOCHEOK,고척스카이돔,KIWOOM,"떡볶이, 편의점",내야 4층,4층,,Y,UNOFFICIAL,COMMUNITY_SEATVIEW,myseatcheck.com (자리어때),https://myseatcheck.com/%ea%b3%a0%ec%b2%99%ec%8a%a4%ec%b9%b4%ec%9d%b4%eb%8f%94-%eb%a8%b9%ea%b1%b0%eb%a6%ac-%eb%82%b4%ec%95%bc-4%ec%b8%b5/,2026-09-10,PARTIAL,구역 단위 위치. 정확한 매장 좌표 아님,"[고척스카이돔] stadium_code: GOCHEOK / stadium_name: 고척스카이돔 / home_team: KIWOOM / store_facility: 떡볶이, 편의점 / zone_location: 내야 4층 / floor: 4층 / in_stadium_flag: Y / notes: 구역 단위 위치. 정확한 매장 좌표 아님 (공식 확인 전 정보로 정확하지 않을 수 있습니다.)"
SC_FOOD_GOCHEOK_038,GOCHEOK,고척스카이돔,KIWOOM,브뤼셀프라이,내야 4층,4층,,Y,UNOFFICIAL,COMMUNITY_SEATVIEW,myseatcheck.com (자리어때),https://myseatcheck.com/%ea%b3%a0%ec%b2%99%ec%8a%a4%ec%b9%b4%ec%9d%b4%eb%8f%94-%eb%a8%b9%ea%b1%b0%eb%a6%ac-%eb%82%b4%ec%95%bc-4%ec%b8%b5/,2026-09-10,PARTIAL,구역 단위 위치. 정확한 매장 좌표 아님,[고척스카이돔] stadium_code: GOCHEOK / stadium_name: 고척스카이돔 / home_team: KIWOOM / store_facility: 브뤼셀프라이 / zone_location: 내야 4층 / floor: 4층 / in_stadium_flag: Y / notes: 구역 단위 위치. 정확한 매장 좌표 아님 (공식 확인 전 정보로 정확하지 않을 수 있습니다.)
SC_FOOD_GOCHEOK_039,GOCHEOK,고척스카이돔,KIWOOM,"우이락, 편의점",내야 4층,4층,,Y,UNOFFICIAL,COMMUNITY_SEATVIEW,myseatcheck.com (자리어때),https://myseatcheck.com/%ea%b3%a0%ec%b2%99%ec%8a%a4%ec%b9%b4%ec%9d%b4%eb%8f%94-%eb%a8%b9%ea%b1%b0%eb%a6%ac-%eb%82%b4%ec%95%bc-4%ec%b8%b5/,2026-09-10,PARTIAL,구역 단위 위치. 정확한 매장 좌표 아님,"[고척스카이돔] stadium_code: GOCHEOK / stadium_name: 고척스카이돔 / home_team: KIWOOM / store_facility: 우이락, 편의점 / zone_location: 내야 4층 / floor: 4층 / in_stadium_flag: Y / notes: 구역 단위 위치. 정확한 매장 좌표 아님 (공식 확인 전 정보로 정확하지 않을 수 있습니다.)"
SC_FOOD_GOCHEOK_040,GOCHEOK,고척스카이돔,KIWOOM,자담치킨,내야 4층,4층,,Y,UNOFFICIAL,COMMUNITY_SEATVIEW,myseatcheck.com (자리어때),https://myseatcheck.com/%ea%b3%a0%ec%b2%99%ec%8a%a4%ec%b9%b4%ec%9d%b4%eb%8f%94-%eb%a8%b9%ea%b1%b0%eb%a6%ac-%eb%82%b4%ec%95%bc-4%ec%b8%b5/,2026-09-10,PARTIAL,구역 단위 위치. 정확한 매장 좌표 아님,[고척스카이돔] stadium_code: GOCHEOK / stadium_name: 고척스카이돔 / home_team: KIWOOM / store_facility: 자담치킨 / zone_location: 내야 4층 / floor: 4층 / in_stadium_flag: Y / notes: 구역 단위 위치. 정확한 매장 좌표 아님 (공식 확인 전 정보로 정확하지 않을 수 있습니다.)
SC_FOOD_GOCHEOK_041,GOCHEOK,고척스카이돔,KIWOOM,카츄마마,내야 4층,4층,,Y,UNOFFICIAL,COMMUNITY_SEATVIEW,myseatcheck.com (자리어때),https://myseatcheck.com/%ea%b3%a0%ec%b2%99%ec%8a%a4%ec%b9%b4%ec%9d%b4%eb%8f%94-%eb%a8%b9%ea%b1%b0%eb%a6%ac-%eb%82%b4%ec%95%bc-4%ec%b8%b5/,2026-09-10,PARTIAL,구역 단위 위치. 정확한 매장 좌표 아님,[고척스카이돔] stadium_code: GOCHEOK / stadium_name: 고척스카이돔 / home_team: KIWOOM / store_facility: 카츄마마 / zone_location: 내야 4층 / floor: 4층 / in_stadium_flag: Y / notes: 구역 단위 위치. 정확한 매장 좌표 아님 (공식 확인 전 정보로 정확하지 않을 수 있습니다.)
SC_FOOD_GOCHEOK_042,GOCHEOK,고척스카이돔,KIWOOM,탐앤탐스,내야 4층,4층,,Y,UNOFFICIAL,COMMUNITY_SEATVIEW,myseatcheck.com (자리어때),https://myseatcheck.com/%ea%b3%a0%ec%b2%99%ec%8a%a4%ec%b9%b4%ec%9d%b4%eb%8f%94-%eb%a8%b9%ea%b1%b0%eb%a6%ac-%eb%82%b4%ec%95%bc-4%ec%b8%b5/,2026-09-10,PARTIAL,구역 단위 위치. 정확한 매장 좌표 아님,[고척스카이돔] stadium_code: GOCHEOK / stadium_name: 고척스카이돔 / home_team: KIWOOM / store_facility: 탐앤탐스 / zone_location: 내야 4층 / floor: 4층 / in_stadium_flag: Y / notes: 구역 단위 위치. 정확한 매장 좌표 아님 (공식 확인 전 정보로 정확하지 않을 수 있습니다.)
SC_FOOD_MUNHAK_001,MUNHAK,인천 SSG 랜더스필드,SSG,BHC치킨,1루 2층,2층,1루,Y,UNOFFICIAL,COMMUNITY_SEATVIEW,myseatcheck.com (자리어때),https://myseatcheck.com/%eb%9e%9c%eb%8d%94%ec%8a%a4%ed%95%84%eb%93%9c%ed%95%84%eb%93%9c-%eb%a8%b9%ea%b1%b0%eb%a6%ac-1%eb%a3%a8-2%ec%b8%b5/,2026-09-10,PARTIAL,구역 단위 위치. 정확한 매장 좌표 아님,[인천 SSG 랜더스필드] stadium_code: MUNHAK / stadium_name: 인천 SSG 랜더스필드 / home_team: SSG / store_facility: BHC치킨 / zone_location: 1루 2층 / floor: 2층 / side: 1루 / in_stadium_flag: Y / notes: 구역 단위 위치. 정확한 매장 좌표 아님 (공식 확인 전 정보로 정확하지 않을 수 있습니다.)
SC_FOOD_MUNHAK_002,MUNHAK,인천 SSG 랜더스필드,SSG,패밀리푸드존,1루 2층,2층,1루,Y,UNOFFICIAL,COMMUNITY_SEATVIEW,myseatcheck.com (자리어때),https://myseatcheck.com/%eb%9e%9c%eb%8d%94%ec%8a%a4%ed%95%84%eb%93%9c%ed%95%84%eb%93%9c-%eb%a8%b9%ea%b1%b0%eb%a6%ac-1%eb%a3%a8-2%ec%b8%b5/,2026-09-10,PARTIAL,구역 단위 위치. 정확한 매장 좌표 아님,[인천 SSG 랜더스필드] stadium_code: MUNHAK / stadium_name: 인천 SSG 랜더스필드 / home_team: SSG / store_facility: 패밀리푸드존 / zone_location: 1루 2층 / floor: 2층 / side: 1루 / in_stadium_flag: Y / notes: 구역 단위 위치. 정확한 매장 좌표 아님 (공식 확인 전 정보로 정확하지 않을 수 있습니다.)
SC_FOOD_MUNHAK_003,MUNHAK,인천 SSG 랜더스필드,SSG,STATION(새우),1루 2층,2층,1루,Y,UNOFFICIAL,COMMUNITY_SEATVIEW,myseatcheck.com (자리어때),https://myseatcheck.com/%eb%9e%9c%eb%8d%94%ec%8a%a4%ed%95%84%eb%93%9c%ed%95%84%eb%93%9c-%eb%a8%b9%ea%b1%b0%eb%a6%ac-1%eb%a3%a8-2%ec%b8%b5/,2026-09-10,PARTIAL,구역 단위 위치. 정확한 매장 좌표 아님,[인천 SSG 랜더스필드] stadium_code: MUNHAK / stadium_name: 인천 SSG 랜더스필드 / home_team: SSG / store_facility: STATION(새우) / zone_location: 1루 2층 / floor: 2층 / side: 1루 / in_stadium_flag: Y / notes: 구역 단위 위치. 정확한 매장 좌표 아님 (공식 확인 전 정보로 정확하지 않을 수 있습니다.)
SC_FOOD_MUNHAK_004,MUNHAK,인천 SSG 랜더스필드,SSG,노랑통닭,1루 2층,2층,1루,Y,UNOFFICIAL,COMMUNITY_SEATVIEW,myseatcheck.com (자리어때),https://myseatcheck.com/%eb%9e%9c%eb%8d%94%ec%8a%a4%ed%95%84%eb%93%9c%ed%95%84%eb%93%9c-%eb%a8%b9%ea%b1%b0%eb%a6%ac-1%eb%a3%a8-2%ec%b8%b5/,2026-09-10,PARTIAL,구역 단위 위치. 정확한 매장 좌표 아님,[인천 SSG 랜더스필드] stadium_code: MUNHAK / stadium_name: 인천 SSG 랜더스필드 / home_team: SSG / store_facility: 노랑통닭 / zone_location: 1루 2층 / floor: 2층 / side: 1루 / in_stadium_flag: Y / notes: 구역 단위 위치. 정확한 매장 좌표 아님 (공식 확인 전 정보로 정확하지 않을 수 있습니다.)
SC_FOOD_MUNHAK_005,MUNHAK,인천 SSG 랜더스필드,SSG,노브랜드버거,1루 2층,2층,1루,Y,UNOFFICIAL,COMMUNITY_SEATVIEW,myseatcheck.com (자리어때),https://myseatcheck.com/%eb%9e%9c%eb%8d%94%ec%8a%a4%ed%95%84%eb%93%9c%ed%95%84%eb%93%9c-%eb%a8%b9%ea%b1%b0%eb%a6%ac-1%eb%a3%a8-2%ec%b8%b5/,2026-09-10,PARTIAL,구역 단위 위치. 정확한 매장 좌표 아님,[인천 SSG 랜더스필드] stadium_code: MUNHAK / stadium_name: 인천 SSG 랜더스필드 / home_team: SSG / store_facility: 노브랜드버거 / zone_location: 1루 2층 / floor: 2층 / side: 1루 / in_stadium_flag: Y / notes: 구역 단위 위치. 정확한 매장 좌표 아님 (공식 확인 전 정보로 정확하지 않을 수 있습니다.)
SC_FOOD_MUNHAK_006,MUNHAK,인천 SSG 랜더스필드,SSG,몬칩팩토리,1루 2층,2층,1루,Y,UNOFFICIAL,COMMUNITY_SEATVIEW,myseatcheck.com (자리어때),https://myseatcheck.com/%eb%9e%9c%eb%8d%94%ec%8a%a4%ed%95%84%eb%93%9c%ed%95%84%eb%93%9c-%eb%a8%b9%ea%b1%b0%eb%a6%ac-1%eb%a3%a8-2%ec%b8%b5/,2026-09-10,PARTIAL,구역 단위 위치. 정확한 매장 좌표 아님,[인천 SSG 랜더스필드] stadium_code: MUNHAK / stadium_name: 인천 SSG 랜더스필드 / home_team: SSG / store_facility: 몬칩팩토리 / zone_location: 1루 2층 / floor: 2층 / side: 1루 / in_stadium_flag: Y / notes: 구역 단위 위치. 정확한 매장 좌표 아님 (공식 확인 전 정보로 정확하지 않을 수 있습니다.)
SC_FOOD_MUNHAK_007,MUNHAK,인천 SSG 랜더스필드,SSG,문학철판삼겹,1루 2층,2층,1루,Y,UNOFFICIAL,COMMUNITY_SEATVIEW,myseatcheck.com (자리어때),https://myseatcheck.com/%eb%9e%9c%eb%8d%94%ec%8a%a4%ed%95%84%eb%93%9c%ed%95%84%eb%93%9c-%eb%a8%b9%ea%b1%b0%eb%a6%ac-1%eb%a3%a8-2%ec%b8%b5/,2026-09-10,PARTIAL,구역 단위 위치. 정확한 매장 좌표 아님,[인천 SSG 랜더스필드] stadium_code: MUNHAK / stadium_name: 인천 SSG 랜더스필드 / home_team: SSG / store_facility: 문학철판삼겹 / zone_location: 1루 2층 / floor: 2층 / side: 1루 / in_stadium_flag: Y / notes: 구역 단위 위치. 정확한 매장 좌표 아님 (공식 확인 전 정보로 정확하지 않을 수 있습니다.)
SC_FOOD_MUNHAK_008,MUNHAK,인천 SSG 랜더스필드,SSG,스타벅스,1루 2층,2층,1루,Y,UNOFFICIAL,COMMUNITY_SEATVIEW,myseatcheck.com (자리어때),https://myseatcheck.com/%eb%9e%9c%eb%8d%94%ec%8a%a4%ed%95%84%eb%93%9c%ed%95%84%eb%93%9c-%eb%a8%b9%ea%b1%b0%eb%a6%ac-1%eb%a3%a8-2%ec%b8%b5/,2026-09-10,PARTIAL,구역 단위 위치. 정확한 매장 좌표 아님,[인천 SSG 랜더스필드] stadium_code: MUNHAK / stadium_name: 인천 SSG 랜더스필드 / home_team: SSG / store_facility: 스타벅스 / zone_location: 1루 2층 / floor: 2층 / side: 1루 / in_stadium_flag: Y / notes: 구역 단위 위치. 정확한 매장 좌표 아님 (공식 확인 전 정보로 정확하지 않을 수 있습니다.)
SC_FOOD_MUNHAK_009,MUNHAK,인천 SSG 랜더스필드,SSG,"스테이크, 새우",1루 2층,2층,1루,Y,UNOFFICIAL,COMMUNITY_SEATVIEW,myseatcheck.com (자리어때),https://myseatcheck.com/%eb%9e%9c%eb%8d%94%ec%8a%a4%ed%95%84%eb%93%9c%ed%95%84%eb%93%9c-%eb%a8%b9%ea%b1%b0%eb%a6%ac-1%eb%a3%a8-2%ec%b8%b5/,2026-09-10,PARTIAL,구역 단위 위치. 정확한 매장 좌표 아님,"[인천 SSG 랜더스필드] stadium_code: MUNHAK / stadium_name: 인천 SSG 랜더스필드 / home_team: SSG / store_facility: 스테이크, 새우 / zone_location: 1루 2층 / floor: 2층 / side: 1루 / in_stadium_flag: Y / notes: 구역 단위 위치. 정확한 매장 좌표 아님 (공식 확인 전 정보로 정확하지 않을 수 있습니다.)"
SC_FOOD_MUNHAK_010,MUNHAK,인천 SSG 랜더스필드,SSG,커빙,1루 2층,2층,1루,Y,UNOFFICIAL,COMMUNITY_SEATVIEW,myseatcheck.com (자리어때),https://myseatcheck.com/%eb%9e%9c%eb%8d%94%ec%8a%a4%ed%95%84%eb%93%9c%ed%95%84%eb%93%9c-%eb%a8%b9%ea%b1%b0%eb%a6%ac-1%eb%a3%a8-2%ec%b8%b5/,2026-09-10,PARTIAL,구역 단위 위치. 정확한 매장 좌표 아님,[인천 SSG 랜더스필드] stadium_code: MUNHAK / stadium_name: 인천 SSG 랜더스필드 / home_team: SSG / store_facility: 커빙 / zone_location: 1루 2층 / floor: 2층 / side: 1루 / in_stadium_flag: Y / notes: 구역 단위 위치. 정확한 매장 좌표 아님 (공식 확인 전 정보로 정확하지 않을 수 있습니다.)
SC_FOOD_MUNHAK_011,MUNHAK,인천 SSG 랜더스필드,SSG,크리스피도넛,1루 2층,2층,1루,Y,UNOFFICIAL,COMMUNITY_SEATVIEW,myseatcheck.com (자리어때),https://myseatcheck.com/%eb%9e%9c%eb%8d%94%ec%8a%a4%ed%95%84%eb%93%9c%ed%95%84%eb%93%9c-%eb%a8%b9%ea%b1%b0%eb%a6%ac-1%eb%a3%a8-2%ec%b8%b5/,2026-09-10,PARTIAL,구역 단위 위치. 정확한 매장 좌표 아님,[인천 SSG 랜더스필드] stadium_code: MUNHAK / stadium_name: 인천 SSG 랜더스필드 / home_team: SSG / store_facility: 크리스피도넛 / zone_location: 1루 2층 / floor: 2층 / side: 1루 / in_stadium_flag: Y / notes: 구역 단위 위치. 정확한 매장 좌표 아님 (공식 확인 전 정보로 정확하지 않을 수 있습니다.)
SC_FOOD_MUNHAK_012,MUNHAK,인천 SSG 랜더스필드,SSG,허닭 닭강정,1루 2층,2층,1루,Y,UNOFFICIAL,COMMUNITY_SEATVIEW,myseatcheck.com (자리어때),https://myseatcheck.com/%eb%9e%9c%eb%8d%94%ec%8a%a4%ed%95%84%eb%93%9c%ed%95%84%eb%93%9c-%eb%a8%b9%ea%b1%b0%eb%a6%ac-1%eb%a3%a8-2%ec%b8%b5/,2026-09-10,PARTIAL,구역 단위 위치. 정확한 매장 좌표 아님,[인천 SSG 랜더스필드] stadium_code: MUNHAK / stadium_name: 인천 SSG 랜더스필드 / home_team: SSG / store_facility: 허닭 닭강정 / zone_location: 1루 2층 / floor: 2층 / side: 1루 / in_stadium_flag: Y / notes: 구역 단위 위치. 정확한 매장 좌표 아님 (공식 확인 전 정보로 정확하지 않을 수 있습니다.)
SC_FOOD_MUNHAK_013,MUNHAK,인천 SSG 랜더스필드,SSG,우리동네 미미네,1루 4층,4층,1루,Y,UNOFFICIAL,COMMUNITY_SEATVIEW,myseatcheck.com (자리어때),https://myseatcheck.com/%ec%9d%b8%ec%b2%9c-%eb%9e%9c%eb%8d%94%ec%8a%a4%ed%95%84%eb%93%9c-%eb%a8%b9%ea%b1%b0%eb%a6%ac-1%eb%a3%a8-4%ec%b8%b5/,2026-09-10,PARTIAL,구역 단위 위치. 정확한 매장 좌표 아님,[인천 SSG 랜더스필드] stadium_code: MUNHAK / stadium_name: 인천 SSG 랜더스필드 / home_team: SSG / store_facility: 우리동네 미미네 / zone_location: 1루 4층 / floor: 4층 / side: 1루 / in_stadium_flag: Y / notes: 구역 단위 위치. 정확한 매장 좌표 아님 (공식 확인 전 정보로 정확하지 않을 수 있습니다.)
SC_FOOD_MUNHAK_014,MUNHAK,인천 SSG 랜더스필드,SSG,파파존스,1루 4층,4층,1루,Y,UNOFFICIAL,COMMUNITY_SEATVIEW,myseatcheck.com (자리어때),https://myseatcheck.com/%ec%9d%b8%ec%b2%9c-%eb%9e%9c%eb%8d%94%ec%8a%a4%ed%95%84%eb%93%9c-%eb%a8%b9%ea%b1%b0%eb%a6%ac-1%eb%a3%a8-4%ec%b8%b5/,2026-09-10,PARTIAL,구역 단위 위치. 정확한 매장 좌표 아님,[인천 SSG 랜더스필드] stadium_code: MUNHAK / stadium_name: 인천 SSG 랜더스필드 / home_team: SSG / store_facility: 파파존스 / zone_location: 1루 4층 / floor: 4층 / side: 1루 / in_stadium_flag: Y / notes: 구역 단위 위치. 정확한 매장 좌표 아님 (공식 확인 전 정보로 정확하지 않을 수 있습니다.)
SC_FOOD_MUNHAK_015,MUNHAK,인천 SSG 랜더스필드,SSG,먹거리 분식,3루 2층,2층,3루,Y,UNOFFICIAL,COMMUNITY_SEATVIEW,myseatcheck.com (자리어때),https://myseatcheck.com/%ec%9d%b8%ec%b2%9c-%eb%9e%9c%eb%8d%94%ec%8a%a4%ed%95%84%eb%93%9c%ed%95%84%eb%93%9c-%eb%a8%b9%ea%b1%b0%eb%a6%ac-3%eb%a3%a8-2%ec%b8%b5/,2026-09-10,PARTIAL,구역 단위 위치. 정확한 매장 좌표 아님,[인천 SSG 랜더스필드] stadium_code: MUNHAK / stadium_name: 인천 SSG 랜더스필드 / home_team: SSG / store_facility: 먹거리 분식 / zone_location: 3루 2층 / floor: 2층 / side: 3루 / in_stadium_flag: Y / notes: 구역 단위 위치. 정확한 매장 좌표 아님 (공식 확인 전 정보로 정확하지 않을 수 있습니다.)
SC_FOOD_MUNHAK_016,MUNHAK,인천 SSG 랜더스필드,SSG,쌈빠치킨,3루 2층,2층,3루,Y,UNOFFICIAL,COMMUNITY_SEATVIEW,myseatcheck.com (자리어때),https://myseatcheck.com/%ec%9d%b8%ec%b2%9c-%eb%9e%9c%eb%8d%94%ec%8a%a4%ed%95%84%eb%93%9c%ed%95%84%eb%93%9c-%eb%a8%b9%ea%b1%b0%eb%a6%ac-3%eb%a3%a8-2%ec%b8%b5/,2026-09-10,PARTIAL,구역 단위 위치. 정확한 매장 좌표 아님,[인천 SSG 랜더스필드] stadium_code: MUNHAK / stadium_name: 인천 SSG 랜더스필드 / home_team: SSG / store_facility: 쌈빠치킨 / zone_location: 3루 2층 / floor: 2층 / side: 3루 / in_stadium_flag: Y / notes: 구역 단위 위치. 정확한 매장 좌표 아님 (공식 확인 전 정보로 정확하지 않을 수 있습니다.)
SC_FOOD_MUNHAK_017,MUNHAK,인천 SSG 랜더스필드,SSG,이마트24,3루 2층,2층,3루,Y,UNOFFICIAL,COMMUNITY_SEATVIEW,myseatcheck.com (자리어때),https://myseatcheck.com/%ec%9d%b8%ec%b2%9c-%eb%9e%9c%eb%8d%94%ec%8a%a4%ed%95%84%eb%93%9c%ed%95%84%eb%93%9c-%eb%a8%b9%ea%b1%b0%eb%a6%ac-3%eb%a3%a8-2%ec%b8%b5/,2026-09-10,PARTIAL,구역 단위 위치. 정확한 매장 좌표 아님,[인천 SSG 랜더스필드] stadium_code: MUNHAK / stadium_name: 인천 SSG 랜더스필드 / home_team: SSG / store_facility: 이마트24 / zone_location: 3루 2층 / floor: 2층 / side: 3루 / in_stadium_flag: Y / notes: 구역 단위 위치. 정확한 매장 좌표 아님 (공식 확인 전 정보로 정확하지 않을 수 있습니다.)
SC_FOOD_MUNHAK_018,MUNHAK,인천 SSG 랜더스필드,SSG,킹콩떡볶이,3루 2층,2층,3루,Y,UNOFFICIAL,COMMUNITY_SEATVIEW,myseatcheck.com (자리어때),https://myseatcheck.com/%ec%9d%b8%ec%b2%9c-%eb%9e%9c%eb%8d%94%ec%8a%a4%ed%95%84%eb%93%9c%ed%95%84%eb%93%9c-%eb%a8%b9%ea%b1%b0%eb%a6%ac-3%eb%a3%a8-2%ec%b8%b5/,2026-09-10,PARTIAL,구역 단위 위치. 정확한 매장 좌표 아님,[인천 SSG 랜더스필드] stadium_code: MUNHAK / stadium_name: 인천 SSG 랜더스필드 / home_team: SSG / store_facility: 킹콩떡볶이 / zone_location: 3루 2층 / floor: 2층 / side: 3루 / in_stadium_flag: Y / notes: 구역 단위 위치. 정확한 매장 좌표 아님 (공식 확인 전 정보로 정확하지 않을 수 있습니다.)
SC_FOOD_MUNHAK_019,MUNHAK,인천 SSG 랜더스필드,SSG,KOPI BALY,3루 2층,2층,3루,Y,UNOFFICIAL,COMMUNITY_SEATVIEW,myseatcheck.com (자리어때),https://myseatcheck.com/%ec%9d%b8%ec%b2%9c-%eb%9e%9c%eb%8d%94%ec%8a%a4%ed%95%84%eb%93%9c%ed%95%84%eb%93%9c-%eb%a8%b9%ea%b1%b0%eb%a6%ac-3%eb%a3%a8-2%ec%b8%b5/,2026-09-10,PARTIAL,구역 단위 위치. 정확한 매장 좌표 아님,[인천 SSG 랜더스필드] stadium_code: MUNHAK / stadium_name: 인천 SSG 랜더스필드 / home_team: SSG / store_facility: KOPI BALY / zone_location: 3루 2층 / floor: 2층 / side: 3루 / in_stadium_flag: Y / notes: 구역 단위 위치. 정확한 매장 좌표 아님 (공식 확인 전 정보로 정확하지 않을 수 있습니다.)
SC_FOOD_MUNHAK_020,MUNHAK,인천 SSG 랜더스필드,SSG,자담치킨,3루 2층,2층,3루,Y,UNOFFICIAL,COMMUNITY_SEATVIEW,myseatcheck.com (자리어때),https://myseatcheck.com/%ec%9d%b8%ec%b2%9c-%eb%9e%9c%eb%8d%94%ec%8a%a4%ed%95%84%eb%93%9c%ed%95%84%eb%93%9c-%eb%a8%b9%ea%b1%b0%eb%a6%ac-3%eb%a3%a8-2%ec%b8%b5/,2026-09-10,PARTIAL,구역 단위 위치. 정확한 매장 좌표 아님,[인천 SSG 랜더스필드] stadium_code: MUNHAK / stadium_name: 인천 SSG 랜더스필드 / home_team: SSG / store_facility: 자담치킨 / zone_location: 3루 2층 / floor: 2층 / side: 3루 / in_stadium_flag: Y / notes: 구역 단위 위치. 정확한 매장 좌표 아님 (공식 확인 전 정보로 정확하지 않을 수 있습니다.)
SC_FOOD_MUNHAK_021,MUNHAK,인천 SSG 랜더스필드,SSG,우리동네 미미네,3루 4층,4층,3루,Y,UNOFFICIAL,COMMUNITY_SEATVIEW,myseatcheck.com (자리어때),https://myseatcheck.com/%ec%9d%b8%ec%b2%9c-%eb%9e%9c%eb%8d%94%ec%8a%a4%ed%95%84%eb%93%9c-%eb%a8%b9%ea%b1%b0%eb%a6%ac-3%eb%a3%a8-4%ec%b8%b5/,2026-09-10,PARTIAL,구역 단위 위치. 정확한 매장 좌표 아님,[인천 SSG 랜더스필드] stadium_code: MUNHAK / stadium_name: 인천 SSG 랜더스필드 / home_team: SSG / store_facility: 우리동네 미미네 / zone_location: 3루 4층 / floor: 4층 / side: 3루 / in_stadium_flag: Y / notes: 구역 단위 위치. 정확한 매장 좌표 아님 (공식 확인 전 정보로 정확하지 않을 수 있습니다.)
SC_FOOD_MUNHAK_022,MUNHAK,인천 SSG 랜더스필드,SSG,반올림피자,3루 4층,4층,3루,Y,UNOFFICIAL,COMMUNITY_SEATVIEW,myseatcheck.com (자리어때),https://myseatcheck.com/%ec%9d%b8%ec%b2%9c-%eb%9e%9c%eb%8d%94%ec%8a%a4%ed%95%84%eb%93%9c-%eb%a8%b9%ea%b1%b0%eb%a6%ac-3%eb%a3%a8-4%ec%b8%b5/,2026-09-10,PARTIAL,구역 단위 위치. 정확한 매장 좌표 아님,[인천 SSG 랜더스필드] stadium_code: MUNHAK / stadium_name: 인천 SSG 랜더스필드 / home_team: SSG / store_facility: 반올림피자 / zone_location: 3루 4층 / floor: 4층 / side: 3루 / in_stadium_flag: Y / notes: 구역 단위 위치. 정확한 매장 좌표 아님 (공식 확인 전 정보로 정확하지 않을 수 있습니다.)
SC_FOOD_MUNHAK_023,MUNHAK,인천 SSG 랜더스필드,SSG,"BHC, 드림마켓",중앙~1루 1층,1층,중앙~1루,Y,UNOFFICIAL,COMMUNITY_SEATVIEW,myseatcheck.com (자리어때),https://myseatcheck.com/%ec%9d%b8%ec%b2%9c-%eb%9e%9c%eb%8d%94%ec%8a%a4%ed%95%84%eb%93%9c-%eb%a8%b9%ea%b1%b0%eb%a6%ac-1%eb%a3%a8-3%ec%b8%b5/,2026-09-10,PARTIAL,구역 단위 위치. 정확한 매장 좌표 아님,"[인천 SSG 랜더스필드] stadium_code: MUNHAK / stadium_name: 인천 SSG 랜더스필드 / home_team: SSG / store_facility: BHC, 드림마켓 / zone_location: 중앙~1루 1층 / floor: 1층 / side: 중앙~1루 / in_stadium_flag: Y / notes: 구역 단위 위치. 정확한 매장 좌표 아님 (공식 확인 전 정보로 정확하지 않을 수 있습니다.)"
SC_FOOD_MUNHAK_024,MUNHAK,인천 SSG 랜더스필드,SSG,스타벅스,중앙~1루 1층,1층,중앙~1루,Y,UNOFFICIAL,COMMUNITY_SEATVIEW,myseatcheck.com (자리어때),https://myseatcheck.com/%ec%9d%b8%ec%b2%9c-%eb%9e%9c%eb%8d%94%ec%8a%a4%ed%95%84%eb%93%9c-%eb%a8%b9%ea%b1%b0%eb%a6%ac-1%eb%a3%a8-3%ec%b8%b5/,2026-09-10,PARTIAL,구역 단위 위치. 정확한 매장 좌표 아님,[인천 SSG 랜더스필드] stadium_code: MUNHAK / stadium_name: 인천 SSG 랜더스필드 / home_team: SSG / store_facility: 스타벅스 / zone_location: 중앙~1루 1층 / floor: 1층 / side: 중앙~1루 / in_stadium_flag: Y / notes: 구역 단위 위치. 정확한 매장 좌표 아님 (공식 확인 전 정보로 정확하지 않을 수 있습니다.)
SC_FOOD_MUNHAK_025,MUNHAK,인천 SSG 랜더스필드,SSG,스트릿츄러스,중앙~1루 1층,1층,중앙~1루,Y,UNOFFICIAL,COMMUNITY_SEATVIEW,myseatcheck.com (자리어때),https://myseatcheck.com/%ec%9d%b8%ec%b2%9c-%eb%9e%9c%eb%8d%94%ec%8a%a4%ed%95%84%eb%93%9c-%eb%a8%b9%ea%b1%b0%eb%a6%ac-1%eb%a3%a8-3%ec%b8%b5/,2026-09-10,PARTIAL,구역 단위 위치. 정확한 매장 좌표 아님,[인천 SSG 랜더스필드] stadium_code: MUNHAK / stadium_name: 인천 SSG 랜더스필드 / home_team: SSG / store_facility: 스트릿츄러스 / zone_location: 중앙~1루 1층 / floor: 1층 / side: 중앙~1루 / in_stadium_flag: Y / notes: 구역 단위 위치. 정확한 매장 좌표 아님 (공식 확인 전 정보로 정확하지 않을 수 있습니다.)
SC_FOOD_MUNHAK_026,MUNHAK,인천 SSG 랜더스필드,SSG,PICK ME 31,중앙~1루 1층,1층,중앙~1루,Y,UNOFFICIAL,COMMUNITY_SEATVIEW,myseatcheck.com (자리어때),https://myseatcheck.com/%ec%9d%b8%ec%b2%9c-%eb%9e%9c%eb%8d%94%ec%8a%a4%ed%95%84%eb%93%9c-%eb%a8%b9%ea%b1%b0%eb%a6%ac-1%eb%a3%a8-3%ec%b8%b5/,2026-09-10,PARTIAL,구역 단위 위치. 정확한 매장 좌표 아님,[인천 SSG 랜더스필드] stadium_code: MUNHAK / stadium_name: 인천 SSG 랜더스필드 / home_team: SSG / store_facility: PICK ME 31 / zone_location: 중앙~1루 1층 / floor: 1층 / side: 중앙~1루 / in_stadium_flag: Y / notes: 구역 단위 위치. 정확한 매장 좌표 아님 (공식 확인 전 정보로 정확하지 않을 수 있습니다.)
SC_FOOD_MUNHAK_027,MUNHAK,인천 SSG 랜더스필드,SSG,T mart,중앙~1루 1층,1층,중앙~1루,Y,UNOFFICIAL,COMMUNITY_SEATVIEW,myseatcheck.com (자리어때),https://myseatcheck.com/%ec%9d%b8%ec%b2%9c-%eb%9e%9c%eb%8d%94%ec%8a%a4%ed%95%84%eb%93%9c-%eb%a8%b9%ea%b1%b0%eb%a6%ac-1%eb%a3%a8-3%ec%b8%b5/,2026-09-10,PARTIAL,구역 단위 위치. 정확한 매장 좌표 아님,[인천 SSG 랜더스필드] stadium_code: MUNHAK / stadium_name: 인천 SSG 랜더스필드 / home_team: SSG / store_facility: T mart / zone_location: 중앙~1루 1층 / floor: 1층 / side: 중앙~1루 / in_stadium_flag: Y / notes: 구역 단위 위치. 정확한 매장 좌표 아님 (공식 확인 전 정보로 정확하지 않을 수 있습니다.)
SC_FOOD_MUNHAK_028,MUNHAK,인천 SSG 랜더스필드,SSG,국대떡볶이,중앙~1루 1층,1층,중앙~1루,Y,UNOFFICIAL,COMMUNITY_SEATVIEW,myseatcheck.com (자리어때),https://myseatcheck.com/%ec%9d%b8%ec%b2%9c-%eb%9e%9c%eb%8d%94%ec%8a%a4%ed%95%84%eb%93%9c-%eb%a8%b9%ea%b1%b0%eb%a6%ac-1%eb%a3%a8-3%ec%b8%b5/,2026-09-10,PARTIAL,구역 단위 위치. 정확한 매장 좌표 아님,[인천 SSG 랜더스필드] stadium_code: MUNHAK / stadium_name: 인천 SSG 랜더스필드 / home_team: SSG / store_facility: 국대떡볶이 / zone_location: 중앙~1루 1층 / floor: 1층 / side: 중앙~1루 / in_stadium_flag: Y / notes: 구역 단위 위치. 정확한 매장 좌표 아님 (공식 확인 전 정보로 정확하지 않을 수 있습니다.)
SC_FOOD_MUNHAK_029,MUNHAK,인천 SSG 랜더스필드,SSG,버거 원더스,중앙~1루 1층,1층,중앙~1루,Y,UNOFFICIAL,COMMUNITY_SEATVIEW,myseatcheck.com (자리어때),https://myseatcheck.com/%ec%9d%b8%ec%b2%9c-%eb%9e%9c%eb%8d%94%ec%8a%a4%ed%95%84%eb%93%9c-%eb%a8%b9%ea%b1%b0%eb%a6%ac-1%eb%a3%a8-3%ec%b8%b5/,2026-09-10,PARTIAL,구역 단위 위치. 정확한 매장 좌표 아님,[인천 SSG 랜더스필드] stadium_code: MUNHAK / stadium_name: 인천 SSG 랜더스필드 / home_team: SSG / store_facility: 버거 원더스 / zone_location: 중앙~1루 1층 / floor: 1층 / side: 중앙~1루 / in_stadium_flag: Y / notes: 구역 단위 위치. 정확한 매장 좌표 아님 (공식 확인 전 정보로 정확하지 않을 수 있습니다.)
SC_FOOD_MUNHAK_030,MUNHAK,인천 SSG 랜더스필드,SSG,우리동네 미미네,중앙~1루 1층,1층,중앙~1루,Y,UNOFFICIAL,COMMUNITY_SEATVIEW,myseatcheck.com (자리어때),https://myseatcheck.com/%ec%9d%b8%ec%b2%9c-%eb%9e%9c%eb%8d%94%ec%8a%a4%ed%95%84%eb%93%9c-%eb%a8%b9%ea%b1%b0%eb%a6%ac-1%eb%a3%a8-3%ec%b8%b5/,2026-09-10,PARTIAL,구역 단위 위치. 정확한 매장 좌표 아님,[인천 SSG 랜더스필드] stadium_code: MUNHAK / stadium_name: 인천 SSG 랜더스필드 / home_team: SSG / store_facility: 우리동네 미미네 / zone_location: 중앙~1루 1층 / floor: 1층 / side: 중앙~1루 / in_stadium_flag: Y / notes: 구역 단위 위치. 정확한 매장 좌표 아님 (공식 확인 전 정보로 정확하지 않을 수 있습니다.)
SC_FOOD_MUNHAK_031,MUNHAK,인천 SSG 랜더스필드,SSG,이마트24,중앙~1루 1층,1층,중앙~1루,Y,UNOFFICIAL,COMMUNITY_SEATVIEW,myseatcheck.com (자리어때),https://myseatcheck.com/%ec%9d%b8%ec%b2%9c-%eb%9e%9c%eb%8d%94%ec%8a%a4%ed%95%84%eb%93%9c-%eb%a8%b9%ea%b1%b0%eb%a6%ac-1%eb%a3%a8-3%ec%b8%b5/,2026-09-10,PARTIAL,구역 단위 위치. 정확한 매장 좌표 아님,[인천 SSG 랜더스필드] stadium_code: MUNHAK / stadium_name: 인천 SSG 랜더스필드 / home_team: SSG / store_facility: 이마트24 / zone_location: 중앙~1루 1층 / floor: 1층 / side: 중앙~1루 / in_stadium_flag: Y / notes: 구역 단위 위치. 정확한 매장 좌표 아님 (공식 확인 전 정보로 정확하지 않을 수 있습니다.)
SC_FOOD_MUNHAK_032,MUNHAK,인천 SSG 랜더스필드,SSG,푸라닭,중앙~3루 1층,1층,중앙~3루,Y,UNOFFICIAL,COMMUNITY_SEATVIEW,myseatcheck.com (자리어때),https://myseatcheck.com/%ec%9d%b8%ec%b2%9c-%eb%9e%9c%eb%8d%94%ec%8a%a4%ed%95%84%eb%93%9c-%eb%a8%b9%ea%b1%b0%eb%a6%ac-%ec%a4%91%ec%95%993%eb%a3%a8-1%ec%b8%b5/,2026-09-10,PARTIAL,구역 단위 위치. 정확한 매장 좌표 아님,[인천 SSG 랜더스필드] stadium_code: MUNHAK / stadium_name: 인천 SSG 랜더스필드 / home_team: SSG / store_facility: 푸라닭 / zone_location: 중앙~3루 1층 / floor: 1층 / side: 중앙~3루 / in_stadium_flag: Y / notes: 구역 단위 위치. 정확한 매장 좌표 아님 (공식 확인 전 정보로 정확하지 않을 수 있습니다.)
SC_FOOD_MUNHAK_033,MUNHAK,인천 SSG 랜더스필드,SSG,북촌손만두,중앙~3루 1층,1층,중앙~3루,Y,UNOFFICIAL,COMMUNITY_SEATVIEW,myseatcheck.com (자리어때),https://myseatcheck.com/%ec%9d%b8%ec%b2%9c-%eb%9e%9c%eb%8d%94%ec%8a%a4%ed%95%84%eb%93%9c-%eb%a8%b9%ea%b1%b0%eb%a6%ac-%ec%a4%91%ec%95%993%eb%a3%a8-1%ec%b8%b5/,2026-09-10,PARTIAL,구역 단위 위치. 정확한 매장 좌표 아님,[인천 SSG 랜더스필드] stadium_code: MUNHAK / stadium_name: 인천 SSG 랜더스필드 / home_team: SSG / store_facility: 북촌손만두 / zone_location: 중앙~3루 1층 / floor: 1층 / side: 중앙~3루 / in_stadium_flag: Y / notes: 구역 단위 위치. 정확한 매장 좌표 아님 (공식 확인 전 정보로 정확하지 않을 수 있습니다.)
SC_FOOD_MUNHAK_034,MUNHAK,인천 SSG 랜더스필드,SSG,오레오츄러스,중앙~3루 1층,1층,중앙~3루,Y,UNOFFICIAL,COMMUNITY_SEATVIEW,myseatcheck.com (자리어때),https://myseatcheck.com/%ec%9d%b8%ec%b2%9c-%eb%9e%9c%eb%8d%94%ec%8a%a4%ed%95%84%eb%93%9c-%eb%a8%b9%ea%b1%b0%eb%a6%ac-%ec%a4%91%ec%95%993%eb%a3%a8-1%ec%b8%b5/,2026-09-10,PARTIAL,구역 단위 위치. 정확한 매장 좌표 아님,[인천 SSG 랜더스필드] stadium_code: MUNHAK / stadium_name: 인천 SSG 랜더스필드 / home_team: SSG / store_facility: 오레오츄러스 / zone_location: 중앙~3루 1층 / floor: 1층 / side: 중앙~3루 / in_stadium_flag: Y / notes: 구역 단위 위치. 정확한 매장 좌표 아님 (공식 확인 전 정보로 정확하지 않을 수 있습니다.)
SC_FOOD_MUNHAK_035,MUNHAK,인천 SSG 랜더스필드,SSG,오사카야끼,중앙~3루 1층,1층,중앙~3루,Y,UNOFFICIAL,COMMUNITY_SEATVIEW,myseatcheck.com (자리어때),https://myseatcheck.com/%ec%9d%b8%ec%b2%9c-%eb%9e%9c%eb%8d%94%ec%8a%a4%ed%95%84%eb%93%9c-%eb%a8%b9%ea%b1%b0%eb%a6%ac-%ec%a4%91%ec%95%993%eb%a3%a8-1%ec%b8%b5/,2026-09-10,PARTIAL,구역 단위 위치. 정확한 매장 좌표 아님,[인천 SSG 랜더스필드] stadium_code: MUNHAK / stadium_name: 인천 SSG 랜더스필드 / home_team: SSG / store_facility: 오사카야끼 / zone_location: 중앙~3루 1층 / floor: 1층 / side: 중앙~3루 / in_stadium_flag: Y / notes: 구역 단위 위치. 정확한 매장 좌표 아님 (공식 확인 전 정보로 정확하지 않을 수 있습니다.)
SC_FOOD_MUNHAK_036,MUNHAK,인천 SSG 랜더스필드,SSG,BHC치킨,외야 2층,2층,외야,Y,UNOFFICIAL,COMMUNITY_SEATVIEW,myseatcheck.com (자리어때),https://myseatcheck.com/%ec%9d%b8%ec%b2%9c-%eb%9e%9c%eb%8d%94%ec%8a%a4%ed%95%84%eb%93%9c-%eb%a8%b9%ea%b1%b0%eb%a6%ac-%ec%99%b8%ec%95%bc-1%eb%a3%a8-2%ec%b8%b5/,2026-09-10,PARTIAL,구역 단위 위치. 정확한 매장 좌표 아님,[인천 SSG 랜더스필드] stadium_code: MUNHAK / stadium_name: 인천 SSG 랜더스필드 / home_team: SSG / store_facility: BHC치킨 / zone_location: 외야 2층 / floor: 2층 / side: 외야 / in_stadium_flag: Y / notes: 구역 단위 위치. 정확한 매장 좌표 아님 (공식 확인 전 정보로 정확하지 않을 수 있습니다.)
SC_FOOD_MUNHAK_037,MUNHAK,인천 SSG 랜더스필드,SSG,크리스피도넛,외야 2층,2층,외야,Y,UNOFFICIAL,COMMUNITY_SEATVIEW,myseatcheck.com (자리어때),https://myseatcheck.com/%ec%9d%b8%ec%b2%9c-%eb%9e%9c%eb%8d%94%ec%8a%a4%ed%95%84%eb%93%9c-%eb%a8%b9%ea%b1%b0%eb%a6%ac-%ec%99%b8%ec%95%bc-1%eb%a3%a8-2%ec%b8%b5/,2026-09-10,PARTIAL,구역 단위 위치. 정확한 매장 좌표 아님,[인천 SSG 랜더스필드] stadium_code: MUNHAK / stadium_name: 인천 SSG 랜더스필드 / home_team: SSG / store_facility: 크리스피도넛 / zone_location: 외야 2층 / floor: 2층 / side: 외야 / in_stadium_flag: Y / notes: 구역 단위 위치. 정확한 매장 좌표 아님 (공식 확인 전 정보로 정확하지 않을 수 있습니다.)
SC_FOOD_MUNHAK_038,MUNHAK,인천 SSG 랜더스필드,SSG,명인만두,외야 2층,2층,외야,Y,UNOFFICIAL,COMMUNITY_SEATVIEW,myseatcheck.com (자리어때),https://myseatcheck.com/%ec%9d%b8%ec%b2%9c-%eb%9e%9c%eb%8d%94%ec%8a%a4%ed%95%84%eb%93%9c-%eb%a8%b9%ea%b1%b0%eb%a6%ac-%ec%99%b8%ec%95%bc-1%eb%a3%a8-2%ec%b8%b5/,2026-09-10,PARTIAL,구역 단위 위치. 정확한 매장 좌표 아님,[인천 SSG 랜더스필드] stadium_code: MUNHAK / stadium_name: 인천 SSG 랜더스필드 / home_team: SSG / store_facility: 명인만두 / zone_location: 외야 2층 / floor: 2층 / side: 외야 / in_stadium_flag: Y / notes: 구역 단위 위치. 정확한 매장 좌표 아님 (공식 확인 전 정보로 정확하지 않을 수 있습니다.)
SC_FOOD_MUNHAK_039,MUNHAK,인천 SSG 랜더스필드,SSG,스트릿츄러스,외야 2층,2층,외야,Y,UNOFFICIAL,COMMUNITY_SEATVIEW,myseatcheck.com (자리어때),https://myseatcheck.com/%ec%9d%b8%ec%b2%9c-%eb%9e%9c%eb%8d%94%ec%8a%a4%ed%95%84%eb%93%9c-%eb%a8%b9%ea%b1%b0%eb%a6%ac-%ec%99%b8%ec%95%bc-1%eb%a3%a8-2%ec%b8%b5/,2026-09-10,PARTIAL,구역 단위 위치. 정확한 매장 좌표 아님,[인천 SSG 랜더스필드] stadium_code: MUNHAK / stadium_name: 인천 SSG 랜더스필드 / home_team: SSG / store_facility: 스트릿츄러스 / zone_location: 외야 2층 / floor: 2층 / side: 외야 / in_stadium_flag: Y / notes: 구역 단위 위치. 정확한 매장 좌표 아님 (공식 확인 전 정보로 정확하지 않을 수 있습니다.)
SC_FOOD_MUNHAK_040,MUNHAK,인천 SSG 랜더스필드,SSG,우이락 고추튀김,외야 2층,2층,외야,Y,UNOFFICIAL,COMMUNITY_SEATVIEW,myseatcheck.com (자리어때),https://myseatcheck.com/%ec%9d%b8%ec%b2%9c-%eb%9e%9c%eb%8d%94%ec%8a%a4%ed%95%84%eb%93%9c-%eb%a8%b9%ea%b1%b0%eb%a6%ac-%ec%99%b8%ec%95%bc-1%eb%a3%a8-2%ec%b8%b5/,2026-09-10,PARTIAL,구역 단위 위치. 정확한 매장 좌표 아님,[인천 SSG 랜더스필드] stadium_code: MUNHAK / stadium_name: 인천 SSG 랜더스필드 / home_team: SSG / store_facility: 우이락 고추튀김 / zone_location: 외야 2층 / floor: 2층 / side: 외야 / in_stadium_flag: Y / notes: 구역 단위 위치. 정확한 매장 좌표 아님 (공식 확인 전 정보로 정확하지 않을 수 있습니다.)
SC_FOOD_MUNHAK_041,MUNHAK,인천 SSG 랜더스필드,SSG,순살싸다리,외야 2층,2층,외야,Y,UNOFFICIAL,COMMUNITY_SEATVIEW,myseatcheck.com (자리어때),https://myseatcheck.com/%ec%9d%b8%ec%b2%9c-%eb%9e%9c%eb%8d%94%ec%8a%a4%ed%95%84%eb%93%9c-%eb%a8%b9%ea%b1%b0%eb%a6%ac-%ec%99%b8%ec%95%bc-1%eb%a3%a8-2%ec%b8%b5/,2026-09-10,PARTIAL,구역 단위 위치. 정확한 매장 좌표 아님,[인천 SSG 랜더스필드] stadium_code: MUNHAK / stadium_name: 인천 SSG 랜더스필드 / home_team: SSG / store_facility: 순살싸다리 / zone_location: 외야 2층 / floor: 2층 / side: 외야 / in_stadium_flag: Y / notes: 구역 단위 위치. 정확한 매장 좌표 아님 (공식 확인 전 정보로 정확하지 않을 수 있습니다.)
SC_FOOD_MUNHAK_042,MUNHAK,인천 SSG 랜더스필드,SSG,블루시드커피,외야 2층,2층,외야,Y,UNOFFICIAL,COMMUNITY_SEATVIEW,myseatcheck.com (자리어때),https://myseatcheck.com/%ec%9d%b8%ec%b2%9c-%eb%9e%9c%eb%8d%94%ec%8a%a4%ed%95%84%eb%93%9c-%eb%a8%b9%ea%b1%b0%eb%a6%ac-%ec%99%b8%ec%95%bc-1%eb%a3%a8-2%ec%b8%b5/,2026-09-10,PARTIAL,구역 단위 위치. 정확한 매장 좌표 아님,[인천 SSG 랜더스필드] stadium_code: MUNHAK / stadium_name: 인천 SSG 랜더스필드 / home_team: SSG / store_facility: 블루시드커피 / zone_location: 외야 2층 / floor: 2층 / side: 외야 / in_stadium_flag: Y / notes: 구역 단위 위치. 정확한 매장 좌표 아님 (공식 확인 전 정보로 정확하지 않을 수 있습니다.)
SC_FOOD_MUNHAK_043,MUNHAK,인천 SSG 랜더스필드,SSG,야구사랑,외야 2층,2층,외야,Y,UNOFFICIAL,COMMUNITY_SEATVIEW,myseatcheck.com (자리어때),https://myseatcheck.com/%ec%9d%b8%ec%b2%9c-%eb%9e%9c%eb%8d%94%ec%8a%a4%ed%95%84%eb%93%9c-%eb%a8%b9%ea%b1%b0%eb%a6%ac-%ec%99%b8%ec%95%bc-1%eb%a3%a8-2%ec%b8%b5/,2026-09-10,PARTIAL,구역 단위 위치. 정확한 매장 좌표 아님,[인천 SSG 랜더스필드] stadium_code: MUNHAK / stadium_name: 인천 SSG 랜더스필드 / home_team: SSG / store_facility: 야구사랑 / zone_location: 외야 2층 / floor: 2층 / side: 외야 / in_stadium_flag: Y / notes: 구역 단위 위치. 정확한 매장 좌표 아님 (공식 확인 전 정보로 정확하지 않을 수 있습니다.)
SC_FOOD_MUNHAK_044,MUNHAK,인천 SSG 랜더스필드,SSG,김치말이국수,외야 2층,2층,외야,Y,UNOFFICIAL,COMMUNITY_SEATVIEW,myseatcheck.com (자리어때),https://myseatcheck.com/%ec%9d%b8%ec%b2%9c-%eb%9e%9c%eb%8d%94%ec%8a%a4%ed%95%84%eb%93%9c-%eb%a8%b9%ea%b1%b0%eb%a6%ac-%ec%99%b8%ec%95%bc-1%eb%a3%a8-2%ec%b8%b5/,2026-09-10,PARTIAL,구역 단위 위치. 정확한 매장 좌표 아님,[인천 SSG 랜더스필드] stadium_code: MUNHAK / stadium_name: 인천 SSG 랜더스필드 / home_team: SSG / store_facility: 김치말이국수 / zone_location: 외야 2층 / floor: 2층 / side: 외야 / in_stadium_flag: Y / notes: 구역 단위 위치. 정확한 매장 좌표 아님 (공식 확인 전 정보로 정확하지 않을 수 있습니다.)
SC_FOOD_MUNHAK_045,MUNHAK,인천 SSG 랜더스필드,SSG,자담치킨,외야 2층,2층,외야,Y,UNOFFICIAL,COMMUNITY_SEATVIEW,myseatcheck.com (자리어때),https://myseatcheck.com/%ec%9d%b8%ec%b2%9c-%eb%9e%9c%eb%8d%94%ec%8a%a4%ed%95%84%eb%93%9c-%eb%a8%b9%ea%b1%b0%eb%a6%ac-%ec%99%b8%ec%95%bc-1%eb%a3%a8-2%ec%b8%b5/,2026-09-10,PARTIAL,구역 단위 위치. 정확한 매장 좌표 아님,[인천 SSG 랜더스필드] stadium_code: MUNHAK / stadium_name: 인천 SSG 랜더스필드 / home_team: SSG / store_facility: 자담치킨 / zone_location: 외야 2층 / floor: 2층 / side: 외야 / in_stadium_flag: Y / notes: 구역 단위 위치. 정확한 매장 좌표 아님 (공식 확인 전 정보로 정확하지 않을 수 있습니다.)
SC_FOOD_MUNHAK_046,MUNHAK,인천 SSG 랜더스필드,SSG,노랑통닭,테이블석 뒷편,,,Y,UNOFFICIAL,COMMUNITY_SEATVIEW,myseatcheck.com (자리어때),https://myseatcheck.com/%ec%9d%b8%ec%b2%9c-%eb%9e%9c%eb%8d%94%ec%8a%a4%ed%95%84%eb%93%9c-%eb%a8%b9%ea%b1%b0%eb%a6%ac-%ed%85%8c%ec%9d%b4%eb%b8%94%ec%84%9d-%eb%92%b7%ed%8e%b8-%eb%85%b8%eb%9e%91%ed%86%b5%eb%8b%ad/,2026-09-10,PARTIAL,구역 단위 위치. 정확한 매장 좌표 아님,[인천 SSG 랜더스필드] stadium_code: MUNHAK / stadium_name: 인천 SSG 랜더스필드 / home_team: SSG / store_facility: 노랑통닭 / zone_location: 테이블석 뒷편 / in_stadium_flag: Y / notes: 구역 단위 위치. 정확한 매장 좌표 아님 (공식 확인 전 정보로 정확하지 않을 수 있습니다.)
SC_FOOD_SUWON_001,SUWON,수원 KT 위즈 파크,KT,끼부리또,1루 2층,2층,1루,Y,UNOFFICIAL,COMMUNITY_SEATVIEW,myseatcheck.com (자리어때),https://myseatcheck.com/%ec%88%98%ec%9b%90-kt%ec%9c%84%ec%a6%88%ed%8c%8c%ed%81%ac-%eb%a8%b9%ea%b1%b0%eb%a6%ac-1%eb%a3%a8-2%ec%b8%b5/,2026-09-10,PARTIAL,구역 단위 위치. 정확한 매장 좌표 아님,[수원 KT 위즈 파크] stadium_code: SUWON / stadium_name: 수원 KT 위즈 파크 / home_team: KT / store_facility: 끼부리또 / zone_location: 1루 2층 / floor: 2층 / side: 1루 / in_stadium_flag: Y / notes: 구역 단위 위치. 정확한 매장 좌표 아님 (공식 확인 전 정보로 정확하지 않을 수 있습니다.)
SC_FOOD_SUWON_002,SUWON,수원 KT 위즈 파크,KT,뉴욕양꼬치,1루 2층,2층,1루,Y,UNOFFICIAL,COMMUNITY_SEATVIEW,myseatcheck.com (자리어때),https://myseatcheck.com/%ec%88%98%ec%9b%90-kt%ec%9c%84%ec%a6%88%ed%8c%8c%ed%81%ac-%eb%a8%b9%ea%b1%b0%eb%a6%ac-1%eb%a3%a8-2%ec%b8%b5/,2026-09-10,PARTIAL,구역 단위 위치. 정확한 매장 좌표 아님,[수원 KT 위즈 파크] stadium_code: SUWON / stadium_name: 수원 KT 위즈 파크 / home_team: KT / store_facility: 뉴욕양꼬치 / zone_location: 1루 2층 / floor: 2층 / side: 1루 / in_stadium_flag: Y / notes: 구역 단위 위치. 정확한 매장 좌표 아님 (공식 확인 전 정보로 정확하지 않을 수 있습니다.)
SC_FOOD_SUWON_003,SUWON,수원 KT 위즈 파크,KT,또리펍,1루 2층,2층,1루,Y,UNOFFICIAL,COMMUNITY_SEATVIEW,myseatcheck.com (자리어때),https://myseatcheck.com/%ec%88%98%ec%9b%90-kt%ec%9c%84%ec%a6%88%ed%8c%8c%ed%81%ac-%eb%a8%b9%ea%b1%b0%eb%a6%ac-1%eb%a3%a8-2%ec%b8%b5/,2026-09-10,PARTIAL,구역 단위 위치. 정확한 매장 좌표 아님,[수원 KT 위즈 파크] stadium_code: SUWON / stadium_name: 수원 KT 위즈 파크 / home_team: KT / store_facility: 또리펍 / zone_location: 1루 2층 / floor: 2층 / side: 1루 / in_stadium_flag: Y / notes: 구역 단위 위치. 정확한 매장 좌표 아님 (공식 확인 전 정보로 정확하지 않을 수 있습니다.)
SC_FOOD_SUWON_004,SUWON,수원 KT 위즈 파크,KT,또리펍(내야),1루 2층,2층,1루,Y,UNOFFICIAL,COMMUNITY_SEATVIEW,myseatcheck.com (자리어때),https://myseatcheck.com/%ec%88%98%ec%9b%90-kt%ec%9c%84%ec%a6%88%ed%8c%8c%ed%81%ac-%eb%a8%b9%ea%b1%b0%eb%a6%ac-1%eb%a3%a8-2%ec%b8%b5/,2026-09-10,PARTIAL,구역 단위 위치. 정확한 매장 좌표 아님,[수원 KT 위즈 파크] stadium_code: SUWON / stadium_name: 수원 KT 위즈 파크 / home_team: KT / store_facility: 또리펍(내야) / zone_location: 1루 2층 / floor: 2층 / side: 1루 / in_stadium_flag: Y / notes: 구역 단위 위치. 정확한 매장 좌표 아님 (공식 확인 전 정보로 정확하지 않을 수 있습니다.)
SC_FOOD_SUWON_005,SUWON,수원 KT 위즈 파크,KT,롯데리아,1루 2층,2층,1루,Y,UNOFFICIAL,COMMUNITY_SEATVIEW,myseatcheck.com (자리어때),https://myseatcheck.com/%ec%88%98%ec%9b%90-kt%ec%9c%84%ec%a6%88%ed%8c%8c%ed%81%ac-%eb%a8%b9%ea%b1%b0%eb%a6%ac-1%eb%a3%a8-2%ec%b8%b5/,2026-09-10,PARTIAL,구역 단위 위치. 정확한 매장 좌표 아님,[수원 KT 위즈 파크] stadium_code: SUWON / stadium_name: 수원 KT 위즈 파크 / home_team: KT / store_facility: 롯데리아 / zone_location: 1루 2층 / floor: 2층 / side: 1루 / in_stadium_flag: Y / notes: 구역 단위 위치. 정확한 매장 좌표 아님 (공식 확인 전 정보로 정확하지 않을 수 있습니다.)
SC_FOOD_SUWON_006,SUWON,수원 KT 위즈 파크,KT,빅카페,1루 2층,2층,1루,Y,UNOFFICIAL,COMMUNITY_SEATVIEW,myseatcheck.com (자리어때),https://myseatcheck.com/%ec%88%98%ec%9b%90-kt%ec%9c%84%ec%a6%88%ed%8c%8c%ed%81%ac-%eb%a8%b9%ea%b1%b0%eb%a6%ac-1%eb%a3%a8-2%ec%b8%b5/,2026-09-10,PARTIAL,구역 단위 위치. 정확한 매장 좌표 아님,[수원 KT 위즈 파크] stadium_code: SUWON / stadium_name: 수원 KT 위즈 파크 / home_team: KT / store_facility: 빅카페 / zone_location: 1루 2층 / floor: 2층 / side: 1루 / in_stadium_flag: Y / notes: 구역 단위 위치. 정확한 매장 좌표 아님 (공식 확인 전 정보로 정확하지 않을 수 있습니다.)
SC_FOOD_SUWON_007,SUWON,수원 KT 위즈 파크,KT,세븐일레븐,1루 2층,2층,1루,Y,UNOFFICIAL,COMMUNITY_SEATVIEW,myseatcheck.com (자리어때),https://myseatcheck.com/%ec%88%98%ec%9b%90-kt%ec%9c%84%ec%a6%88%ed%8c%8c%ed%81%ac-%eb%a8%b9%ea%b1%b0%eb%a6%ac-1%eb%a3%a8-2%ec%b8%b5/,2026-09-10,PARTIAL,구역 단위 위치. 정확한 매장 좌표 아님,[수원 KT 위즈 파크] stadium_code: SUWON / stadium_name: 수원 KT 위즈 파크 / home_team: KT / store_facility: 세븐일레븐 / zone_location: 1루 2층 / floor: 2층 / side: 1루 / in_stadium_flag: Y / notes: 구역 단위 위치. 정확한 매장 좌표 아님 (공식 확인 전 정보로 정확하지 않을 수 있습니다.)
SC_FOOD_SUWON_008,SUWON,수원 KT 위즈 파크,KT,세븐일레븐(내야),1루 2층,2층,1루,Y,UNOFFICIAL,COMMUNITY_SEATVIEW,myseatcheck.com (자리어때),https://myseatcheck.com/%ec%88%98%ec%9b%90-kt%ec%9c%84%ec%a6%88%ed%8c%8c%ed%81%ac-%eb%a8%b9%ea%b1%b0%eb%a6%ac-1%eb%a3%a8-2%ec%b8%b5/,2026-09-10,PARTIAL,구역 단위 위치. 정확한 매장 좌표 아님,[수원 KT 위즈 파크] stadium_code: SUWON / stadium_name: 수원 KT 위즈 파크 / home_team: KT / store_facility: 세븐일레븐(내야) / zone_location: 1루 2층 / floor: 2층 / side: 1루 / in_stadium_flag: Y / notes: 구역 단위 위치. 정확한 매장 좌표 아님 (공식 확인 전 정보로 정확하지 않을 수 있습니다.)
SC_FOOD_SUWON_009,SUWON,수원 KT 위즈 파크,KT,이대로 통삼겹,1루 2층,2층,1루,Y,UNOFFICIAL,COMMUNITY_SEATVIEW,myseatcheck.com (자리어때),https://myseatcheck.com/%ec%88%98%ec%9b%90-kt%ec%9c%84%ec%a6%88%ed%8c%8c%ed%81%ac-%eb%a8%b9%ea%b1%b0%eb%a6%ac-1%eb%a3%a8-2%ec%b8%b5/,2026-09-10,PARTIAL,구역 단위 위치. 정확한 매장 좌표 아님,[수원 KT 위즈 파크] stadium_code: SUWON / stadium_name: 수원 KT 위즈 파크 / home_team: KT / store_facility: 이대로 통삼겹 / zone_location: 1루 2층 / floor: 2층 / side: 1루 / in_stadium_flag: Y / notes: 구역 단위 위치. 정확한 매장 좌표 아님 (공식 확인 전 정보로 정확하지 않을 수 있습니다.)
SC_FOOD_SUWON_010,SUWON,수원 KT 위즈 파크,KT,파파존스,1루 2층,2층,1루,Y,UNOFFICIAL,COMMUNITY_SEATVIEW,myseatcheck.com (자리어때),https://myseatcheck.com/%ec%88%98%ec%9b%90-kt%ec%9c%84%ec%a6%88%ed%8c%8c%ed%81%ac-%eb%a8%b9%ea%b1%b0%eb%a6%ac-1%eb%a3%a8-2%ec%b8%b5/,2026-09-10,PARTIAL,구역 단위 위치. 정확한 매장 좌표 아님,[수원 KT 위즈 파크] stadium_code: SUWON / stadium_name: 수원 KT 위즈 파크 / home_team: KT / store_facility: 파파존스 / zone_location: 1루 2층 / floor: 2층 / side: 1루 / in_stadium_flag: Y / notes: 구역 단위 위치. 정확한 매장 좌표 아님 (공식 확인 전 정보로 정확하지 않을 수 있습니다.)
SC_FOOD_SUWON_011,SUWON,수원 KT 위즈 파크,KT,BHC치킨,중앙~1루 2층,2층,중앙~1루,Y,UNOFFICIAL,COMMUNITY_SEATVIEW,myseatcheck.com (자리어때),https://myseatcheck.com/%ec%88%98%ec%9b%90-kt%ec%9c%84%ec%a6%88%ed%8c%8c%ed%81%ac-%eb%a8%b9%ea%b1%b0%eb%a6%ac-%ec%a4%91%ec%95%991%eb%a3%a8-2%ec%b8%b5/,2026-09-10,PARTIAL,구역 단위 위치. 정확한 매장 좌표 아님,[수원 KT 위즈 파크] stadium_code: SUWON / stadium_name: 수원 KT 위즈 파크 / home_team: KT / store_facility: BHC치킨 / zone_location: 중앙~1루 2층 / floor: 2층 / side: 중앙~1루 / in_stadium_flag: Y / notes: 구역 단위 위치. 정확한 매장 좌표 아님 (공식 확인 전 정보로 정확하지 않을 수 있습니다.)
SC_FOOD_SUWON_012,SUWON,수원 KT 위즈 파크,KT,마성떡볶이,중앙~1루 2층,2층,중앙~1루,Y,UNOFFICIAL,COMMUNITY_SEATVIEW,myseatcheck.com (자리어때),https://myseatcheck.com/%ec%88%98%ec%9b%90-kt%ec%9c%84%ec%a6%88%ed%8c%8c%ed%81%ac-%eb%a8%b9%ea%b1%b0%eb%a6%ac-%ec%a4%91%ec%95%991%eb%a3%a8-2%ec%b8%b5/,2026-09-10,PARTIAL,구역 단위 위치. 정확한 매장 좌표 아님,[수원 KT 위즈 파크] stadium_code: SUWON / stadium_name: 수원 KT 위즈 파크 / home_team: KT / store_facility: 마성떡볶이 / zone_location: 중앙~1루 2층 / floor: 2층 / side: 중앙~1루 / in_stadium_flag: Y / notes: 구역 단위 위치. 정확한 매장 좌표 아님 (공식 확인 전 정보로 정확하지 않을 수 있습니다.)
SC_FOOD_SUWON_013,SUWON,수원 KT 위즈 파크,KT,브뤼셀프라이,중앙~1루 2층,2층,중앙~1루,Y,UNOFFICIAL,COMMUNITY_SEATVIEW,myseatcheck.com (자리어때),https://myseatcheck.com/%ec%88%98%ec%9b%90-kt%ec%9c%84%ec%a6%88%ed%8c%8c%ed%81%ac-%eb%a8%b9%ea%b1%b0%eb%a6%ac-%ec%a4%91%ec%95%991%eb%a3%a8-2%ec%b8%b5/,2026-09-10,PARTIAL,구역 단위 위치. 정확한 매장 좌표 아님,[수원 KT 위즈 파크] stadium_code: SUWON / stadium_name: 수원 KT 위즈 파크 / home_team: KT / store_facility: 브뤼셀프라이 / zone_location: 중앙~1루 2층 / floor: 2층 / side: 중앙~1루 / in_stadium_flag: Y / notes: 구역 단위 위치. 정확한 매장 좌표 아님 (공식 확인 전 정보로 정확하지 않을 수 있습니다.)
SC_FOOD_SUWON_014,SUWON,수원 KT 위즈 파크,KT,츄러스(상단),중앙~1루 2층,2층,중앙~1루,Y,UNOFFICIAL,COMMUNITY_SEATVIEW,myseatcheck.com (자리어때),https://myseatcheck.com/%ec%88%98%ec%9b%90-kt%ec%9c%84%ec%a6%88%ed%8c%8c%ed%81%ac-%eb%a8%b9%ea%b1%b0%eb%a6%ac-%ec%a4%91%ec%95%991%eb%a3%a8-2%ec%b8%b5/,2026-09-10,PARTIAL,구역 단위 위치. 정확한 매장 좌표 아님,[수원 KT 위즈 파크] stadium_code: SUWON / stadium_name: 수원 KT 위즈 파크 / home_team: KT / store_facility: 츄러스(상단) / zone_location: 중앙~1루 2층 / floor: 2층 / side: 중앙~1루 / in_stadium_flag: Y / notes: 구역 단위 위치. 정확한 매장 좌표 아님 (공식 확인 전 정보로 정확하지 않을 수 있습니다.)
SC_FOOD_SUWON_015,SUWON,수원 KT 위즈 파크,KT,"아사히, 기린",중앙~1루 2층,2층,중앙~1루,Y,UNOFFICIAL,COMMUNITY_SEATVIEW,myseatcheck.com (자리어때),https://myseatcheck.com/%ec%88%98%ec%9b%90-kt%ec%9c%84%ec%a6%88%ed%8c%8c%ed%81%ac-%eb%a8%b9%ea%b1%b0%eb%a6%ac-%ec%a4%91%ec%95%991%eb%a3%a8-2%ec%b8%b5/,2026-09-10,PARTIAL,구역 단위 위치. 정확한 매장 좌표 아님,"[수원 KT 위즈 파크] stadium_code: SUWON / stadium_name: 수원 KT 위즈 파크 / home_team: KT / store_facility: 아사히, 기린 / zone_location: 중앙~1루 2층 / floor: 2층 / side: 중앙~1루 / in_stadium_flag: Y / notes: 구역 단위 위치. 정확한 매장 좌표 아님 (공식 확인 전 정보로 정확하지 않을 수 있습니다.)"
SC_FOOD_SUWON_016,SUWON,수원 KT 위즈 파크,KT,오늘의초밥,중앙~1루 2층,2층,중앙~1루,Y,UNOFFICIAL,COMMUNITY_SEATVIEW,myseatcheck.com (자리어때),https://myseatcheck.com/%ec%88%98%ec%9b%90-kt%ec%9c%84%ec%a6%88%ed%8c%8c%ed%81%ac-%eb%a8%b9%ea%b1%b0%eb%a6%ac-%ec%a4%91%ec%95%991%eb%a3%a8-2%ec%b8%b5/,2026-09-10,PARTIAL,구역 단위 위치. 정확한 매장 좌표 아님,[수원 KT 위즈 파크] stadium_code: SUWON / stadium_name: 수원 KT 위즈 파크 / home_team: KT / store_facility: 오늘의초밥 / zone_location: 중앙~1루 2층 / floor: 2층 / side: 중앙~1루 / in_stadium_flag: Y / notes: 구역 단위 위치. 정확한 매장 좌표 아님 (공식 확인 전 정보로 정확하지 않을 수 있습니다.)
SC_FOOD_SUWON_017,SUWON,수원 KT 위즈 파크,KT,완미족발(상단),중앙~1루 2층,2층,중앙~1루,Y,UNOFFICIAL,COMMUNITY_SEATVIEW,myseatcheck.com (자리어때),https://myseatcheck.com/%ec%88%98%ec%9b%90-kt%ec%9c%84%ec%a6%88%ed%8c%8c%ed%81%ac-%eb%a8%b9%ea%b1%b0%eb%a6%ac-%ec%a4%91%ec%95%991%eb%a3%a8-2%ec%b8%b5/,2026-09-10,PARTIAL,구역 단위 위치. 정확한 매장 좌표 아님,[수원 KT 위즈 파크] stadium_code: SUWON / stadium_name: 수원 KT 위즈 파크 / home_team: KT / store_facility: 완미족발(상단) / zone_location: 중앙~1루 2층 / floor: 2층 / side: 중앙~1루 / in_stadium_flag: Y / notes: 구역 단위 위치. 정확한 매장 좌표 아님 (공식 확인 전 정보로 정확하지 않을 수 있습니다.)
SC_FOOD_SUWON_018,SUWON,수원 KT 위즈 파크,KT,웍스터(상단),중앙~1루 2층,2층,중앙~1루,Y,UNOFFICIAL,COMMUNITY_SEATVIEW,myseatcheck.com (자리어때),https://myseatcheck.com/%ec%88%98%ec%9b%90-kt%ec%9c%84%ec%a6%88%ed%8c%8c%ed%81%ac-%eb%a8%b9%ea%b1%b0%eb%a6%ac-%ec%a4%91%ec%95%991%eb%a3%a8-2%ec%b8%b5/,2026-09-10,PARTIAL,구역 단위 위치. 정확한 매장 좌표 아님,[수원 KT 위즈 파크] stadium_code: SUWON / stadium_name: 수원 KT 위즈 파크 / home_team: KT / store_facility: 웍스터(상단) / zone_location: 중앙~1루 2층 / floor: 2층 / side: 중앙~1루 / in_stadium_flag: Y / notes: 구역 단위 위치. 정확한 매장 좌표 아님 (공식 확인 전 정보로 정확하지 않을 수 있습니다.)
SC_FOOD_SUWON_019,SUWON,수원 KT 위즈 파크,KT,토리메로,중앙~1루 2층,2층,중앙~1루,Y,UNOFFICIAL,COMMUNITY_SEATVIEW,myseatcheck.com (자리어때),https://myseatcheck.com/%ec%88%98%ec%9b%90-kt%ec%9c%84%ec%a6%88%ed%8c%8c%ed%81%ac-%eb%a8%b9%ea%b1%b0%eb%a6%ac-%ec%a4%91%ec%95%991%eb%a3%a8-2%ec%b8%b5/,2026-09-10,PARTIAL,구역 단위 위치. 정확한 매장 좌표 아님,[수원 KT 위즈 파크] stadium_code: SUWON / stadium_name: 수원 KT 위즈 파크 / home_team: KT / store_facility: 토리메로 / zone_location: 중앙~1루 2층 / floor: 2층 / side: 중앙~1루 / in_stadium_flag: Y / notes: 구역 단위 위치. 정확한 매장 좌표 아님 (공식 확인 전 정보로 정확하지 않을 수 있습니다.)
SC_FOOD_SUWON_020,SUWON,수원 KT 위즈 파크,KT,땅땅강정,3루 2층,2층,3루,Y,UNOFFICIAL,COMMUNITY_SEATVIEW,myseatcheck.com (자리어때),https://myseatcheck.com/%ec%88%98%ec%9b%90-kt%ec%9c%84%ec%a6%88%ed%8c%8c%ed%81%ac-%eb%a8%b9%ea%b1%b0%eb%a6%ac-3%eb%a3%a8-2%ec%b8%b5/,2026-09-10,PARTIAL,구역 단위 위치. 정확한 매장 좌표 아님,[수원 KT 위즈 파크] stadium_code: SUWON / stadium_name: 수원 KT 위즈 파크 / home_team: KT / store_facility: 땅땅강정 / zone_location: 3루 2층 / floor: 2층 / side: 3루 / in_stadium_flag: Y / notes: 구역 단위 위치. 정확한 매장 좌표 아님 (공식 확인 전 정보로 정확하지 않을 수 있습니다.)
SC_FOOD_SUWON_021,SUWON,수원 KT 위즈 파크,KT,또리펍,3루 2층,2층,3루,Y,UNOFFICIAL,COMMUNITY_SEATVIEW,myseatcheck.com (자리어때),https://myseatcheck.com/%ec%88%98%ec%9b%90-kt%ec%9c%84%ec%a6%88%ed%8c%8c%ed%81%ac-%eb%a8%b9%ea%b1%b0%eb%a6%ac-3%eb%a3%a8-2%ec%b8%b5/,2026-09-10,PARTIAL,구역 단위 위치. 정확한 매장 좌표 아님,[수원 KT 위즈 파크] stadium_code: SUWON / stadium_name: 수원 KT 위즈 파크 / home_team: KT / store_facility: 또리펍 / zone_location: 3루 2층 / floor: 2층 / side: 3루 / in_stadium_flag: Y / notes: 구역 단위 위치. 정확한 매장 좌표 아님 (공식 확인 전 정보로 정확하지 않을 수 있습니다.)
SC_FOOD_SUWON_022,SUWON,수원 KT 위즈 파크,KT,또리펍(내야),3루 2층,2층,3루,Y,UNOFFICIAL,COMMUNITY_SEATVIEW,myseatcheck.com (자리어때),https://myseatcheck.com/%ec%88%98%ec%9b%90-kt%ec%9c%84%ec%a6%88%ed%8c%8c%ed%81%ac-%eb%a8%b9%ea%b1%b0%eb%a6%ac-3%eb%a3%a8-2%ec%b8%b5/,2026-09-10,PARTIAL,구역 단위 위치. 정확한 매장 좌표 아님,[수원 KT 위즈 파크] stadium_code: SUWON / stadium_name: 수원 KT 위즈 파크 / home_team: KT / store_facility: 또리펍(내야) / zone_location: 3루 2층 / floor: 2층 / side: 3루 / in_stadium_flag: Y / notes: 구역 단위 위치. 정확한 매장 좌표 아님 (공식 확인 전 정보로 정확하지 않을 수 있습니다.)
SC_FOOD_SUWON_023,SUWON,수원 KT 위즈 파크,KT,명랑핫도그,3루 2층,2층,3루,Y,UNOFFICIAL,COMMUNITY_SEATVIEW,myseatcheck.com (자리어때),https://myseatcheck.com/%ec%88%98%ec%9b%90-kt%ec%9c%84%ec%a6%88%ed%8c%8c%ed%81%ac-%eb%a8%b9%ea%b1%b0%eb%a6%ac-3%eb%a3%a8-2%ec%b8%b5/,2026-09-10,PARTIAL,구역 단위 위치. 정확한 매장 좌표 아님,[수원 KT 위즈 파크] stadium_code: SUWON / stadium_name: 수원 KT 위즈 파크 / home_team: KT / store_facility: 명랑핫도그 / zone_location: 3루 2층 / floor: 2층 / side: 3루 / in_stadium_flag: Y / notes: 구역 단위 위치. 정확한 매장 좌표 아님 (공식 확인 전 정보로 정확하지 않을 수 있습니다.)
SC_FOOD_SUWON_024,SUWON,수원 KT 위즈 파크,KT,빅카페,3루 2층,2층,3루,Y,UNOFFICIAL,COMMUNITY_SEATVIEW,myseatcheck.com (자리어때),https://myseatcheck.com/%ec%88%98%ec%9b%90-kt%ec%9c%84%ec%a6%88%ed%8c%8c%ed%81%ac-%eb%a8%b9%ea%b1%b0%eb%a6%ac-3%eb%a3%a8-2%ec%b8%b5/,2026-09-10,PARTIAL,구역 단위 위치. 정확한 매장 좌표 아님,[수원 KT 위즈 파크] stadium_code: SUWON / stadium_name: 수원 KT 위즈 파크 / home_team: KT / store_facility: 빅카페 / zone_location: 3루 2층 / floor: 2층 / side: 3루 / in_stadium_flag: Y / notes: 구역 단위 위치. 정확한 매장 좌표 아님 (공식 확인 전 정보로 정확하지 않을 수 있습니다.)
SC_FOOD_SUWON_025,SUWON,수원 KT 위즈 파크,KT,샐러리아,3루 2층,2층,3루,Y,UNOFFICIAL,COMMUNITY_SEATVIEW,myseatcheck.com (자리어때),https://myseatcheck.com/%ec%88%98%ec%9b%90-kt%ec%9c%84%ec%a6%88%ed%8c%8c%ed%81%ac-%eb%a8%b9%ea%b1%b0%eb%a6%ac-3%eb%a3%a8-2%ec%b8%b5/,2026-09-10,PARTIAL,구역 단위 위치. 정확한 매장 좌표 아님,[수원 KT 위즈 파크] stadium_code: SUWON / stadium_name: 수원 KT 위즈 파크 / home_team: KT / store_facility: 샐러리아 / zone_location: 3루 2층 / floor: 2층 / side: 3루 / in_stadium_flag: Y / notes: 구역 단위 위치. 정확한 매장 좌표 아님 (공식 확인 전 정보로 정확하지 않을 수 있습니다.)
SC_FOOD_SUWON_026,SUWON,수원 KT 위즈 파크,KT,샤오마라,3루 2층,2층,3루,Y,UNOFFICIAL,COMMUNITY_SEATVIEW,myseatcheck.com (자리어때),https://myseatcheck.com/%ec%88%98%ec%9b%90-kt%ec%9c%84%ec%a6%88%ed%8c%8c%ed%81%ac-%eb%a8%b9%ea%b1%b0%eb%a6%ac-3%eb%a3%a8-2%ec%b8%b5/,2026-09-10,PARTIAL,구역 단위 위치. 정확한 매장 좌표 아님,[수원 KT 위즈 파크] stadium_code: SUWON / stadium_name: 수원 KT 위즈 파크 / home_team: KT / store_facility: 샤오마라 / zone_location: 3루 2층 / floor: 2층 / side: 3루 / in_stadium_flag: Y / notes: 구역 단위 위치. 정확한 매장 좌표 아님 (공식 확인 전 정보로 정확하지 않을 수 있습니다.)
SC_FOOD_SUWON_027,SUWON,수원 KT 위즈 파크,KT,세븐일레븐,3루 2층,2층,3루,Y,UNOFFICIAL,COMMUNITY_SEATVIEW,myseatcheck.com (자리어때),https://myseatcheck.com/%ec%88%98%ec%9b%90-kt%ec%9c%84%ec%a6%88%ed%8c%8c%ed%81%ac-%eb%a8%b9%ea%b1%b0%eb%a6%ac-3%eb%a3%a8-2%ec%b8%b5/,2026-09-10,PARTIAL,구역 단위 위치. 정확한 매장 좌표 아님,[수원 KT 위즈 파크] stadium_code: SUWON / stadium_name: 수원 KT 위즈 파크 / home_team: KT / store_facility: 세븐일레븐 / zone_location: 3루 2층 / floor: 2층 / side: 3루 / in_stadium_flag: Y / notes: 구역 단위 위치. 정확한 매장 좌표 아님 (공식 확인 전 정보로 정확하지 않을 수 있습니다.)
SC_FOOD_SUWON_028,SUWON,수원 KT 위즈 파크,KT,쉬림프쉐프,3루 2층,2층,3루,Y,UNOFFICIAL,COMMUNITY_SEATVIEW,myseatcheck.com (자리어때),https://myseatcheck.com/%ec%88%98%ec%9b%90-kt%ec%9c%84%ec%a6%88%ed%8c%8c%ed%81%ac-%eb%a8%b9%ea%b1%b0%eb%a6%ac-3%eb%a3%a8-2%ec%b8%b5/,2026-09-10,PARTIAL,구역 단위 위치. 정확한 매장 좌표 아님,[수원 KT 위즈 파크] stadium_code: SUWON / stadium_name: 수원 KT 위즈 파크 / home_team: KT / store_facility: 쉬림프쉐프 / zone_location: 3루 2층 / floor: 2층 / side: 3루 / in_stadium_flag: Y / notes: 구역 단위 위치. 정확한 매장 좌표 아님 (공식 확인 전 정보로 정확하지 않을 수 있습니다.)
SC_FOOD_SUWON_029,SUWON,수원 KT 위즈 파크,KT,작은동경,3루 2층,2층,3루,Y,UNOFFICIAL,COMMUNITY_SEATVIEW,myseatcheck.com (자리어때),https://myseatcheck.com/%ec%88%98%ec%9b%90-kt%ec%9c%84%ec%a6%88%ed%8c%8c%ed%81%ac-%eb%a8%b9%ea%b1%b0%eb%a6%ac-3%eb%a3%a8-2%ec%b8%b5/,2026-09-10,PARTIAL,구역 단위 위치. 정확한 매장 좌표 아님,[수원 KT 위즈 파크] stadium_code: SUWON / stadium_name: 수원 KT 위즈 파크 / home_team: KT / store_facility: 작은동경 / zone_location: 3루 2층 / floor: 2층 / side: 3루 / in_stadium_flag: Y / notes: 구역 단위 위치. 정확한 매장 좌표 아님 (공식 확인 전 정보로 정확하지 않을 수 있습니다.)
SC_FOOD_SUWON_030,SUWON,수원 KT 위즈 파크,KT,메가닭꼬치,중앙~3루 2층,2층,중앙~3루,Y,UNOFFICIAL,COMMUNITY_SEATVIEW,myseatcheck.com (자리어때),https://myseatcheck.com/%ec%88%98%ec%9b%90-kt%ec%9c%84%ec%a6%88%ed%8c%8c%ed%81%ac-%eb%a8%b9%ea%b1%b0%eb%a6%ac-%ec%a4%91%ec%95%993%eb%a3%a8-2%ec%b8%b5/,2026-09-10,PARTIAL,구역 단위 위치. 정확한 매장 좌표 아님,[수원 KT 위즈 파크] stadium_code: SUWON / stadium_name: 수원 KT 위즈 파크 / home_team: KT / store_facility: 메가닭꼬치 / zone_location: 중앙~3루 2층 / floor: 2층 / side: 중앙~3루 / in_stadium_flag: Y / notes: 구역 단위 위치. 정확한 매장 좌표 아님 (공식 확인 전 정보로 정확하지 않을 수 있습니다.)
SC_FOOD_SUWON_031,SUWON,수원 KT 위즈 파크,KT,보영만두,중앙~3루 2층,2층,중앙~3루,Y,UNOFFICIAL,COMMUNITY_SEATVIEW,myseatcheck.com (자리어때),https://myseatcheck.com/%ec%88%98%ec%9b%90-kt%ec%9c%84%ec%a6%88%ed%8c%8c%ed%81%ac-%eb%a8%b9%ea%b1%b0%eb%a6%ac-%ec%a4%91%ec%95%993%eb%a3%a8-2%ec%b8%b5/,2026-09-10,PARTIAL,구역 단위 위치. 정확한 매장 좌표 아님,[수원 KT 위즈 파크] stadium_code: SUWON / stadium_name: 수원 KT 위즈 파크 / home_team: KT / store_facility: 보영만두 / zone_location: 중앙~3루 2층 / floor: 2층 / side: 중앙~3루 / in_stadium_flag: Y / notes: 구역 단위 위치. 정확한 매장 좌표 아님 (공식 확인 전 정보로 정확하지 않을 수 있습니다.)
SC_FOOD_SUWON_032,SUWON,수원 KT 위즈 파크,KT,본수원갈비,중앙~3루 2층,2층,중앙~3루,Y,UNOFFICIAL,COMMUNITY_SEATVIEW,myseatcheck.com (자리어때),https://myseatcheck.com/%ec%88%98%ec%9b%90-kt%ec%9c%84%ec%a6%88%ed%8c%8c%ed%81%ac-%eb%a8%b9%ea%b1%b0%eb%a6%ac-%ec%a4%91%ec%95%993%eb%a3%a8-2%ec%b8%b5/,2026-09-10,PARTIAL,구역 단위 위치. 정확한 매장 좌표 아님,[수원 KT 위즈 파크] stadium_code: SUWON / stadium_name: 수원 KT 위즈 파크 / home_team: KT / store_facility: 본수원갈비 / zone_location: 중앙~3루 2층 / floor: 2층 / side: 중앙~3루 / in_stadium_flag: Y / notes: 구역 단위 위치. 정확한 매장 좌표 아님 (공식 확인 전 정보로 정확하지 않을 수 있습니다.)
SC_FOOD_SUWON_033,SUWON,수원 KT 위즈 파크,KT,카츄마마(상단),중앙~3루 2층,2층,중앙~3루,Y,UNOFFICIAL,COMMUNITY_SEATVIEW,myseatcheck.com (자리어때),https://myseatcheck.com/%ec%88%98%ec%9b%90-kt%ec%9c%84%ec%a6%88%ed%8c%8c%ed%81%ac-%eb%a8%b9%ea%b1%b0%eb%a6%ac-%ec%a4%91%ec%95%993%eb%a3%a8-2%ec%b8%b5/,2026-09-10,PARTIAL,구역 단위 위치. 정확한 매장 좌표 아님,[수원 KT 위즈 파크] stadium_code: SUWON / stadium_name: 수원 KT 위즈 파크 / home_team: KT / store_facility: 카츄마마(상단) / zone_location: 중앙~3루 2층 / floor: 2층 / side: 중앙~3루 / in_stadium_flag: Y / notes: 구역 단위 위치. 정확한 매장 좌표 아님 (공식 확인 전 정보로 정확하지 않을 수 있습니다.)
SC_FOOD_SUWON_034,SUWON,수원 KT 위즈 파크,KT,요아정,중앙~3루 2층,2층,중앙~3루,Y,UNOFFICIAL,COMMUNITY_SEATVIEW,myseatcheck.com (자리어때),https://myseatcheck.com/%ec%88%98%ec%9b%90-kt%ec%9c%84%ec%a6%88%ed%8c%8c%ed%81%ac-%eb%a8%b9%ea%b1%b0%eb%a6%ac-%ec%a4%91%ec%95%993%eb%a3%a8-2%ec%b8%b5/,2026-09-10,PARTIAL,구역 단위 위치. 정확한 매장 좌표 아님,[수원 KT 위즈 파크] stadium_code: SUWON / stadium_name: 수원 KT 위즈 파크 / home_team: KT / store_facility: 요아정 / zone_location: 중앙~3루 2층 / floor: 2층 / side: 중앙~3루 / in_stadium_flag: Y / notes: 구역 단위 위치. 정확한 매장 좌표 아님 (공식 확인 전 정보로 정확하지 않을 수 있습니다.)
SC_FOOD_SUWON_035,SUWON,수원 KT 위즈 파크,KT,팝스마일 팝콘,중앙~3루 2층,2층,중앙~3루,Y,UNOFFICIAL,COMMUNITY_SEATVIEW,myseatcheck.com (자리어때),https://myseatcheck.com/%ec%88%98%ec%9b%90-kt%ec%9c%84%ec%a6%88%ed%8c%8c%ed%81%ac-%eb%a8%b9%ea%b1%b0%eb%a6%ac-%ec%a4%91%ec%95%993%eb%a3%a8-2%ec%b8%b5/,2026-09-10,PARTIAL,구역 단위 위치. 정확한 매장 좌표 아님,[수원 KT 위즈 파크] stadium_code: SUWON / stadium_name: 수원 KT 위즈 파크 / home_team: KT / store_facility: 팝스마일 팝콘 / zone_location: 중앙~3루 2층 / floor: 2층 / side: 중앙~3루 / in_stadium_flag: Y / notes: 구역 단위 위치. 정확한 매장 좌표 아님 (공식 확인 전 정보로 정확하지 않을 수 있습니다.)
SC_FOOD_SUWON_036,SUWON,수원 KT 위즈 파크,KT,정지영커피,중앙~3루 2층,2층,중앙~3루,Y,UNOFFICIAL,COMMUNITY_SEATVIEW,myseatcheck.com (자리어때),https://myseatcheck.com/%ec%88%98%ec%9b%90-kt%ec%9c%84%ec%a6%88%ed%8c%8c%ed%81%ac-%eb%a8%b9%ea%b1%b0%eb%a6%ac-%ec%a4%91%ec%95%993%eb%a3%a8-2%ec%b8%b5/,2026-09-10,PARTIAL,구역 단위 위치. 정확한 매장 좌표 아님,[수원 KT 위즈 파크] stadium_code: SUWON / stadium_name: 수원 KT 위즈 파크 / home_team: KT / store_facility: 정지영커피 / zone_location: 중앙~3루 2층 / floor: 2층 / side: 중앙~3루 / in_stadium_flag: Y / notes: 구역 단위 위치. 정확한 매장 좌표 아님 (공식 확인 전 정보로 정확하지 않을 수 있습니다.)
SC_FOOD_SUWON_037,SUWON,수원 KT 위즈 파크,KT,진미통닭,중앙~3루 2층,2층,중앙~3루,Y,UNOFFICIAL,COMMUNITY_SEATVIEW,myseatcheck.com (자리어때),https://myseatcheck.com/%ec%88%98%ec%9b%90-kt%ec%9c%84%ec%a6%88%ed%8c%8c%ed%81%ac-%eb%a8%b9%ea%b1%b0%eb%a6%ac-%ec%a4%91%ec%95%993%eb%a3%a8-2%ec%b8%b5/,2026-09-10,PARTIAL,구역 단위 위치. 정확한 매장 좌표 아님,[수원 KT 위즈 파크] stadium_code: SUWON / stadium_name: 수원 KT 위즈 파크 / home_team: KT / store_facility: 진미통닭 / zone_location: 중앙~3루 2층 / floor: 2층 / side: 중앙~3루 / in_stadium_flag: Y / notes: 구역 단위 위치. 정확한 매장 좌표 아님 (공식 확인 전 정보로 정확하지 않을 수 있습니다.)
SC_FOOD_SUWON_038,SUWON,수원 KT 위즈 파크,KT,세븐일레븐(3루),5층,5층,,Y,UNOFFICIAL,COMMUNITY_SEATVIEW,myseatcheck.com (자리어때),https://myseatcheck.com/%ec%88%98%ec%9b%90-kt%ec%9c%84%ec%a6%88%ed%8c%8c%ed%81%ac-%eb%a8%b9%ea%b1%b0%eb%a6%ac-5%ec%b8%b5/,2026-09-10,PARTIAL,구역 단위 위치. 정확한 매장 좌표 아님,[수원 KT 위즈 파크] stadium_code: SUWON / stadium_name: 수원 KT 위즈 파크 / home_team: KT / store_facility: 세븐일레븐(3루) / zone_location: 5층 / floor: 5층 / in_stadium_flag: Y / notes: 구역 단위 위치. 정확한 매장 좌표 아님 (공식 확인 전 정보로 정확하지 않을 수 있습니다.)
SC_FOOD_SUWON_039,SUWON,수원 KT 위즈 파크,KT,세븐일레븐(중앙),5층,5층,,Y,UNOFFICIAL,COMMUNITY_SEATVIEW,myseatcheck.com (자리어때),https://myseatcheck.com/%ec%88%98%ec%9b%90-kt%ec%9c%84%ec%a6%88%ed%8c%8c%ed%81%ac-%eb%a8%b9%ea%b1%b0%eb%a6%ac-5%ec%b8%b5/,2026-09-10,PARTIAL,구역 단위 위치. 정확한 매장 좌표 아님,[수원 KT 위즈 파크] stadium_code: SUWON / stadium_name: 수원 KT 위즈 파크 / home_team: KT / store_facility: 세븐일레븐(중앙) / zone_location: 5층 / floor: 5층 / in_stadium_flag: Y / notes: 구역 단위 위치. 정확한 매장 좌표 아님 (공식 확인 전 정보로 정확하지 않을 수 있습니다.)
SC_FOOD_SUWON_040,SUWON,수원 KT 위즈 파크,KT,빅카페(3루),5층,5층,,Y,UNOFFICIAL,COMMUNITY_SEATVIEW,myseatcheck.com (자리어때),https://myseatcheck.com/%ec%88%98%ec%9b%90-kt%ec%9c%84%ec%a6%88%ed%8c%8c%ed%81%ac-%eb%a8%b9%ea%b1%b0%eb%a6%ac-5%ec%b8%b5/,2026-09-10,PARTIAL,구역 단위 위치. 정확한 매장 좌표 아님,[수원 KT 위즈 파크] stadium_code: SUWON / stadium_name: 수원 KT 위즈 파크 / home_team: KT / store_facility: 빅카페(3루) / zone_location: 5층 / floor: 5층 / in_stadium_flag: Y / notes: 구역 단위 위치. 정확한 매장 좌표 아님 (공식 확인 전 정보로 정확하지 않을 수 있습니다.)
SC_FOOD_SUWON_041,SUWON,수원 KT 위즈 파크,KT,브뤼셀프라이,5층,5층,,Y,UNOFFICIAL,COMMUNITY_SEATVIEW,myseatcheck.com (자리어때),https://myseatcheck.com/%ec%88%98%ec%9b%90-kt%ec%9c%84%ec%a6%88%ed%8c%8c%ed%81%ac-%eb%a8%b9%ea%b1%b0%eb%a6%ac-5%ec%b8%b5/,2026-09-10,PARTIAL,구역 단위 위치. 정확한 매장 좌표 아님,[수원 KT 위즈 파크] stadium_code: SUWON / stadium_name: 수원 KT 위즈 파크 / home_team: KT / store_facility: 브뤼셀프라이 / zone_location: 5층 / floor: 5층 / in_stadium_flag: Y / notes: 구역 단위 위치. 정확한 매장 좌표 아님 (공식 확인 전 정보로 정확하지 않을 수 있습니다.)
SC_FOOD_SUWON_042,SUWON,수원 KT 위즈 파크,KT,"양꼬치, 사라다",5층,5층,,Y,UNOFFICIAL,COMMUNITY_SEATVIEW,myseatcheck.com (자리어때),https://myseatcheck.com/%ec%88%98%ec%9b%90-kt%ec%9c%84%ec%a6%88%ed%8c%8c%ed%81%ac-%eb%a8%b9%ea%b1%b0%eb%a6%ac-5%ec%b8%b5/,2026-09-10,PARTIAL,구역 단위 위치. 정확한 매장 좌표 아님,"[수원 KT 위즈 파크] stadium_code: SUWON / stadium_name: 수원 KT 위즈 파크 / home_team: KT / store_facility: 양꼬치, 사라다 / zone_location: 5층 / floor: 5층 / in_stadium_flag: Y / notes: 구역 단위 위치. 정확한 매장 좌표 아님 (공식 확인 전 정보로 정확하지 않을 수 있습니다.)"
SC_FOOD_SUWON_043,SUWON,수원 KT 위즈 파크,KT,세븐일레븐(캠핑),5층,5층,,Y,UNOFFICIAL,COMMUNITY_SEATVIEW,myseatcheck.com (자리어때),https://myseatcheck.com/%ec%88%98%ec%9b%90-kt%ec%9c%84%ec%a6%88%ed%8c%8c%ed%81%ac-%eb%a8%b9%ea%b1%b0%eb%a6%ac-5%ec%b8%b5/,2026-09-10,PARTIAL,구역 단위 위치. 정확한 매장 좌표 아님,[수원 KT 위즈 파크] stadium_code: SUWON / stadium_name: 수원 KT 위즈 파크 / home_team: KT / store_facility: 세븐일레븐(캠핑) / zone_location: 5층 / floor: 5층 / in_stadium_flag: Y / notes: 구역 단위 위치. 정확한 매장 좌표 아님 (공식 확인 전 정보로 정확하지 않을 수 있습니다.)
SC_FOOD_SUWON_044,SUWON,수원 KT 위즈 파크,KT,정지영커피,외야,,외야,Y,UNOFFICIAL,COMMUNITY_SEATVIEW,myseatcheck.com (자리어때),https://myseatcheck.com/%ec%88%98%ec%9b%90-kt%ec%9c%84%ec%a6%88%ed%8c%8c%ed%81%ac-%eb%a8%b9%ea%b1%b0%eb%a6%ac-%ec%99%b8%ec%95%bc-%ec%a0%95%ec%a7%80%ec%98%81%ec%bb%a4%ed%94%bc/,2026-09-10,PARTIAL,구역 단위 위치. 정확한 매장 좌표 아님,[수원 KT 위즈 파크] stadium_code: SUWON / stadium_name: 수원 KT 위즈 파크 / home_team: KT / store_facility: 정지영커피 / zone_location: 외야 / side: 외야 / in_stadium_flag: Y / notes: 구역 단위 위치. 정확한 매장 좌표 아님 (공식 확인 전 정보로 정확하지 않을 수 있습니다.)
SC_FOOD_SUWON_045,SUWON,수원 KT 위즈 파크,KT,빅또리카페,외부 1층,외부,,N,UNOFFICIAL,COMMUNITY_SEATVIEW,myseatcheck.com (자리어때),https://myseatcheck.com/%ec%88%98%ec%9b%90-kt%ec%9c%84%ec%a6%88%ed%8c%8c%ed%81%ac-%eb%a8%b9%ea%b1%b0%eb%a6%ac-%ec%99%b8%eb%b6%80-1%ec%b8%b5/,2026-09-10,PARTIAL,구역 단위 위치. 정확한 매장 좌표 아님,[수원 KT 위즈 파크] stadium_code: SUWON / stadium_name: 수원 KT 위즈 파크 / home_team: KT / store_facility: 빅또리카페 / zone_location: 외부 1층 / floor: 외부 / in_stadium_flag: N / notes: 구역 단위 위치. 정확한 매장 좌표 아님 (공식 확인 전 정보로 정확하지 않을 수 있습니다.)
SC_FOOD_SUWON_046,SUWON,수원 KT 위즈 파크,KT,세븐일레븐,외부 1층,외부,,N,UNOFFICIAL,COMMUNITY_SEATVIEW,myseatcheck.com (자리어때),https://myseatcheck.com/%ec%88%98%ec%9b%90-kt%ec%9c%84%ec%a6%88%ed%8c%8c%ed%81%ac-%eb%a8%b9%ea%b1%b0%eb%a6%ac-%ec%99%b8%eb%b6%80-1%ec%b8%b5/,2026-09-10,PARTIAL,구역 단위 위치. 정확한 매장 좌표 아님,[수원 KT 위즈 파크] stadium_code: SUWON / stadium_name: 수원 KT 위즈 파크 / home_team: KT / store_facility: 세븐일레븐 / zone_location: 외부 1층 / floor: 외부 / in_stadium_flag: N / notes: 구역 단위 위치. 정확한 매장 좌표 아님 (공식 확인 전 정보로 정확하지 않을 수 있습니다.)
SC_FOOD_DAEJEON_001,DAEJEON,대전 한화생명 볼파크,HANWHA,BBQ치킨,1루 (1층),1층,1루,Y,UNOFFICIAL,COMMUNITY_SEATVIEW,myseatcheck.com (자리어때),https://myseatcheck.com/%eb%8c%80%ec%a0%84%ed%95%9c%ed%99%94%ec%83%9d%eb%aa%85%eb%b3%bc%ed%8c%8c%ed%81%ac-%eb%a8%b9%ea%b1%b0%eb%a6%ac-1%eb%a3%a8-1%ec%b8%b5/,2026-09-10,PARTIAL,구역 단위 위치. 정확한 매장 좌표 아님,[대전 한화생명 볼파크] stadium_code: DAEJEON / stadium_name: 대전 한화생명 볼파크 / home_team: HANWHA / store_facility: BBQ치킨 / zone_location: 1루 (1층) / floor: 1층 / side: 1루 / in_stadium_flag: Y / notes: 구역 단위 위치. 정확한 매장 좌표 아님 (공식 확인 전 정보로 정확하지 않을 수 있습니다.)
SC_FOOD_DAEJEON_002,DAEJEON,대전 한화생명 볼파크,HANWHA,GS25 편의점,1루 (1층),1층,1루,Y,UNOFFICIAL,COMMUNITY_SEATVIEW,myseatcheck.com (자리어때),https://myseatcheck.com/%eb%8c%80%ec%a0%84%ed%95%9c%ed%99%94%ec%83%9d%eb%aa%85%eb%b3%bc%ed%8c%8c%ed%81%ac-%eb%a8%b9%ea%b1%b0%eb%a6%ac-1%eb%a3%a8-1%ec%b8%b5/,2026-09-10,PARTIAL,구역 단위 위치. 정확한 매장 좌표 아님,[대전 한화생명 볼파크] stadium_code: DAEJEON / stadium_name: 대전 한화생명 볼파크 / home_team: HANWHA / store_facility: GS25 편의점 / zone_location: 1루 (1층) / floor: 1층 / side: 1루 / in_stadium_flag: Y / notes: 구역 단위 위치. 정확한 매장 좌표 아님 (공식 확인 전 정보로 정확하지 않을 수 있습니다.)
SC_FOOD_DAEJEON_003,DAEJEON,대전 한화생명 볼파크,HANWHA,명랑핫도그,1루 (1층),1층,1루,Y,UNOFFICIAL,COMMUNITY_SEATVIEW,myseatcheck.com (자리어때),https://myseatcheck.com/%eb%8c%80%ec%a0%84%ed%95%9c%ed%99%94%ec%83%9d%eb%aa%85%eb%b3%bc%ed%8c%8c%ed%81%ac-%eb%a8%b9%ea%b1%b0%eb%a6%ac-1%eb%a3%a8-1%ec%b8%b5/,2026-09-10,PARTIAL,구역 단위 위치. 정확한 매장 좌표 아님,[대전 한화생명 볼파크] stadium_code: DAEJEON / stadium_name: 대전 한화생명 볼파크 / home_team: HANWHA / store_facility: 명랑핫도그 / zone_location: 1루 (1층) / floor: 1층 / side: 1루 / in_stadium_flag: Y / notes: 구역 단위 위치. 정확한 매장 좌표 아님 (공식 확인 전 정보로 정확하지 않을 수 있습니다.)
SC_FOOD_DAEJEON_004,DAEJEON,대전 한화생명 볼파크,HANWHA,바로그집,1루 (1층),1층,1루,Y,UNOFFICIAL,COMMUNITY_SEATVIEW,myseatcheck.com (자리어때),https://myseatcheck.com/%eb%8c%80%ec%a0%84%ed%95%9c%ed%99%94%ec%83%9d%eb%aa%85%eb%b3%bc%ed%8c%8c%ed%81%ac-%eb%a8%b9%ea%b1%b0%eb%a6%ac-1%eb%a3%a8-1%ec%b8%b5/,2026-09-10,PARTIAL,구역 단위 위치. 정확한 매장 좌표 아님,[대전 한화생명 볼파크] stadium_code: DAEJEON / stadium_name: 대전 한화생명 볼파크 / home_team: HANWHA / store_facility: 바로그집 / zone_location: 1루 (1층) / floor: 1층 / side: 1루 / in_stadium_flag: Y / notes: 구역 단위 위치. 정확한 매장 좌표 아님 (공식 확인 전 정보로 정확하지 않을 수 있습니다.)
SC_FOOD_DAEJEON_005,DAEJEON,대전 한화생명 볼파크,HANWHA,반올림피자,1루 (1층),1층,1루,Y,UNOFFICIAL,COMMUNITY_SEATVIEW,myseatcheck.com (자리어때),https://myseatcheck.com/%eb%8c%80%ec%a0%84%ed%95%9c%ed%99%94%ec%83%9d%eb%aa%85%eb%b3%bc%ed%8c%8c%ed%81%ac-%eb%a8%b9%ea%b1%b0%eb%a6%ac-1%eb%a3%a8-1%ec%b8%b5/,2026-09-10,PARTIAL,구역 단위 위치. 정확한 매장 좌표 아님,[대전 한화생명 볼파크] stadium_code: DAEJEON / stadium_name: 대전 한화생명 볼파크 / home_team: HANWHA / store_facility: 반올림피자 / zone_location: 1루 (1층) / floor: 1층 / side: 1루 / in_stadium_flag: Y / notes: 구역 단위 위치. 정확한 매장 좌표 아님 (공식 확인 전 정보로 정확하지 않을 수 있습니다.)
SC_FOOD_DAEJEON_006,DAEJEON,대전 한화생명 볼파크,HANWHA,북촌손만두,1루 (1층),1층,1루,Y,UNOFFICIAL,COMMUNITY_SEATVIEW,myseatcheck.com (자리어때),https://myseatcheck.com/%eb%8c%80%ec%a0%84%ed%95%9c%ed%99%94%ec%83%9d%eb%aa%85%eb%b3%bc%ed%8c%8c%ed%81%ac-%eb%a8%b9%ea%b1%b0%eb%a6%ac-1%eb%a3%a8-1%ec%b8%b5/,2026-09-10,PARTIAL,구역 단위 위치. 정확한 매장 좌표 아님,[대전 한화생명 볼파크] stadium_code: DAEJEON / stadium_name: 대전 한화생명 볼파크 / home_team: HANWHA / store_facility: 북촌손만두 / zone_location: 1루 (1층) / floor: 1층 / side: 1루 / in_stadium_flag: Y / notes: 구역 단위 위치. 정확한 매장 좌표 아님 (공식 확인 전 정보로 정확하지 않을 수 있습니다.)
SC_FOOD_DAEJEON_007,DAEJEON,대전 한화생명 볼파크,HANWHA,선비꼬마김밥,1루 (1층),1층,1루,Y,UNOFFICIAL,COMMUNITY_SEATVIEW,myseatcheck.com (자리어때),https://myseatcheck.com/%eb%8c%80%ec%a0%84%ed%95%9c%ed%99%94%ec%83%9d%eb%aa%85%eb%b3%bc%ed%8c%8c%ed%81%ac-%eb%a8%b9%ea%b1%b0%eb%a6%ac-1%eb%a3%a8-1%ec%b8%b5/,2026-09-10,PARTIAL,구역 단위 위치. 정확한 매장 좌표 아님,[대전 한화생명 볼파크] stadium_code: DAEJEON / stadium_name: 대전 한화생명 볼파크 / home_team: HANWHA / store_facility: 선비꼬마김밥 / zone_location: 1루 (1층) / floor: 1층 / side: 1루 / in_stadium_flag: Y / notes: 구역 단위 위치. 정확한 매장 좌표 아님 (공식 확인 전 정보로 정확하지 않을 수 있습니다.)
SC_FOOD_DAEJEON_008,DAEJEON,대전 한화생명 볼파크,HANWHA,완미족발,1루 (1층),1층,1루,Y,UNOFFICIAL,COMMUNITY_SEATVIEW,myseatcheck.com (자리어때),https://myseatcheck.com/%eb%8c%80%ec%a0%84%ed%95%9c%ed%99%94%ec%83%9d%eb%aa%85%eb%b3%bc%ed%8c%8c%ed%81%ac-%eb%a8%b9%ea%b1%b0%eb%a6%ac-1%eb%a3%a8-1%ec%b8%b5/,2026-09-10,PARTIAL,구역 단위 위치. 정확한 매장 좌표 아님,[대전 한화생명 볼파크] stadium_code: DAEJEON / stadium_name: 대전 한화생명 볼파크 / home_team: HANWHA / store_facility: 완미족발 / zone_location: 1루 (1층) / floor: 1층 / side: 1루 / in_stadium_flag: Y / notes: 구역 단위 위치. 정확한 매장 좌표 아님 (공식 확인 전 정보로 정확하지 않을 수 있습니다.)
SC_FOOD_DAEJEON_009,DAEJEON,대전 한화생명 볼파크,HANWHA,브루어리/오수리,1루 (1층),1층,1루,Y,UNOFFICIAL,COMMUNITY_SEATVIEW,myseatcheck.com (자리어때),https://myseatcheck.com/%eb%8c%80%ec%a0%84%ed%95%9c%ed%99%94%ec%83%9d%eb%aa%85%eb%b3%bc%ed%8c%8c%ed%81%ac-%eb%a8%b9%ea%b1%b0%eb%a6%ac-1%eb%a3%a8-1%ec%b8%b5/,2026-09-10,PARTIAL,구역 단위 위치. 정확한 매장 좌표 아님,[대전 한화생명 볼파크] stadium_code: DAEJEON / stadium_name: 대전 한화생명 볼파크 / home_team: HANWHA / store_facility: 브루어리/오수리 / zone_location: 1루 (1층) / floor: 1층 / side: 1루 / in_stadium_flag: Y / notes: 구역 단위 위치. 정확한 매장 좌표 아님 (공식 확인 전 정보로 정확하지 않을 수 있습니다.)
SC_FOOD_DAEJEON_010,DAEJEON,대전 한화생명 볼파크,HANWHA,자담치킨,1루 (1층),1층,1루,Y,UNOFFICIAL,COMMUNITY_SEATVIEW,myseatcheck.com (자리어때),https://myseatcheck.com/%eb%8c%80%ec%a0%84%ed%95%9c%ed%99%94%ec%83%9d%eb%aa%85%eb%b3%bc%ed%8c%8c%ed%81%ac-%eb%a8%b9%ea%b1%b0%eb%a6%ac-1%eb%a3%a8-1%ec%b8%b5/,2026-09-10,PARTIAL,구역 단위 위치. 정확한 매장 좌표 아님,[대전 한화생명 볼파크] stadium_code: DAEJEON / stadium_name: 대전 한화생명 볼파크 / home_team: HANWHA / store_facility: 자담치킨 / zone_location: 1루 (1층) / floor: 1층 / side: 1루 / in_stadium_flag: Y / notes: 구역 단위 위치. 정확한 매장 좌표 아님 (공식 확인 전 정보로 정확하지 않을 수 있습니다.)
SC_FOOD_DAEJEON_011,DAEJEON,대전 한화생명 볼파크,HANWHA,BBQ(101구역),1루 (1층),1층,1루,Y,UNOFFICIAL,COMMUNITY_SEATVIEW,myseatcheck.com (자리어때),https://myseatcheck.com/%eb%8c%80%ec%a0%84%ed%95%9c%ed%99%94%ec%83%9d%eb%aa%85%eb%b3%bc%ed%8c%8c%ed%81%ac-%eb%a8%b9%ea%b1%b0%eb%a6%ac-1%eb%a3%a8-1%ec%b8%b5/,2026-09-10,PARTIAL,구역 단위 위치. 정확한 매장 좌표 아님,[대전 한화생명 볼파크] stadium_code: DAEJEON / stadium_name: 대전 한화생명 볼파크 / home_team: HANWHA / store_facility: BBQ(101구역) / zone_location: 1루 (1층) / floor: 1층 / side: 1루 / in_stadium_flag: Y / notes: 구역 단위 위치. 정확한 매장 좌표 아님 (공식 확인 전 정보로 정확하지 않을 수 있습니다.)
SC_FOOD_DAEJEON_012,DAEJEON,대전 한화생명 볼파크,HANWHA,BBQ치킨,중앙 (1층),1층,중앙,Y,UNOFFICIAL,COMMUNITY_SEATVIEW,myseatcheck.com (자리어때),https://myseatcheck.com/%eb%8c%80%ec%a0%84%ed%95%9c%ed%99%94%ec%83%9d%eb%aa%85%eb%b3%bc%ed%8c%8c%ed%81%ac-%eb%a8%b9%ea%b1%b0%eb%a6%ac-%ec%a4%91%ec%95%99-1%ec%b8%b5/,2026-09-10,PARTIAL,구역 단위 위치. 정확한 매장 좌표 아님,[대전 한화생명 볼파크] stadium_code: DAEJEON / stadium_name: 대전 한화생명 볼파크 / home_team: HANWHA / store_facility: BBQ치킨 / zone_location: 중앙 (1층) / floor: 1층 / side: 중앙 / in_stadium_flag: Y / notes: 구역 단위 위치. 정확한 매장 좌표 아님 (공식 확인 전 정보로 정확하지 않을 수 있습니다.)
SC_FOOD_DAEJEON_013,DAEJEON,대전 한화생명 볼파크,HANWHA,공차,중앙 (1층),1층,중앙,Y,UNOFFICIAL,COMMUNITY_SEATVIEW,myseatcheck.com (자리어때),https://myseatcheck.com/%eb%8c%80%ec%a0%84%ed%95%9c%ed%99%94%ec%83%9d%eb%aa%85%eb%b3%bc%ed%8c%8c%ed%81%ac-%eb%a8%b9%ea%b1%b0%eb%a6%ac-%ec%a4%91%ec%95%99-1%ec%b8%b5/,2026-09-10,PARTIAL,구역 단위 위치. 정확한 매장 좌표 아님,[대전 한화생명 볼파크] stadium_code: DAEJEON / stadium_name: 대전 한화생명 볼파크 / home_team: HANWHA / store_facility: 공차 / zone_location: 중앙 (1층) / floor: 1층 / side: 중앙 / in_stadium_flag: Y / notes: 구역 단위 위치. 정확한 매장 좌표 아님 (공식 확인 전 정보로 정확하지 않을 수 있습니다.)
SC_FOOD_DAEJEON_014,DAEJEON,대전 한화생명 볼파크,HANWHA,GS25 편의점,중앙 (1층),1층,중앙,Y,UNOFFICIAL,COMMUNITY_SEATVIEW,myseatcheck.com (자리어때),https://myseatcheck.com/%eb%8c%80%ec%a0%84%ed%95%9c%ed%99%94%ec%83%9d%eb%aa%85%eb%b3%bc%ed%8c%8c%ed%81%ac-%eb%a8%b9%ea%b1%b0%eb%a6%ac-%ec%a4%91%ec%95%99-1%ec%b8%b5/,2026-09-10,PARTIAL,구역 단위 위치. 정확한 매장 좌표 아님,[대전 한화생명 볼파크] stadium_code: DAEJEON / stadium_name: 대전 한화생명 볼파크 / home_team: HANWHA / store_facility: GS25 편의점 / zone_location: 중앙 (1층) / floor: 1층 / side: 중앙 / in_stadium_flag: Y / notes: 구역 단위 위치. 정확한 매장 좌표 아님 (공식 확인 전 정보로 정확하지 않을 수 있습니다.)
SC_FOOD_DAEJEON_015,DAEJEON,대전 한화생명 볼파크,HANWHA,반올림피자,중앙 (1층),1층,중앙,Y,UNOFFICIAL,COMMUNITY_SEATVIEW,myseatcheck.com (자리어때),https://myseatcheck.com/%eb%8c%80%ec%a0%84%ed%95%9c%ed%99%94%ec%83%9d%eb%aa%85%eb%b3%bc%ed%8c%8c%ed%81%ac-%eb%a8%b9%ea%b1%b0%eb%a6%ac-%ec%a4%91%ec%95%99-1%ec%b8%b5/,2026-09-10,PARTIAL,구역 단위 위치. 정확한 매장 좌표 아님,[대전 한화생명 볼파크] stadium_code: DAEJEON / stadium_name: 대전 한화생명 볼파크 / home_team: HANWHA / store_facility: 반올림피자 / zone_location: 중앙 (1층) / floor: 1층 / side: 중앙 / in_stadium_flag: Y / notes: 구역 단위 위치. 정확한 매장 좌표 아님 (공식 확인 전 정보로 정확하지 않을 수 있습니다.)
SC_FOOD_DAEJEON_016,DAEJEON,대전 한화생명 볼파크,HANWHA,완미족발,중앙 (1층),1층,중앙,Y,UNOFFICIAL,COMMUNITY_SEATVIEW,myseatcheck.com (자리어때),https://myseatcheck.com/%eb%8c%80%ec%a0%84%ed%95%9c%ed%99%94%ec%83%9d%eb%aa%85%eb%b3%bc%ed%8c%8c%ed%81%ac-%eb%a8%b9%ea%b1%b0%eb%a6%ac-%ec%a4%91%ec%95%99-1%ec%b8%b5/,2026-09-10,PARTIAL,구역 단위 위치. 정확한 매장 좌표 아님,[대전 한화생명 볼파크] stadium_code: DAEJEON / stadium_name: 대전 한화생명 볼파크 / home_team: HANWHA / store_facility: 완미족발 / zone_location: 중앙 (1층) / floor: 1층 / side: 중앙 / in_stadium_flag: Y / notes: 구역 단위 위치. 정확한 매장 좌표 아님 (공식 확인 전 정보로 정확하지 않을 수 있습니다.)
SC_FOOD_DAEJEON_017,DAEJEON,대전 한화생명 볼파크,HANWHA,은구비커피,중앙 (1층),1층,중앙,Y,UNOFFICIAL,COMMUNITY_SEATVIEW,myseatcheck.com (자리어때),https://myseatcheck.com/%eb%8c%80%ec%a0%84%ed%95%9c%ed%99%94%ec%83%9d%eb%aa%85%eb%b3%bc%ed%8c%8c%ed%81%ac-%eb%a8%b9%ea%b1%b0%eb%a6%ac-%ec%a4%91%ec%95%99-1%ec%b8%b5/,2026-09-10,PARTIAL,구역 단위 위치. 정확한 매장 좌표 아님,[대전 한화생명 볼파크] stadium_code: DAEJEON / stadium_name: 대전 한화생명 볼파크 / home_team: HANWHA / store_facility: 은구비커피 / zone_location: 중앙 (1층) / floor: 1층 / side: 중앙 / in_stadium_flag: Y / notes: 구역 단위 위치. 정확한 매장 좌표 아님 (공식 확인 전 정보로 정확하지 않을 수 있습니다.)
SC_FOOD_DAEJEON_018,DAEJEON,대전 한화생명 볼파크,HANWHA,이글스 브루어리,중앙 (1층),1층,중앙,Y,UNOFFICIAL,COMMUNITY_SEATVIEW,myseatcheck.com (자리어때),https://myseatcheck.com/%eb%8c%80%ec%a0%84%ed%95%9c%ed%99%94%ec%83%9d%eb%aa%85%eb%b3%bc%ed%8c%8c%ed%81%ac-%eb%a8%b9%ea%b1%b0%eb%a6%ac-%ec%a4%91%ec%95%99-1%ec%b8%b5/,2026-09-10,PARTIAL,구역 단위 위치. 정확한 매장 좌표 아님,[대전 한화생명 볼파크] stadium_code: DAEJEON / stadium_name: 대전 한화생명 볼파크 / home_team: HANWHA / store_facility: 이글스 브루어리 / zone_location: 중앙 (1층) / floor: 1층 / side: 중앙 / in_stadium_flag: Y / notes: 구역 단위 위치. 정확한 매장 좌표 아님 (공식 확인 전 정보로 정확하지 않을 수 있습니다.)
SC_FOOD_DAEJEON_019,DAEJEON,대전 한화생명 볼파크,HANWHA,이닝스,중앙 (1층),1층,중앙,Y,UNOFFICIAL,COMMUNITY_SEATVIEW,myseatcheck.com (자리어때),https://myseatcheck.com/%eb%8c%80%ec%a0%84%ed%95%9c%ed%99%94%ec%83%9d%eb%aa%85%eb%b3%bc%ed%8c%8c%ed%81%ac-%eb%a8%b9%ea%b1%b0%eb%a6%ac-%ec%a4%91%ec%95%99-1%ec%b8%b5/,2026-09-10,PARTIAL,구역 단위 위치. 정확한 매장 좌표 아님,[대전 한화생명 볼파크] stadium_code: DAEJEON / stadium_name: 대전 한화생명 볼파크 / home_team: HANWHA / store_facility: 이닝스 / zone_location: 중앙 (1층) / floor: 1층 / side: 중앙 / in_stadium_flag: Y / notes: 구역 단위 위치. 정확한 매장 좌표 아님 (공식 확인 전 정보로 정확하지 않을 수 있습니다.)
SC_FOOD_DAEJEON_020,DAEJEON,대전 한화생명 볼파크,HANWHA,자담치킨,중앙 (1층),1층,중앙,Y,UNOFFICIAL,COMMUNITY_SEATVIEW,myseatcheck.com (자리어때),https://myseatcheck.com/%eb%8c%80%ec%a0%84%ed%95%9c%ed%99%94%ec%83%9d%eb%aa%85%eb%b3%bc%ed%8c%8c%ed%81%ac-%eb%a8%b9%ea%b1%b0%eb%a6%ac-%ec%a4%91%ec%95%99-1%ec%b8%b5/,2026-09-10,PARTIAL,구역 단위 위치. 정확한 매장 좌표 아님,[대전 한화생명 볼파크] stadium_code: DAEJEON / stadium_name: 대전 한화생명 볼파크 / home_team: HANWHA / store_facility: 자담치킨 / zone_location: 중앙 (1층) / floor: 1층 / side: 중앙 / in_stadium_flag: Y / notes: 구역 단위 위치. 정확한 매장 좌표 아님 (공식 확인 전 정보로 정확하지 않을 수 있습니다.)
SC_FOOD_DAEJEON_021,DAEJEON,대전 한화생명 볼파크,HANWHA,GS25 편의점,3루 (1층),1층,3루,Y,UNOFFICIAL,COMMUNITY_SEATVIEW,myseatcheck.com (자리어때),https://myseatcheck.com/%eb%8c%80%ec%a0%84%ed%95%9c%ed%99%94%ec%83%9d%eb%aa%85%eb%b3%bc%ed%8c%8c%ed%81%ac-%eb%a8%b9%ea%b1%b0%eb%a6%ac-3%eb%a3%a8-1%ec%b8%b5/,2026-09-10,PARTIAL,구역 단위 위치. 정확한 매장 좌표 아님,[대전 한화생명 볼파크] stadium_code: DAEJEON / stadium_name: 대전 한화생명 볼파크 / home_team: HANWHA / store_facility: GS25 편의점 / zone_location: 3루 (1층) / floor: 1층 / side: 3루 / in_stadium_flag: Y / notes: 구역 단위 위치. 정확한 매장 좌표 아님 (공식 확인 전 정보로 정확하지 않을 수 있습니다.)
SC_FOOD_DAEJEON_022,DAEJEON,대전 한화생명 볼파크,HANWHA,구르닭치킨,3루 (1층),1층,3루,Y,UNOFFICIAL,COMMUNITY_SEATVIEW,myseatcheck.com (자리어때),https://myseatcheck.com/%eb%8c%80%ec%a0%84%ed%95%9c%ed%99%94%ec%83%9d%eb%aa%85%eb%b3%bc%ed%8c%8c%ed%81%ac-%eb%a8%b9%ea%b1%b0%eb%a6%ac-3%eb%a3%a8-1%ec%b8%b5/,2026-09-10,PARTIAL,구역 단위 위치. 정확한 매장 좌표 아님,[대전 한화생명 볼파크] stadium_code: DAEJEON / stadium_name: 대전 한화생명 볼파크 / home_team: HANWHA / store_facility: 구르닭치킨 / zone_location: 3루 (1층) / floor: 1층 / side: 3루 / in_stadium_flag: Y / notes: 구역 단위 위치. 정확한 매장 좌표 아님 (공식 확인 전 정보로 정확하지 않을 수 있습니다.)
SC_FOOD_DAEJEON_023,DAEJEON,대전 한화생명 볼파크,HANWHA,농심가락,3루 (1층),1층,3루,Y,UNOFFICIAL,COMMUNITY_SEATVIEW,myseatcheck.com (자리어때),https://myseatcheck.com/%eb%8c%80%ec%a0%84%ed%95%9c%ed%99%94%ec%83%9d%eb%aa%85%eb%b3%bc%ed%8c%8c%ed%81%ac-%eb%a8%b9%ea%b1%b0%eb%a6%ac-3%eb%a3%a8-1%ec%b8%b5/,2026-09-10,PARTIAL,구역 단위 위치. 정확한 매장 좌표 아님,[대전 한화생명 볼파크] stadium_code: DAEJEON / stadium_name: 대전 한화생명 볼파크 / home_team: HANWHA / store_facility: 농심가락 / zone_location: 3루 (1층) / floor: 1층 / side: 3루 / in_stadium_flag: Y / notes: 구역 단위 위치. 정확한 매장 좌표 아님 (공식 확인 전 정보로 정확하지 않을 수 있습니다.)
SC_FOOD_DAEJEON_024,DAEJEON,대전 한화생명 볼파크,HANWHA,마성떡볶이,3루 (1층),1층,3루,Y,UNOFFICIAL,COMMUNITY_SEATVIEW,myseatcheck.com (자리어때),https://myseatcheck.com/%eb%8c%80%ec%a0%84%ed%95%9c%ed%99%94%ec%83%9d%eb%aa%85%eb%b3%bc%ed%8c%8c%ed%81%ac-%eb%a8%b9%ea%b1%b0%eb%a6%ac-3%eb%a3%a8-1%ec%b8%b5/,2026-09-10,PARTIAL,구역 단위 위치. 정확한 매장 좌표 아님,[대전 한화생명 볼파크] stadium_code: DAEJEON / stadium_name: 대전 한화생명 볼파크 / home_team: HANWHA / store_facility: 마성떡볶이 / zone_location: 3루 (1층) / floor: 1층 / side: 3루 / in_stadium_flag: Y / notes: 구역 단위 위치. 정확한 매장 좌표 아님 (공식 확인 전 정보로 정확하지 않을 수 있습니다.)
SC_FOOD_DAEJEON_025,DAEJEON,대전 한화생명 볼파크,HANWHA,브뤼셀프라이,3루 (1층),1층,3루,Y,UNOFFICIAL,COMMUNITY_SEATVIEW,myseatcheck.com (자리어때),https://myseatcheck.com/%eb%8c%80%ec%a0%84%ed%95%9c%ed%99%94%ec%83%9d%eb%aa%85%eb%b3%bc%ed%8c%8c%ed%81%ac-%eb%a8%b9%ea%b1%b0%eb%a6%ac-3%eb%a3%a8-1%ec%b8%b5/,2026-09-10,PARTIAL,구역 단위 위치. 정확한 매장 좌표 아님,[대전 한화생명 볼파크] stadium_code: DAEJEON / stadium_name: 대전 한화생명 볼파크 / home_team: HANWHA / store_facility: 브뤼셀프라이 / zone_location: 3루 (1층) / floor: 1층 / side: 3루 / in_stadium_flag: Y / notes: 구역 단위 위치. 정확한 매장 좌표 아님 (공식 확인 전 정보로 정확하지 않을 수 있습니다.)
SC_FOOD_DAEJEON_026,DAEJEON,대전 한화생명 볼파크,HANWHA,요아정,3루 (1층),1층,3루,Y,UNOFFICIAL,COMMUNITY_SEATVIEW,myseatcheck.com (자리어때),https://myseatcheck.com/%eb%8c%80%ec%a0%84%ed%95%9c%ed%99%94%ec%83%9d%eb%aa%85%eb%b3%bc%ed%8c%8c%ed%81%ac-%eb%a8%b9%ea%b1%b0%eb%a6%ac-3%eb%a3%a8-1%ec%b8%b5/,2026-09-10,PARTIAL,구역 단위 위치. 정확한 매장 좌표 아님,[대전 한화생명 볼파크] stadium_code: DAEJEON / stadium_name: 대전 한화생명 볼파크 / home_team: HANWHA / store_facility: 요아정 / zone_location: 3루 (1층) / floor: 1층 / side: 3루 / in_stadium_flag: Y / notes: 구역 단위 위치. 정확한 매장 좌표 아님 (공식 확인 전 정보로 정확하지 않을 수 있습니다.)
SC_FOOD_DAEJEON_027,DAEJEON,대전 한화생명 볼파크,HANWHA,자담치킨,3루 (1층),1층,3루,Y,UNOFFICIAL,COMMUNITY_SEATVIEW,myseatcheck.com (자리어때),https://myseatcheck.com/%eb%8c%80%ec%a0%84%ed%95%9c%ed%99%94%ec%83%9d%eb%aa%85%eb%b3%bc%ed%8c%8c%ed%81%ac-%eb%a8%b9%ea%b1%b0%eb%a6%ac-3%eb%a3%a8-1%ec%b8%b5/,2026-09-10,PARTIAL,구역 단위 위치. 정확한 매장 좌표 아님,[대전 한화생명 볼파크] stadium_code: DAEJEON / stadium_name: 대전 한화생명 볼파크 / home_team: HANWHA / store_facility: 자담치킨 / zone_location: 3루 (1층) / floor: 1층 / side: 3루 / in_stadium_flag: Y / notes: 구역 단위 위치. 정확한 매장 좌표 아님 (공식 확인 전 정보로 정확하지 않을 수 있습니다.)
SC_FOOD_DAEJEON_028,DAEJEON,대전 한화생명 볼파크,HANWHA,BBQ치킨,2층 (1루),2층,1루,Y,UNOFFICIAL,COMMUNITY_SEATVIEW,myseatcheck.com (자리어때),https://myseatcheck.com/%eb%8c%80%ec%a0%84%ed%95%9c%ed%99%94%ec%83%9d%eb%aa%85%eb%b3%bc%ed%8c%8c%ed%81%ac-%eb%a8%b9%ea%b1%b0%eb%a6%ac-2%ec%b8%b5-1%eb%a3%a8/,2026-09-10,PARTIAL,구역 단위 위치. 정확한 매장 좌표 아님,[대전 한화생명 볼파크] stadium_code: DAEJEON / stadium_name: 대전 한화생명 볼파크 / home_team: HANWHA / store_facility: BBQ치킨 / zone_location: 2층 (1루) / floor: 2층 / side: 1루 / in_stadium_flag: Y / notes: 구역 단위 위치. 정확한 매장 좌표 아님 (공식 확인 전 정보로 정확하지 않을 수 있습니다.)
SC_FOOD_DAEJEON_029,DAEJEON,대전 한화생명 볼파크,HANWHA,EST 1985,2층 (1루),2층,1루,Y,UNOFFICIAL,COMMUNITY_SEATVIEW,myseatcheck.com (자리어때),https://myseatcheck.com/%eb%8c%80%ec%a0%84%ed%95%9c%ed%99%94%ec%83%9d%eb%aa%85%eb%b3%bc%ed%8c%8c%ed%81%ac-%eb%a8%b9%ea%b1%b0%eb%a6%ac-2%ec%b8%b5-1%eb%a3%a8/,2026-09-10,PARTIAL,구역 단위 위치. 정확한 매장 좌표 아님,[대전 한화생명 볼파크] stadium_code: DAEJEON / stadium_name: 대전 한화생명 볼파크 / home_team: HANWHA / store_facility: EST 1985 / zone_location: 2층 (1루) / floor: 2층 / side: 1루 / in_stadium_flag: Y / notes: 구역 단위 위치. 정확한 매장 좌표 아님 (공식 확인 전 정보로 정확하지 않을 수 있습니다.)
SC_FOOD_DAEJEON_030,DAEJEON,대전 한화생명 볼파크,HANWHA,EXPRESS,2층 (1루),2층,1루,Y,UNOFFICIAL,COMMUNITY_SEATVIEW,myseatcheck.com (자리어때),https://myseatcheck.com/%eb%8c%80%ec%a0%84%ed%95%9c%ed%99%94%ec%83%9d%eb%aa%85%eb%b3%bc%ed%8c%8c%ed%81%ac-%eb%a8%b9%ea%b1%b0%eb%a6%ac-2%ec%b8%b5-1%eb%a3%a8/,2026-09-10,PARTIAL,구역 단위 위치. 정확한 매장 좌표 아님,[대전 한화생명 볼파크] stadium_code: DAEJEON / stadium_name: 대전 한화생명 볼파크 / home_team: HANWHA / store_facility: EXPRESS / zone_location: 2층 (1루) / floor: 2층 / side: 1루 / in_stadium_flag: Y / notes: 구역 단위 위치. 정확한 매장 좌표 아님 (공식 확인 전 정보로 정확하지 않을 수 있습니다.)
SC_FOOD_DAEJEON_031,DAEJEON,대전 한화생명 볼파크,HANWHA,GS25 편의점,2층 (1루),2층,1루,Y,UNOFFICIAL,COMMUNITY_SEATVIEW,myseatcheck.com (자리어때),https://myseatcheck.com/%eb%8c%80%ec%a0%84%ed%95%9c%ed%99%94%ec%83%9d%eb%aa%85%eb%b3%bc%ed%8c%8c%ed%81%ac-%eb%a8%b9%ea%b1%b0%eb%a6%ac-2%ec%b8%b5-1%eb%a3%a8/,2026-09-10,PARTIAL,구역 단위 위치. 정확한 매장 좌표 아님,[대전 한화생명 볼파크] stadium_code: DAEJEON / stadium_name: 대전 한화생명 볼파크 / home_team: HANWHA / store_facility: GS25 편의점 / zone_location: 2층 (1루) / floor: 2층 / side: 1루 / in_stadium_flag: Y / notes: 구역 단위 위치. 정확한 매장 좌표 아님 (공식 확인 전 정보로 정확하지 않을 수 있습니다.)
SC_FOOD_DAEJEON_032,DAEJEON,대전 한화생명 볼파크,HANWHA,더본베이커리,2층 (1루),2층,1루,Y,UNOFFICIAL,COMMUNITY_SEATVIEW,myseatcheck.com (자리어때),https://myseatcheck.com/%eb%8c%80%ec%a0%84%ed%95%9c%ed%99%94%ec%83%9d%eb%aa%85%eb%b3%bc%ed%8c%8c%ed%81%ac-%eb%a8%b9%ea%b1%b0%eb%a6%ac-2%ec%b8%b5-1%eb%a3%a8/,2026-09-10,PARTIAL,구역 단위 위치. 정확한 매장 좌표 아님,[대전 한화생명 볼파크] stadium_code: DAEJEON / stadium_name: 대전 한화생명 볼파크 / home_team: HANWHA / store_facility: 더본베이커리 / zone_location: 2층 (1루) / floor: 2층 / side: 1루 / in_stadium_flag: Y / notes: 구역 단위 위치. 정확한 매장 좌표 아님 (공식 확인 전 정보로 정확하지 않을 수 있습니다.)
SC_FOOD_DAEJEON_033,DAEJEON,대전 한화생명 볼파크,HANWHA,자담치킨,2층 (1루),2층,1루,Y,UNOFFICIAL,COMMUNITY_SEATVIEW,myseatcheck.com (자리어때),https://myseatcheck.com/%eb%8c%80%ec%a0%84%ed%95%9c%ed%99%94%ec%83%9d%eb%aa%85%eb%b3%bc%ed%8c%8c%ed%81%ac-%eb%a8%b9%ea%b1%b0%eb%a6%ac-2%ec%b8%b5-1%eb%a3%a8/,2026-09-10,PARTIAL,구역 단위 위치. 정확한 매장 좌표 아님,[대전 한화생명 볼파크] stadium_code: DAEJEON / stadium_name: 대전 한화생명 볼파크 / home_team: HANWHA / store_facility: 자담치킨 / zone_location: 2층 (1루) / floor: 2층 / side: 1루 / in_stadium_flag: Y / notes: 구역 단위 위치. 정확한 매장 좌표 아님 (공식 확인 전 정보로 정확하지 않을 수 있습니다.)
SC_FOOD_DAEJEON_034,DAEJEON,대전 한화생명 볼파크,HANWHA,고투웍,2층 3루 (더본테이스티),2층,3루,Y,UNOFFICIAL,COMMUNITY_SEATVIEW,myseatcheck.com (자리어때),https://myseatcheck.com/%eb%8c%80%ec%a0%84%ed%95%9c%ed%99%94%ec%83%9d%eb%aa%85%eb%b3%bc%ed%8c%8c%ed%81%ac-%eb%a8%b9%ea%b1%b0%eb%a6%ac-2%ec%b8%b5-3%eb%a3%a8-%eb%8d%94%eb%b3%b8%ed%85%8c%ec%9d%b4%ec%8a%a4%ed%8b%b0/,2026-09-10,PARTIAL,구역 단위 위치. 정확한 매장 좌표 아님,[대전 한화생명 볼파크] stadium_code: DAEJEON / stadium_name: 대전 한화생명 볼파크 / home_team: HANWHA / store_facility: 고투웍 / zone_location: 2층 3루 (더본테이스티) / floor: 2층 / side: 3루 / in_stadium_flag: Y / notes: 구역 단위 위치. 정확한 매장 좌표 아님 (공식 확인 전 정보로 정확하지 않을 수 있습니다.)
SC_FOOD_DAEJEON_035,DAEJEON,대전 한화생명 볼파크,HANWHA,백스비어,2층 3루 (더본테이스티),2층,3루,Y,UNOFFICIAL,COMMUNITY_SEATVIEW,myseatcheck.com (자리어때),https://myseatcheck.com/%eb%8c%80%ec%a0%84%ed%95%9c%ed%99%94%ec%83%9d%eb%aa%85%eb%b3%bc%ed%8c%8c%ed%81%ac-%eb%a8%b9%ea%b1%b0%eb%a6%ac-2%ec%b8%b5-3%eb%a3%a8-%eb%8d%94%eb%b3%b8%ed%85%8c%ec%9d%b4%ec%8a%a4%ed%8b%b0/,2026-09-10,PARTIAL,구역 단위 위치. 정확한 매장 좌표 아님,[대전 한화생명 볼파크] stadium_code: DAEJEON / stadium_name: 대전 한화생명 볼파크 / home_team: HANWHA / store_facility: 백스비어 / zone_location: 2층 3루 (더본테이스티) / floor: 2층 / side: 3루 / in_stadium_flag: Y / notes: 구역 단위 위치. 정확한 매장 좌표 아님 (공식 확인 전 정보로 정확하지 않을 수 있습니다.)
SC_FOOD_DAEJEON_036,DAEJEON,대전 한화생명 볼파크,HANWHA,빽보이피자,2층 3루 (더본테이스티),2층,3루,Y,UNOFFICIAL,COMMUNITY_SEATVIEW,myseatcheck.com (자리어때),https://myseatcheck.com/%eb%8c%80%ec%a0%84%ed%95%9c%ed%99%94%ec%83%9d%eb%aa%85%eb%b3%bc%ed%8c%8c%ed%81%ac-%eb%a8%b9%ea%b1%b0%eb%a6%ac-2%ec%b8%b5-3%eb%a3%a8-%eb%8d%94%eb%b3%b8%ed%85%8c%ec%9d%b4%ec%8a%a4%ed%8b%b0/,2026-09-10,PARTIAL,구역 단위 위치. 정확한 매장 좌표 아님,[대전 한화생명 볼파크] stadium_code: DAEJEON / stadium_name: 대전 한화생명 볼파크 / home_team: HANWHA / store_facility: 빽보이피자 / zone_location: 2층 3루 (더본테이스티) / floor: 2층 / side: 3루 / in_stadium_flag: Y / notes: 구역 단위 위치. 정확한 매장 좌표 아님 (공식 확인 전 정보로 정확하지 않을 수 있습니다.)
SC_FOOD_DAEJEON_037,DAEJEON,대전 한화생명 볼파크,HANWHA,새마을식당,2층 3루 (더본테이스티),2층,3루,Y,UNOFFICIAL,COMMUNITY_SEATVIEW,myseatcheck.com (자리어때),https://myseatcheck.com/%eb%8c%80%ec%a0%84%ed%95%9c%ed%99%94%ec%83%9d%eb%aa%85%eb%b3%bc%ed%8c%8c%ed%81%ac-%eb%a8%b9%ea%b1%b0%eb%a6%ac-2%ec%b8%b5-3%eb%a3%a8-%eb%8d%94%eb%b3%b8%ed%85%8c%ec%9d%b4%ec%8a%a4%ed%8b%b0/,2026-09-10,PARTIAL,구역 단위 위치. 정확한 매장 좌표 아님,[대전 한화생명 볼파크] stadium_code: DAEJEON / stadium_name: 대전 한화생명 볼파크 / home_team: HANWHA / store_facility: 새마을식당 / zone_location: 2층 3루 (더본테이스티) / floor: 2층 / side: 3루 / in_stadium_flag: Y / notes: 구역 단위 위치. 정확한 매장 좌표 아님 (공식 확인 전 정보로 정확하지 않을 수 있습니다.)
SC_FOOD_DAEJEON_038,DAEJEON,대전 한화생명 볼파크,HANWHA,역전우동,2층 3루 (더본테이스티),2층,3루,Y,UNOFFICIAL,COMMUNITY_SEATVIEW,myseatcheck.com (자리어때),https://myseatcheck.com/%eb%8c%80%ec%a0%84%ed%95%9c%ed%99%94%ec%83%9d%eb%aa%85%eb%b3%bc%ed%8c%8c%ed%81%ac-%eb%a8%b9%ea%b1%b0%eb%a6%ac-2%ec%b8%b5-3%eb%a3%a8-%eb%8d%94%eb%b3%b8%ed%85%8c%ec%9d%b4%ec%8a%a4%ed%8b%b0/,2026-09-10,PARTIAL,구역 단위 위치. 정확한 매장 좌표 아님,[대전 한화생명 볼파크] stadium_code: DAEJEON / stadium_name: 대전 한화생명 볼파크 / home_team: HANWHA / store_facility: 역전우동 / zone_location: 2층 3루 (더본테이스티) / floor: 2층 / side: 3루 / in_stadium_flag: Y / notes: 구역 단위 위치. 정확한 매장 좌표 아님 (공식 확인 전 정보로 정확하지 않을 수 있습니다.)
SC_FOOD_DAEJEON_039,DAEJEON,대전 한화생명 볼파크,HANWHA,연돈볼카츠,2층 3루 (더본테이스티),2층,3루,Y,UNOFFICIAL,COMMUNITY_SEATVIEW,myseatcheck.com (자리어때),https://myseatcheck.com/%eb%8c%80%ec%a0%84%ed%95%9c%ed%99%94%ec%83%9d%eb%aa%85%eb%b3%bc%ed%8c%8c%ed%81%ac-%eb%a8%b9%ea%b1%b0%eb%a6%ac-2%ec%b8%b5-3%eb%a3%a8-%eb%8d%94%eb%b3%b8%ed%85%8c%ec%9d%b4%ec%8a%a4%ed%8b%b0/,2026-09-10,PARTIAL,구역 단위 위치. 정확한 매장 좌표 아님,[대전 한화생명 볼파크] stadium_code: DAEJEON / stadium_name: 대전 한화생명 볼파크 / home_team: HANWHA / store_facility: 연돈볼카츠 / zone_location: 2층 3루 (더본테이스티) / floor: 2층 / side: 3루 / in_stadium_flag: Y / notes: 구역 단위 위치. 정확한 매장 좌표 아님 (공식 확인 전 정보로 정확하지 않을 수 있습니다.)
SC_FOOD_DAEJEON_040,DAEJEON,대전 한화생명 볼파크,HANWHA,한신포차,2층 3루 (더본테이스티),2층,3루,Y,UNOFFICIAL,COMMUNITY_SEATVIEW,myseatcheck.com (자리어때),https://myseatcheck.com/%eb%8c%80%ec%a0%84%ed%95%9c%ed%99%94%ec%83%9d%eb%aa%85%eb%b3%bc%ed%8c%8c%ed%81%ac-%eb%a8%b9%ea%b1%b0%eb%a6%ac-2%ec%b8%b5-3%eb%a3%a8-%eb%8d%94%eb%b3%b8%ed%85%8c%ec%9d%b4%ec%8a%a4%ed%8b%b0/,2026-09-10,PARTIAL,구역 단위 위치. 정확한 매장 좌표 아님,[대전 한화생명 볼파크] stadium_code: DAEJEON / stadium_name: 대전 한화생명 볼파크 / home_team: HANWHA / store_facility: 한신포차 / zone_location: 2층 3루 (더본테이스티) / floor: 2층 / side: 3루 / in_stadium_flag: Y / notes: 구역 단위 위치. 정확한 매장 좌표 아님 (공식 확인 전 정보로 정확하지 않을 수 있습니다.)
SC_FOOD_DAEJEON_041,DAEJEON,대전 한화생명 볼파크,HANWHA,GS25 편의점,외부,외부,,N,UNOFFICIAL,COMMUNITY_SEATVIEW,myseatcheck.com (자리어때),https://myseatcheck.com/%eb%8c%80%ec%a0%84%ed%95%9c%ed%99%94%ec%83%9d%eb%aa%85%eb%b3%bc%ed%8c%8c%ed%81%ac-%eb%a8%b9%ea%b1%b0%eb%a6%ac-%ec%99%b8%eb%b6%80/,2026-09-10,PARTIAL,구역 단위 위치. 정확한 매장 좌표 아님,[대전 한화생명 볼파크] stadium_code: DAEJEON / stadium_name: 대전 한화생명 볼파크 / home_team: HANWHA / store_facility: GS25 편의점 / zone_location: 외부 / floor: 외부 / in_stadium_flag: N / notes: 구역 단위 위치. 정확한 매장 좌표 아님 (공식 확인 전 정보로 정확하지 않을 수 있습니다.)
SC_FOOD_DAEJEON_042,DAEJEON,대전 한화생명 볼파크,HANWHA,빽다방 빵연구소,외부,외부,,N,UNOFFICIAL,COMMUNITY_SEATVIEW,myseatcheck.com (자리어때),https://myseatcheck.com/%eb%8c%80%ec%a0%84%ed%95%9c%ed%99%94%ec%83%9d%eb%aa%85%eb%b3%bc%ed%8c%8c%ed%81%ac-%eb%a8%b9%ea%b1%b0%eb%a6%ac-%ec%99%b8%eb%b6%80/,2026-09-10,PARTIAL,구역 단위 위치. 정확한 매장 좌표 아님,[대전 한화생명 볼파크] stadium_code: DAEJEON / stadium_name: 대전 한화생명 볼파크 / home_team: HANWHA / store_facility: 빽다방 빵연구소 / zone_location: 외부 / floor: 외부 / in_stadium_flag: N / notes: 구역 단위 위치. 정확한 매장 좌표 아님 (공식 확인 전 정보로 정확하지 않을 수 있습니다.)
SC_FOOD_DAEGU_001,DAEGU,대구 삼성 라이온즈 파크,SAMSUNG,소프텔리에,3층 (1루),3층,1루,Y,UNOFFICIAL,COMMUNITY_SEATVIEW,myseatcheck.com (자리어때),https://myseatcheck.com/대구-라이온즈파크-먹거리-3층-1루/,2026-09-10,PARTIAL,구역 단위 위치. 정확한 매장 좌표 아님,[대구 삼성 라이온즈 파크] stadium_code: DAEGU / stadium_name: 대구 삼성 라이온즈 파크 / home_team: SAMSUNG / store_facility: 소프텔리에 / zone_location: 3층 (1루) / floor: 3층 / side: 1루 / in_stadium_flag: Y / notes: 구역 단위 위치. 정확한 매장 좌표 아님 (공식 확인 전 정보로 정확하지 않을 수 있습니다.)
SC_FOOD_DAEGU_002,DAEGU,대구 삼성 라이온즈 파크,SAMSUNG,호남원조식당,3층 (1루),3층,1루,Y,UNOFFICIAL,COMMUNITY_SEATVIEW,myseatcheck.com (자리어때),https://myseatcheck.com/대구-라이온즈파크-먹거리-3층-1루/,2026-09-10,PARTIAL,구역 단위 위치. 정확한 매장 좌표 아님,[대구 삼성 라이온즈 파크] stadium_code: DAEGU / stadium_name: 대구 삼성 라이온즈 파크 / home_team: SAMSUNG / store_facility: 호남원조식당 / zone_location: 3층 (1루) / floor: 3층 / side: 1루 / in_stadium_flag: Y / notes: 구역 단위 위치. 정확한 매장 좌표 아님 (공식 확인 전 정보로 정확하지 않을 수 있습니다.)
SC_FOOD_DAEGU_003,DAEGU,대구 삼성 라이온즈 파크,SAMSUNG,CU 편의점,3층 (1루),3층,1루,Y,UNOFFICIAL,COMMUNITY_SEATVIEW,myseatcheck.com (자리어때),https://myseatcheck.com/대구-라이온즈파크-먹거리-3층-1루/,2026-09-10,PARTIAL,구역 단위 위치. 정확한 매장 좌표 아님,[대구 삼성 라이온즈 파크] stadium_code: DAEGU / stadium_name: 대구 삼성 라이온즈 파크 / home_team: SAMSUNG / store_facility: CU 편의점 / zone_location: 3층 (1루) / floor: 3층 / side: 1루 / in_stadium_flag: Y / notes: 구역 단위 위치. 정확한 매장 좌표 아님 (공식 확인 전 정보로 정확하지 않을 수 있습니다.)
SC_FOOD_DAEGU_004,DAEGU,대구 삼성 라이온즈 파크,SAMSUNG,노랑통닭,3층 (1루),3층,1루,Y,UNOFFICIAL,COMMUNITY_SEATVIEW,myseatcheck.com (자리어때),https://myseatcheck.com/대구-라이온즈파크-먹거리-3층-1루/,2026-09-10,PARTIAL,구역 단위 위치. 정확한 매장 좌표 아님,[대구 삼성 라이온즈 파크] stadium_code: DAEGU / stadium_name: 대구 삼성 라이온즈 파크 / home_team: SAMSUNG / store_facility: 노랑통닭 / zone_location: 3층 (1루) / floor: 3층 / side: 1루 / in_stadium_flag: Y / notes: 구역 단위 위치. 정확한 매장 좌표 아님 (공식 확인 전 정보로 정확하지 않을 수 있습니다.)
SC_FOOD_DAEGU_005,DAEGU,대구 삼성 라이온즈 파크,SAMSUNG,노랑통닭,3층 (3루),3층,3루,Y,UNOFFICIAL,COMMUNITY_SEATVIEW,myseatcheck.com (자리어때),https://myseatcheck.com/대구-라이온즈파크-먹거리-3층-3루/,2026-09-10,PARTIAL,구역 단위 위치. 정확한 매장 좌표 아님,[대구 삼성 라이온즈 파크] stadium_code: DAEGU / stadium_name: 대구 삼성 라이온즈 파크 / home_team: SAMSUNG / store_facility: 노랑통닭 / zone_location: 3층 (3루) / floor: 3층 / side: 3루 / in_stadium_flag: Y / notes: 구역 단위 위치. 정확한 매장 좌표 아님 (공식 확인 전 정보로 정확하지 않을 수 있습니다.)
SC_FOOD_DAEGU_006,DAEGU,대구 삼성 라이온즈 파크,SAMSUNG,대신땅콩빵,3층 (3루),3층,3루,Y,UNOFFICIAL,COMMUNITY_SEATVIEW,myseatcheck.com (자리어때),https://myseatcheck.com/대구-라이온즈파크-먹거리-3층-3루/,2026-09-10,PARTIAL,구역 단위 위치. 정확한 매장 좌표 아님,[대구 삼성 라이온즈 파크] stadium_code: DAEGU / stadium_name: 대구 삼성 라이온즈 파크 / home_team: SAMSUNG / store_facility: 대신땅콩빵 / zone_location: 3층 (3루) / floor: 3층 / side: 3루 / in_stadium_flag: Y / notes: 구역 단위 위치. 정확한 매장 좌표 아님 (공식 확인 전 정보로 정확하지 않을 수 있습니다.)
SC_FOOD_DAEGU_007,DAEGU,대구 삼성 라이온즈 파크,SAMSUNG,라온스위트파크,3층 (3루),3층,3루,Y,UNOFFICIAL,COMMUNITY_SEATVIEW,myseatcheck.com (자리어때),https://myseatcheck.com/대구-라이온즈파크-먹거리-3층-3루/,2026-09-10,PARTIAL,구역 단위 위치. 정확한 매장 좌표 아님,[대구 삼성 라이온즈 파크] stadium_code: DAEGU / stadium_name: 대구 삼성 라이온즈 파크 / home_team: SAMSUNG / store_facility: 라온스위트파크 / zone_location: 3층 (3루) / floor: 3층 / side: 3루 / in_stadium_flag: Y / notes: 구역 단위 위치. 정확한 매장 좌표 아님 (공식 확인 전 정보로 정확하지 않을 수 있습니다.)
SC_FOOD_DAEGU_008,DAEGU,대구 삼성 라이온즈 파크,SAMSUNG,버터우드커피,3층 (3루),3층,3루,Y,UNOFFICIAL,COMMUNITY_SEATVIEW,myseatcheck.com (자리어때),https://myseatcheck.com/대구-라이온즈파크-먹거리-3층-3루/,2026-09-10,PARTIAL,구역 단위 위치. 정확한 매장 좌표 아님,[대구 삼성 라이온즈 파크] stadium_code: DAEGU / stadium_name: 대구 삼성 라이온즈 파크 / home_team: SAMSUNG / store_facility: 버터우드커피 / zone_location: 3층 (3루) / floor: 3층 / side: 3루 / in_stadium_flag: Y / notes: 구역 단위 위치. 정확한 매장 좌표 아님 (공식 확인 전 정보로 정확하지 않을 수 있습니다.)
SC_FOOD_DAEGU_009,DAEGU,대구 삼성 라이온즈 파크,SAMSUNG,북촌손만두,3층 (3루),3층,3루,Y,UNOFFICIAL,COMMUNITY_SEATVIEW,myseatcheck.com (자리어때),https://myseatcheck.com/대구-라이온즈파크-먹거리-3층-3루/,2026-09-10,PARTIAL,구역 단위 위치. 정확한 매장 좌표 아님,[대구 삼성 라이온즈 파크] stadium_code: DAEGU / stadium_name: 대구 삼성 라이온즈 파크 / home_team: SAMSUNG / store_facility: 북촌손만두 / zone_location: 3층 (3루) / floor: 3층 / side: 3루 / in_stadium_flag: Y / notes: 구역 단위 위치. 정확한 매장 좌표 아님 (공식 확인 전 정보로 정확하지 않을 수 있습니다.)
SC_FOOD_DAEGU_010,DAEGU,대구 삼성 라이온즈 파크,SAMSUNG,"서문빙수, 장여사",3층 (3루),3층,3루,Y,UNOFFICIAL,COMMUNITY_SEATVIEW,myseatcheck.com (자리어때),https://myseatcheck.com/대구-라이온즈파크-먹거리-3층-3루/,2026-09-10,PARTIAL,구역 단위 위치. 정확한 매장 좌표 아님,"[대구 삼성 라이온즈 파크] stadium_code: DAEGU / stadium_name: 대구 삼성 라이온즈 파크 / home_team: SAMSUNG / store_facility: 서문빙수, 장여사 / zone_location: 3층 (3루) / floor: 3층 / side: 3루 / in_stadium_flag: Y / notes: 구역 단위 위치. 정확한 매장 좌표 아님 (공식 확인 전 정보로 정확하지 않을 수 있습니다.)"
SC_FOOD_DAEGU_011,DAEGU,대구 삼성 라이온즈 파크,SAMSUNG,알통떡강정,3층 (3루),3층,3루,Y,UNOFFICIAL,COMMUNITY_SEATVIEW,myseatcheck.com (자리어때),https://myseatcheck.com/대구-라이온즈파크-먹거리-3층-3루/,2026-09-10,PARTIAL,구역 단위 위치. 정확한 매장 좌표 아님,[대구 삼성 라이온즈 파크] stadium_code: DAEGU / stadium_name: 대구 삼성 라이온즈 파크 / home_team: SAMSUNG / store_facility: 알통떡강정 / zone_location: 3층 (3루) / floor: 3층 / side: 3루 / in_stadium_flag: Y / notes: 구역 단위 위치. 정확한 매장 좌표 아님 (공식 확인 전 정보로 정확하지 않을 수 있습니다.)
SC_FOOD_DAEGU_012,DAEGU,대구 삼성 라이온즈 파크,SAMSUNG,역전우동,3층 (3루),3층,3루,Y,UNOFFICIAL,COMMUNITY_SEATVIEW,myseatcheck.com (자리어때),https://myseatcheck.com/대구-라이온즈파크-먹거리-3층-3루/,2026-09-10,PARTIAL,구역 단위 위치. 정확한 매장 좌표 아님,[대구 삼성 라이온즈 파크] stadium_code: DAEGU / stadium_name: 대구 삼성 라이온즈 파크 / home_team: SAMSUNG / store_facility: 역전우동 / zone_location: 3층 (3루) / floor: 3층 / side: 3루 / in_stadium_flag: Y / notes: 구역 단위 위치. 정확한 매장 좌표 아님 (공식 확인 전 정보로 정확하지 않을 수 있습니다.)
SC_FOOD_DAEGU_013,DAEGU,대구 삼성 라이온즈 파크,SAMSUNG,이쁜여우핫도그,3층 (3루),3층,3루,Y,UNOFFICIAL,COMMUNITY_SEATVIEW,myseatcheck.com (자리어때),https://myseatcheck.com/대구-라이온즈파크-먹거리-3층-3루/,2026-09-10,PARTIAL,구역 단위 위치. 정확한 매장 좌표 아님,[대구 삼성 라이온즈 파크] stadium_code: DAEGU / stadium_name: 대구 삼성 라이온즈 파크 / home_team: SAMSUNG / store_facility: 이쁜여우핫도그 / zone_location: 3층 (3루) / floor: 3층 / side: 3루 / in_stadium_flag: Y / notes: 구역 단위 위치. 정확한 매장 좌표 아님 (공식 확인 전 정보로 정확하지 않을 수 있습니다.)
SC_FOOD_DAEGU_014,DAEGU,대구 삼성 라이온즈 파크,SAMSUNG,전설꼬치,3층 (3루),3층,3루,Y,UNOFFICIAL,COMMUNITY_SEATVIEW,myseatcheck.com (자리어때),https://myseatcheck.com/대구-라이온즈파크-먹거리-3층-3루/,2026-09-10,PARTIAL,구역 단위 위치. 정확한 매장 좌표 아님,[대구 삼성 라이온즈 파크] stadium_code: DAEGU / stadium_name: 대구 삼성 라이온즈 파크 / home_team: SAMSUNG / store_facility: 전설꼬치 / zone_location: 3층 (3루) / floor: 3층 / side: 3루 / in_stadium_flag: Y / notes: 구역 단위 위치. 정확한 매장 좌표 아님 (공식 확인 전 정보로 정확하지 않을 수 있습니다.)
SC_FOOD_DAEGU_015,DAEGU,대구 삼성 라이온즈 파크,SAMSUNG,해피치즈스마일,3층 (3루),3층,3루,Y,UNOFFICIAL,COMMUNITY_SEATVIEW,myseatcheck.com (자리어때),https://myseatcheck.com/대구-라이온즈파크-먹거리-3층-3루/,2026-09-10,PARTIAL,구역 단위 위치. 정확한 매장 좌표 아님,[대구 삼성 라이온즈 파크] stadium_code: DAEGU / stadium_name: 대구 삼성 라이온즈 파크 / home_team: SAMSUNG / store_facility: 해피치즈스마일 / zone_location: 3층 (3루) / floor: 3층 / side: 3루 / in_stadium_flag: Y / notes: 구역 단위 위치. 정확한 매장 좌표 아님 (공식 확인 전 정보로 정확하지 않을 수 있습니다.)
SC_FOOD_DAEGU_016,DAEGU,대구 삼성 라이온즈 파크,SAMSUNG,몬나니떡볶이,5층 (1루),5층,1루,Y,UNOFFICIAL,COMMUNITY_SEATVIEW,myseatcheck.com (자리어때),https://myseatcheck.com/대구-라이온즈파크-먹거리-5층/,2026-09-10,PARTIAL,구역 단위 위치. 정확한 매장 좌표 아님,[대구 삼성 라이온즈 파크] stadium_code: DAEGU / stadium_name: 대구 삼성 라이온즈 파크 / home_team: SAMSUNG / store_facility: 몬나니떡볶이 / zone_location: 5층 (1루) / floor: 5층 / side: 1루 / in_stadium_flag: Y / notes: 구역 단위 위치. 정확한 매장 좌표 아님 (공식 확인 전 정보로 정확하지 않을 수 있습니다.)
SC_FOOD_DAEGU_017,DAEGU,대구 삼성 라이온즈 파크,SAMSUNG,생맥주(1루),5층 (1루),5층,1루,Y,UNOFFICIAL,COMMUNITY_SEATVIEW,myseatcheck.com (자리어때),https://myseatcheck.com/대구-라이온즈파크-먹거리-5층/,2026-09-10,PARTIAL,구역 단위 위치. 정확한 매장 좌표 아님,[대구 삼성 라이온즈 파크] stadium_code: DAEGU / stadium_name: 대구 삼성 라이온즈 파크 / home_team: SAMSUNG / store_facility: 생맥주(1루) / zone_location: 5층 (1루) / floor: 5층 / side: 1루 / in_stadium_flag: Y / notes: 구역 단위 위치. 정확한 매장 좌표 아님 (공식 확인 전 정보로 정확하지 않을 수 있습니다.)
SC_FOOD_DAEGU_018,DAEGU,대구 삼성 라이온즈 파크,SAMSUNG,요아정,5층 (1루),5층,1루,Y,UNOFFICIAL,COMMUNITY_SEATVIEW,myseatcheck.com (자리어때),https://myseatcheck.com/대구-라이온즈파크-먹거리-5층/,2026-09-10,PARTIAL,구역 단위 위치. 정확한 매장 좌표 아님,[대구 삼성 라이온즈 파크] stadium_code: DAEGU / stadium_name: 대구 삼성 라이온즈 파크 / home_team: SAMSUNG / store_facility: 요아정 / zone_location: 5층 (1루) / floor: 5층 / side: 1루 / in_stadium_flag: Y / notes: 구역 단위 위치. 정확한 매장 좌표 아님 (공식 확인 전 정보로 정확하지 않을 수 있습니다.)
SC_FOOD_DAEGU_019,DAEGU,대구 삼성 라이온즈 파크,SAMSUNG,CU편의점,5층 (3루),5층,3루,Y,UNOFFICIAL,COMMUNITY_SEATVIEW,myseatcheck.com (자리어때),https://myseatcheck.com/대구-라이온즈파크-먹거리-5층/,2026-09-10,PARTIAL,구역 단위 위치. 정확한 매장 좌표 아님,[대구 삼성 라이온즈 파크] stadium_code: DAEGU / stadium_name: 대구 삼성 라이온즈 파크 / home_team: SAMSUNG / store_facility: CU편의점 / zone_location: 5층 (3루) / floor: 5층 / side: 3루 / in_stadium_flag: Y / notes: 구역 단위 위치. 정확한 매장 좌표 아님 (공식 확인 전 정보로 정확하지 않을 수 있습니다.)
SC_FOOD_DAEGU_020,DAEGU,대구 삼성 라이온즈 파크,SAMSUNG,보배반점,5층 (3루),5층,3루,Y,UNOFFICIAL,COMMUNITY_SEATVIEW,myseatcheck.com (자리어때),https://myseatcheck.com/대구-라이온즈파크-먹거리-5층/,2026-09-10,PARTIAL,구역 단위 위치. 정확한 매장 좌표 아님,[대구 삼성 라이온즈 파크] stadium_code: DAEGU / stadium_name: 대구 삼성 라이온즈 파크 / home_team: SAMSUNG / store_facility: 보배반점 / zone_location: 5층 (3루) / floor: 5층 / side: 3루 / in_stadium_flag: Y / notes: 구역 단위 위치. 정확한 매장 좌표 아님 (공식 확인 전 정보로 정확하지 않을 수 있습니다.)
SC_FOOD_DAEGU_021,DAEGU,대구 삼성 라이온즈 파크,SAMSUNG,생맥주(3루),5층 (3루),5층,3루,Y,UNOFFICIAL,COMMUNITY_SEATVIEW,myseatcheck.com (자리어때),https://myseatcheck.com/대구-라이온즈파크-먹거리-5층/,2026-09-10,PARTIAL,구역 단위 위치. 정확한 매장 좌표 아님,[대구 삼성 라이온즈 파크] stadium_code: DAEGU / stadium_name: 대구 삼성 라이온즈 파크 / home_team: SAMSUNG / store_facility: 생맥주(3루) / zone_location: 5층 (3루) / floor: 5층 / side: 3루 / in_stadium_flag: Y / notes: 구역 단위 위치. 정확한 매장 좌표 아님 (공식 확인 전 정보로 정확하지 않을 수 있습니다.)
SC_FOOD_DAEGU_022,DAEGU,대구 삼성 라이온즈 파크,SAMSUNG,설빙,5층 (3루),5층,3루,Y,UNOFFICIAL,COMMUNITY_SEATVIEW,myseatcheck.com (자리어때),https://myseatcheck.com/대구-라이온즈파크-먹거리-5층/,2026-09-10,PARTIAL,구역 단위 위치. 정확한 매장 좌표 아님,[대구 삼성 라이온즈 파크] stadium_code: DAEGU / stadium_name: 대구 삼성 라이온즈 파크 / home_team: SAMSUNG / store_facility: 설빙 / zone_location: 5층 (3루) / floor: 5층 / side: 3루 / in_stadium_flag: Y / notes: 구역 단위 위치. 정확한 매장 좌표 아님 (공식 확인 전 정보로 정확하지 않을 수 있습니다.)
SC_FOOD_DAEGU_023,DAEGU,대구 삼성 라이온즈 파크,SAMSUNG,스테이션,5층 (3루),5층,3루,Y,UNOFFICIAL,COMMUNITY_SEATVIEW,myseatcheck.com (자리어때),https://myseatcheck.com/대구-라이온즈파크-먹거리-5층/,2026-09-10,PARTIAL,구역 단위 위치. 정확한 매장 좌표 아님,[대구 삼성 라이온즈 파크] stadium_code: DAEGU / stadium_name: 대구 삼성 라이온즈 파크 / home_team: SAMSUNG / store_facility: 스테이션 / zone_location: 5층 (3루) / floor: 5층 / side: 3루 / in_stadium_flag: Y / notes: 구역 단위 위치. 정확한 매장 좌표 아님 (공식 확인 전 정보로 정확하지 않을 수 있습니다.)
SC_FOOD_DAEGU_024,DAEGU,대구 삼성 라이온즈 파크,SAMSUNG,잭슨치킨,5층 (3루),5층,3루,Y,UNOFFICIAL,COMMUNITY_SEATVIEW,myseatcheck.com (자리어때),https://myseatcheck.com/대구-라이온즈파크-먹거리-5층/,2026-09-10,PARTIAL,구역 단위 위치. 정확한 매장 좌표 아님,[대구 삼성 라이온즈 파크] stadium_code: DAEGU / stadium_name: 대구 삼성 라이온즈 파크 / home_team: SAMSUNG / store_facility: 잭슨치킨 / zone_location: 5층 (3루) / floor: 5층 / side: 3루 / in_stadium_flag: Y / notes: 구역 단위 위치. 정확한 매장 좌표 아님 (공식 확인 전 정보로 정확하지 않을 수 있습니다.)
SC_FOOD_DAEGU_025,DAEGU,대구 삼성 라이온즈 파크,SAMSUNG,CU 편의점,2층 (푸드스트릿),2층,,Y,UNOFFICIAL,COMMUNITY_SEATVIEW,myseatcheck.com (자리어때),https://myseatcheck.com/대구-라이온즈파크-먹거리-2층-푸드스트리트/,2026-09-10,PARTIAL,구역 단위 위치. 정확한 매장 좌표 아님,[대구 삼성 라이온즈 파크] stadium_code: DAEGU / stadium_name: 대구 삼성 라이온즈 파크 / home_team: SAMSUNG / store_facility: CU 편의점 / zone_location: 2층 (푸드스트릿) / floor: 2층 / in_stadium_flag: Y / notes: 구역 단위 위치. 정확한 매장 좌표 아님 (공식 확인 전 정보로 정확하지 않을 수 있습니다.)
SC_FOOD_DAEGU_026,DAEGU,대구 삼성 라이온즈 파크,SAMSUNG,북촌손만두,2층 (푸드스트릿),2층,,Y,UNOFFICIAL,COMMUNITY_SEATVIEW,myseatcheck.com (자리어때),https://myseatcheck.com/대구-라이온즈파크-먹거리-2층-푸드스트리트/,2026-09-10,PARTIAL,구역 단위 위치. 정확한 매장 좌표 아님,[대구 삼성 라이온즈 파크] stadium_code: DAEGU / stadium_name: 대구 삼성 라이온즈 파크 / home_team: SAMSUNG / store_facility: 북촌손만두 / zone_location: 2층 (푸드스트릿) / floor: 2층 / in_stadium_flag: Y / notes: 구역 단위 위치. 정확한 매장 좌표 아님 (공식 확인 전 정보로 정확하지 않을 수 있습니다.)
SC_FOOD_DAEGU_027,DAEGU,대구 삼성 라이온즈 파크,SAMSUNG,역전우동,2층 (푸드스트릿),2층,,Y,UNOFFICIAL,COMMUNITY_SEATVIEW,myseatcheck.com (자리어때),https://myseatcheck.com/대구-라이온즈파크-먹거리-2층-푸드스트리트/,2026-09-10,PARTIAL,구역 단위 위치. 정확한 매장 좌표 아님,[대구 삼성 라이온즈 파크] stadium_code: DAEGU / stadium_name: 대구 삼성 라이온즈 파크 / home_team: SAMSUNG / store_facility: 역전우동 / zone_location: 2층 (푸드스트릿) / floor: 2층 / in_stadium_flag: Y / notes: 구역 단위 위치. 정확한 매장 좌표 아님 (공식 확인 전 정보로 정확하지 않을 수 있습니다.)
SC_FOOD_DAEGU_028,DAEGU,대구 삼성 라이온즈 파크,SAMSUNG,파파존스,2층 (푸드스트릿),2층,,Y,UNOFFICIAL,COMMUNITY_SEATVIEW,myseatcheck.com (자리어때),https://myseatcheck.com/대구-라이온즈파크-먹거리-2층-푸드스트리트/,2026-09-10,PARTIAL,구역 단위 위치. 정확한 매장 좌표 아님,[대구 삼성 라이온즈 파크] stadium_code: DAEGU / stadium_name: 대구 삼성 라이온즈 파크 / home_team: SAMSUNG / store_facility: 파파존스 / zone_location: 2층 (푸드스트릿) / floor: 2층 / in_stadium_flag: Y / notes: 구역 단위 위치. 정확한 매장 좌표 아님 (공식 확인 전 정보로 정확하지 않을 수 있습니다.)
SC_FOOD_DAEGU_029,DAEGU,대구 삼성 라이온즈 파크,SAMSUNG,해피치즈스마일,2층 (푸드스트릿),2층,,Y,UNOFFICIAL,COMMUNITY_SEATVIEW,myseatcheck.com (자리어때),https://myseatcheck.com/대구-라이온즈파크-먹거리-2층-푸드스트리트/,2026-09-10,PARTIAL,구역 단위 위치. 정확한 매장 좌표 아님,[대구 삼성 라이온즈 파크] stadium_code: DAEGU / stadium_name: 대구 삼성 라이온즈 파크 / home_team: SAMSUNG / store_facility: 해피치즈스마일 / zone_location: 2층 (푸드스트릿) / floor: 2층 / in_stadium_flag: Y / notes: 구역 단위 위치. 정확한 매장 좌표 아님 (공식 확인 전 정보로 정확하지 않을 수 있습니다.)
SC_FOOD_DAEGU_030,DAEGU,대구 삼성 라이온즈 파크,SAMSUNG,HABANERO (RF9),2층 (외야),2층,외야,Y,UNOFFICIAL,COMMUNITY_SEATVIEW,myseatcheck.com (자리어때),https://myseatcheck.com/대구-라이온즈파크-먹거리-2층-외야/,2026-09-10,PARTIAL,구역 단위 위치. 정확한 매장 좌표 아님,[대구 삼성 라이온즈 파크] stadium_code: DAEGU / stadium_name: 대구 삼성 라이온즈 파크 / home_team: SAMSUNG / store_facility: HABANERO (RF9) / zone_location: 2층 (외야) / floor: 2층 / side: 외야 / in_stadium_flag: Y / notes: 구역 단위 위치. 정확한 매장 좌표 아님 (공식 확인 전 정보로 정확하지 않을 수 있습니다.)
SC_FOOD_DAEGU_031,DAEGU,대구 삼성 라이온즈 파크,SAMSUNG,생맥주(RF9),2층 (외야),2층,외야,Y,UNOFFICIAL,COMMUNITY_SEATVIEW,myseatcheck.com (자리어때),https://myseatcheck.com/대구-라이온즈파크-먹거리-2층-외야/,2026-09-10,PARTIAL,구역 단위 위치. 정확한 매장 좌표 아님,[대구 삼성 라이온즈 파크] stadium_code: DAEGU / stadium_name: 대구 삼성 라이온즈 파크 / home_team: SAMSUNG / store_facility: 생맥주(RF9) / zone_location: 2층 (외야) / floor: 2층 / side: 외야 / in_stadium_flag: Y / notes: 구역 단위 위치. 정확한 매장 좌표 아님 (공식 확인 전 정보로 정확하지 않을 수 있습니다.)
SC_FOOD_DAEGU_032,DAEGU,대구 삼성 라이온즈 파크,SAMSUNG,디저트(LF9),2층 (외야),2층,외야,Y,UNOFFICIAL,COMMUNITY_SEATVIEW,myseatcheck.com (자리어때),https://myseatcheck.com/대구-라이온즈파크-먹거리-2층-외야/,2026-09-10,PARTIAL,구역 단위 위치. 정확한 매장 좌표 아님,[대구 삼성 라이온즈 파크] stadium_code: DAEGU / stadium_name: 대구 삼성 라이온즈 파크 / home_team: SAMSUNG / store_facility: 디저트(LF9) / zone_location: 2층 (외야) / floor: 2층 / side: 외야 / in_stadium_flag: Y / notes: 구역 단위 위치. 정확한 매장 좌표 아님 (공식 확인 전 정보로 정확하지 않을 수 있습니다.)
SC_FOOD_DAEGU_033,DAEGU,대구 삼성 라이온즈 파크,SAMSUNG,생맥주(Lf9),2층 (외야),2층,외야,Y,UNOFFICIAL,COMMUNITY_SEATVIEW,myseatcheck.com (자리어때),https://myseatcheck.com/대구-라이온즈파크-먹거리-2층-외야/,2026-09-10,PARTIAL,구역 단위 위치. 정확한 매장 좌표 아님,[대구 삼성 라이온즈 파크] stadium_code: DAEGU / stadium_name: 대구 삼성 라이온즈 파크 / home_team: SAMSUNG / store_facility: 생맥주(Lf9) / zone_location: 2층 (외야) / floor: 2층 / side: 외야 / in_stadium_flag: Y / notes: 구역 단위 위치. 정확한 매장 좌표 아님 (공식 확인 전 정보로 정확하지 않을 수 있습니다.)
SC_FOOD_DAEGU_034,DAEGU,대구 삼성 라이온즈 파크,SAMSUNG,크레페(LF5),2층 (외야),2층,외야,Y,UNOFFICIAL,COMMUNITY_SEATVIEW,myseatcheck.com (자리어때),https://myseatcheck.com/대구-라이온즈파크-먹거리-2층-외야/,2026-09-10,PARTIAL,구역 단위 위치. 정확한 매장 좌표 아님,[대구 삼성 라이온즈 파크] stadium_code: DAEGU / stadium_name: 대구 삼성 라이온즈 파크 / home_team: SAMSUNG / store_facility: 크레페(LF5) / zone_location: 2층 (외야) / floor: 2층 / side: 외야 / in_stadium_flag: Y / notes: 구역 단위 위치. 정확한 매장 좌표 아님 (공식 확인 전 정보로 정확하지 않을 수 있습니다.)
SC_FOOD_DAEGU_035,DAEGU,대구 삼성 라이온즈 파크,SAMSUNG,생맥주(LF5),2층 (외야),2층,외야,Y,UNOFFICIAL,COMMUNITY_SEATVIEW,myseatcheck.com (자리어때),https://myseatcheck.com/대구-라이온즈파크-먹거리-2층-외야/,2026-09-10,PARTIAL,구역 단위 위치. 정확한 매장 좌표 아님,[대구 삼성 라이온즈 파크] stadium_code: DAEGU / stadium_name: 대구 삼성 라이온즈 파크 / home_team: SAMSUNG / store_facility: 생맥주(LF5) / zone_location: 2층 (외야) / floor: 2층 / side: 외야 / in_stadium_flag: Y / notes: 구역 단위 위치. 정확한 매장 좌표 아님 (공식 확인 전 정보로 정확하지 않을 수 있습니다.)
SC_FOOD_DAEGU_036,DAEGU,대구 삼성 라이온즈 파크,SAMSUNG,루프탑테이블석,2층 (외야),2층,외야,Y,UNOFFICIAL,COMMUNITY_SEATVIEW,myseatcheck.com (자리어때),https://myseatcheck.com/대구-라이온즈파크-먹거리-2층-외야/,2026-09-10,PARTIAL,구역 단위 위치. 정확한 매장 좌표 아님,[대구 삼성 라이온즈 파크] stadium_code: DAEGU / stadium_name: 대구 삼성 라이온즈 파크 / home_team: SAMSUNG / store_facility: 루프탑테이블석 / zone_location: 2층 (외야) / floor: 2층 / side: 외야 / in_stadium_flag: Y / notes: 구역 단위 위치. 정확한 매장 좌표 아님 (공식 확인 전 정보로 정확하지 않을 수 있습니다.)
SC_FOOD_DAEGU_037,DAEGU,대구 삼성 라이온즈 파크,SAMSUNG,맘스터치,2층 (외부),외부,,N,UNOFFICIAL,COMMUNITY_SEATVIEW,myseatcheck.com (자리어때),https://myseatcheck.com/대구-라이온즈파크-먹거리-2층-외부/,2026-09-10,PARTIAL,구역 단위 위치. 정확한 매장 좌표 아님,[대구 삼성 라이온즈 파크] stadium_code: DAEGU / stadium_name: 대구 삼성 라이온즈 파크 / home_team: SAMSUNG / store_facility: 맘스터치 / zone_location: 2층 (외부) / floor: 외부 / in_stadium_flag: N / notes: 구역 단위 위치. 정확한 매장 좌표 아님 (공식 확인 전 정보로 정확하지 않을 수 있습니다.)
SC_FOOD_DAEGU_038,DAEGU,대구 삼성 라이온즈 파크,SAMSUNG,버터우드커피1,2층 (외부),외부,,N,UNOFFICIAL,COMMUNITY_SEATVIEW,myseatcheck.com (자리어때),https://myseatcheck.com/대구-라이온즈파크-먹거리-2층-외부/,2026-09-10,PARTIAL,구역 단위 위치. 정확한 매장 좌표 아님,[대구 삼성 라이온즈 파크] stadium_code: DAEGU / stadium_name: 대구 삼성 라이온즈 파크 / home_team: SAMSUNG / store_facility: 버터우드커피1 / zone_location: 2층 (외부) / floor: 외부 / in_stadium_flag: N / notes: 구역 단위 위치. 정확한 매장 좌표 아님 (공식 확인 전 정보로 정확하지 않을 수 있습니다.)
SC_FOOD_DAEGU_039,DAEGU,대구 삼성 라이온즈 파크,SAMSUNG,WOKSTER,2층 (외부),외부,,N,UNOFFICIAL,COMMUNITY_SEATVIEW,myseatcheck.com (자리어때),https://myseatcheck.com/대구-라이온즈파크-먹거리-2층-외부/,2026-09-10,PARTIAL,구역 단위 위치. 정확한 매장 좌표 아님,[대구 삼성 라이온즈 파크] stadium_code: DAEGU / stadium_name: 대구 삼성 라이온즈 파크 / home_team: SAMSUNG / store_facility: WOKSTER / zone_location: 2층 (외부) / floor: 외부 / in_stadium_flag: N / notes: 구역 단위 위치. 정확한 매장 좌표 아님 (공식 확인 전 정보로 정확하지 않을 수 있습니다.)
SC_FOOD_DAEGU_040,DAEGU,대구 삼성 라이온즈 파크,SAMSUNG,브뤼셀프라이,2층 (외부),외부,,N,UNOFFICIAL,COMMUNITY_SEATVIEW,myseatcheck.com (자리어때),https://myseatcheck.com/대구-라이온즈파크-먹거리-2층-외부/,2026-09-10,PARTIAL,구역 단위 위치. 정확한 매장 좌표 아님,[대구 삼성 라이온즈 파크] stadium_code: DAEGU / stadium_name: 대구 삼성 라이온즈 파크 / home_team: SAMSUNG / store_facility: 브뤼셀프라이 / zone_location: 2층 (외부) / floor: 외부 / in_stadium_flag: N / notes: 구역 단위 위치. 정확한 매장 좌표 아님 (공식 확인 전 정보로 정확하지 않을 수 있습니다.)
SC_FOOD_DAEGU_041,DAEGU,대구 삼성 라이온즈 파크,SAMSUNG,버터우드커피2,2층 (외부),외부,,N,UNOFFICIAL,COMMUNITY_SEATVIEW,myseatcheck.com (자리어때),https://myseatcheck.com/대구-라이온즈파크-먹거리-2층-외부/,2026-09-10,PARTIAL,구역 단위 위치. 정확한 매장 좌표 아님,[대구 삼성 라이온즈 파크] stadium_code: DAEGU / stadium_name: 대구 삼성 라이온즈 파크 / home_team: SAMSUNG / store_facility: 버터우드커피2 / zone_location: 2층 (외부) / floor: 외부 / in_stadium_flag: N / notes: 구역 단위 위치. 정확한 매장 좌표 아님 (공식 확인 전 정보로 정확하지 않을 수 있습니다.)
SC_FOOD_DAEGU_042,DAEGU,대구 삼성 라이온즈 파크,SAMSUNG,스트릿츄러스,2층 (외부),외부,,N,UNOFFICIAL,COMMUNITY_SEATVIEW,myseatcheck.com (자리어때),https://myseatcheck.com/대구-라이온즈파크-먹거리-2층-외부/,2026-09-10,PARTIAL,구역 단위 위치. 정확한 매장 좌표 아님,[대구 삼성 라이온즈 파크] stadium_code: DAEGU / stadium_name: 대구 삼성 라이온즈 파크 / home_team: SAMSUNG / store_facility: 스트릿츄러스 / zone_location: 2층 (외부) / floor: 외부 / in_stadium_flag: N / notes: 구역 단위 위치. 정확한 매장 좌표 아님 (공식 확인 전 정보로 정확하지 않을 수 있습니다.)
SC_FOOD_DAEGU_043,DAEGU,대구 삼성 라이온즈 파크,SAMSUNG,알통떡강정,2층 (외부),외부,,N,UNOFFICIAL,COMMUNITY_SEATVIEW,myseatcheck.com (자리어때),https://myseatcheck.com/대구-라이온즈파크-먹거리-2층-외부/,2026-09-10,PARTIAL,구역 단위 위치. 정확한 매장 좌표 아님,[대구 삼성 라이온즈 파크] stadium_code: DAEGU / stadium_name: 대구 삼성 라이온즈 파크 / home_team: SAMSUNG / store_facility: 알통떡강정 / zone_location: 2층 (외부) / floor: 외부 / in_stadium_flag: N / notes: 구역 단위 위치. 정확한 매장 좌표 아님 (공식 확인 전 정보로 정확하지 않을 수 있습니다.)
SC_FOOD_GWANGJU_001,GWANGJU,광주 KIA 챔피언스필드,KIA,BHC치킨,1루 3층,3층,1루,Y,UNOFFICIAL,COMMUNITY_SEATVIEW,myseatcheck.com (자리어때),https://myseatcheck.com/광주-챔피언스필드-먹거리-1루-3층/,2026-09-10,PARTIAL,구역 단위 위치. 정확한 매장 좌표 아님,[광주-KIA 챔피언스 필드] stadium_code: GWANGJU / stadium_name: 광주 KIA 챔피언스필드 / home_team: KIA / store_facility: BHC치킨 / zone_location: 1루 3층 / floor: 3층 / side: 1루 / in_stadium_flag: Y / notes: 구역 단위 위치. 정확한 매장 좌표 아님 (공식 확인 전 정보로 정확하지 않을 수 있습니다.)
SC_FOOD_GWANGJU_002,GWANGJU,광주 KIA 챔피언스필드,KIA,CU편의점,1루 3층,3층,1루,Y,UNOFFICIAL,COMMUNITY_SEATVIEW,myseatcheck.com (자리어때),https://myseatcheck.com/광주-챔피언스필드-먹거리-1루-3층/,2026-09-10,PARTIAL,구역 단위 위치. 정확한 매장 좌표 아님,[광주-KIA 챔피언스 필드] stadium_code: GWANGJU / stadium_name: 광주 KIA 챔피언스필드 / home_team: KIA / store_facility: CU편의점 / zone_location: 1루 3층 / floor: 3층 / side: 1루 / in_stadium_flag: Y / notes: 구역 단위 위치. 정확한 매장 좌표 아님 (공식 확인 전 정보로 정확하지 않을 수 있습니다.)
SC_FOOD_GWANGJU_003,GWANGJU,광주 KIA 챔피언스필드,KIA,STATION(새우),1루 3층,3층,1루,Y,UNOFFICIAL,COMMUNITY_SEATVIEW,myseatcheck.com (자리어때),https://myseatcheck.com/광주-챔피언스필드-먹거리-1루-3층/,2026-09-10,PARTIAL,구역 단위 위치. 정확한 매장 좌표 아님,[광주-KIA 챔피언스 필드] stadium_code: GWANGJU / stadium_name: 광주 KIA 챔피언스필드 / home_team: KIA / store_facility: STATION(새우) / zone_location: 1루 3층 / floor: 3층 / side: 1루 / in_stadium_flag: Y / notes: 구역 단위 위치. 정확한 매장 좌표 아님 (공식 확인 전 정보로 정확하지 않을 수 있습니다.)
SC_FOOD_GWANGJU_004,GWANGJU,광주 KIA 챔피언스필드,KIA,타코잇,1루 3층,3층,1루,Y,UNOFFICIAL,COMMUNITY_SEATVIEW,myseatcheck.com (자리어때),https://myseatcheck.com/광주-챔피언스필드-먹거리-1루-3층/,2026-09-10,PARTIAL,구역 단위 위치. 정확한 매장 좌표 아님,[광주-KIA 챔피언스 필드] stadium_code: GWANGJU / stadium_name: 광주 KIA 챔피언스필드 / home_team: KIA / store_facility: 타코잇 / zone_location: 1루 3층 / floor: 3층 / side: 1루 / in_stadium_flag: Y / notes: 구역 단위 위치. 정확한 매장 좌표 아님 (공식 확인 전 정보로 정확하지 않을 수 있습니다.)
SC_FOOD_GWANGJU_005,GWANGJU,광주 KIA 챔피언스필드,KIA,감탄떡볶이,1루 3층,3층,1루,Y,UNOFFICIAL,COMMUNITY_SEATVIEW,myseatcheck.com (자리어때),https://myseatcheck.com/광주-챔피언스필드-먹거리-1루-3층/,2026-09-10,PARTIAL,구역 단위 위치. 정확한 매장 좌표 아님,[광주-KIA 챔피언스 필드] stadium_code: GWANGJU / stadium_name: 광주 KIA 챔피언스필드 / home_team: KIA / store_facility: 감탄떡볶이 / zone_location: 1루 3층 / floor: 3층 / side: 1루 / in_stadium_flag: Y / notes: 구역 단위 위치. 정확한 매장 좌표 아님 (공식 확인 전 정보로 정확하지 않을 수 있습니다.)
SC_FOOD_GWANGJU_006,GWANGJU,광주 KIA 챔피언스필드,KIA,스트릿츄러스,1루 3층,3층,1루,Y,UNOFFICIAL,COMMUNITY_SEATVIEW,myseatcheck.com (자리어때),https://myseatcheck.com/광주-챔피언스필드-먹거리-1루-3층/,2026-09-10,PARTIAL,구역 단위 위치. 정확한 매장 좌표 아님,[광주-KIA 챔피언스 필드] stadium_code: GWANGJU / stadium_name: 광주 KIA 챔피언스필드 / home_team: KIA / store_facility: 스트릿츄러스 / zone_location: 1루 3층 / floor: 3층 / side: 1루 / in_stadium_flag: Y / notes: 구역 단위 위치. 정확한 매장 좌표 아님 (공식 확인 전 정보로 정확하지 않을 수 있습니다.)
SC_FOOD_GWANGJU_007,GWANGJU,광주 KIA 챔피언스필드,KIA,프랭크버거,1루 3층,3층,1루,Y,UNOFFICIAL,COMMUNITY_SEATVIEW,myseatcheck.com (자리어때),https://myseatcheck.com/광주-챔피언스필드-먹거리-1루-3층/,2026-09-10,PARTIAL,구역 단위 위치. 정확한 매장 좌표 아님,[광주-KIA 챔피언스 필드] stadium_code: GWANGJU / stadium_name: 광주 KIA 챔피언스필드 / home_team: KIA / store_facility: 프랭크버거 / zone_location: 1루 3층 / floor: 3층 / side: 1루 / in_stadium_flag: Y / notes: 구역 단위 위치. 정확한 매장 좌표 아님 (공식 확인 전 정보로 정확하지 않을 수 있습니다.)
SC_FOOD_GWANGJU_008,GWANGJU,광주 KIA 챔피언스필드,KIA,파파존스,1루 3층,3층,1루,Y,UNOFFICIAL,COMMUNITY_SEATVIEW,myseatcheck.com (자리어때),https://myseatcheck.com/광주-챔피언스필드-먹거리-1루-3층/,2026-09-10,PARTIAL,구역 단위 위치. 정확한 매장 좌표 아님,[광주-KIA 챔피언스 필드] stadium_code: GWANGJU / stadium_name: 광주 KIA 챔피언스필드 / home_team: KIA / store_facility: 파파존스 / zone_location: 1루 3층 / floor: 3층 / side: 1루 / in_stadium_flag: Y / notes: 구역 단위 위치. 정확한 매장 좌표 아님 (공식 확인 전 정보로 정확하지 않을 수 있습니다.)
SC_FOOD_GWANGJU_009,GWANGJU,광주 KIA 챔피언스필드,KIA,XOXO핫도그,1루 4층,4층,1루,Y,UNOFFICIAL,COMMUNITY_SEATVIEW,myseatcheck.com (자리어때),https://myseatcheck.com/광주-챔피언스필드-먹거리-1루-4층/,2026-09-10,PARTIAL,구역 단위 위치. 정확한 매장 좌표 아님,[광주-KIA 챔피언스 필드] stadium_code: GWANGJU / stadium_name: 광주 KIA 챔피언스필드 / home_team: KIA / store_facility: XOXO핫도그 / zone_location: 1루 4층 / floor: 4층 / side: 1루 / in_stadium_flag: Y / notes: 구역 단위 위치. 정확한 매장 좌표 아님 (공식 확인 전 정보로 정확하지 않을 수 있습니다.)
SC_FOOD_GWANGJU_010,GWANGJU,광주 KIA 챔피언스필드,KIA,"광주원샷, 자문밖",1루 4층,4층,1루,Y,UNOFFICIAL,COMMUNITY_SEATVIEW,myseatcheck.com (자리어때),https://myseatcheck.com/광주-챔피언스필드-먹거리-1루-4층/,2026-09-10,PARTIAL,구역 단위 위치. 정확한 매장 좌표 아님,"[광주-KIA 챔피언스 필드] stadium_code: GWANGJU / stadium_name: 광주 KIA 챔피언스필드 / home_team: KIA / store_facility: 광주원샷, 자문밖 / zone_location: 1루 4층 / floor: 4층 / side: 1루 / in_stadium_flag: Y / notes: 구역 단위 위치. 정확한 매장 좌표 아님 (공식 확인 전 정보로 정확하지 않을 수 있습니다.)"
SC_FOOD_GWANGJU_011,GWANGJU,광주 KIA 챔피언스필드,KIA,BHC치킨,1루 5층,5층,1루,Y,UNOFFICIAL,COMMUNITY_SEATVIEW,myseatcheck.com (자리어때),https://myseatcheck.com/광주-챔피언스필드-먹거리-1루-5층/,2026-09-10,PARTIAL,구역 단위 위치. 정확한 매장 좌표 아님,[광주-KIA 챔피언스 필드] stadium_code: GWANGJU / stadium_name: 광주 KIA 챔피언스필드 / home_team: KIA / store_facility: BHC치킨 / zone_location: 1루 5층 / floor: 5층 / side: 1루 / in_stadium_flag: Y / notes: 구역 단위 위치. 정확한 매장 좌표 아님 (공식 확인 전 정보로 정확하지 않을 수 있습니다.)
SC_FOOD_GWANGJU_012,GWANGJU,광주 KIA 챔피언스필드,KIA,파파존스,1루 5층,5층,1루,Y,UNOFFICIAL,COMMUNITY_SEATVIEW,myseatcheck.com (자리어때),https://myseatcheck.com/광주-챔피언스필드-먹거리-1루-5층/,2026-09-10,PARTIAL,구역 단위 위치. 정확한 매장 좌표 아님,[광주-KIA 챔피언스 필드] stadium_code: GWANGJU / stadium_name: 광주 KIA 챔피언스필드 / home_team: KIA / store_facility: 파파존스 / zone_location: 1루 5층 / floor: 5층 / side: 1루 / in_stadium_flag: Y / notes: 구역 단위 위치. 정확한 매장 좌표 아님 (공식 확인 전 정보로 정확하지 않을 수 있습니다.)
SC_FOOD_GWANGJU_013,GWANGJU,광주 KIA 챔피언스필드,KIA,BHC치킨,3루 3층,3층,3루,Y,UNOFFICIAL,COMMUNITY_SEATVIEW,myseatcheck.com (자리어때),https://myseatcheck.com/광주-챔피언스필드-먹거리-3루-3층/,2026-09-10,PARTIAL,구역 단위 위치. 정확한 매장 좌표 아님,[광주-KIA 챔피언스 필드] stadium_code: GWANGJU / stadium_name: 광주 KIA 챔피언스필드 / home_team: KIA / store_facility: BHC치킨 / zone_location: 3루 3층 / floor: 3층 / side: 3루 / in_stadium_flag: Y / notes: 구역 단위 위치. 정확한 매장 좌표 아님 (공식 확인 전 정보로 정확하지 않을 수 있습니다.)
SC_FOOD_GWANGJU_014,GWANGJU,광주 KIA 챔피언스필드,KIA,요아정,3루 3층,3층,3루,Y,UNOFFICIAL,COMMUNITY_SEATVIEW,myseatcheck.com (자리어때),https://myseatcheck.com/광주-챔피언스필드-먹거리-3루-3층/,2026-09-10,PARTIAL,구역 단위 위치. 정확한 매장 좌표 아님,[광주-KIA 챔피언스 필드] stadium_code: GWANGJU / stadium_name: 광주 KIA 챔피언스필드 / home_team: KIA / store_facility: 요아정 / zone_location: 3루 3층 / floor: 3층 / side: 3루 / in_stadium_flag: Y / notes: 구역 단위 위치. 정확한 매장 좌표 아님 (공식 확인 전 정보로 정확하지 않을 수 있습니다.)
SC_FOOD_GWANGJU_015,GWANGJU,광주 KIA 챔피언스필드,KIA,CU편의점,3루 3층,3층,3루,Y,UNOFFICIAL,COMMUNITY_SEATVIEW,myseatcheck.com (자리어때),https://myseatcheck.com/광주-챔피언스필드-먹거리-3루-3층/,2026-09-10,PARTIAL,구역 단위 위치. 정확한 매장 좌표 아님,[광주-KIA 챔피언스 필드] stadium_code: GWANGJU / stadium_name: 광주 KIA 챔피언스필드 / home_team: KIA / store_facility: CU편의점 / zone_location: 3루 3층 / floor: 3층 / side: 3루 / in_stadium_flag: Y / notes: 구역 단위 위치. 정확한 매장 좌표 아님 (공식 확인 전 정보로 정확하지 않을 수 있습니다.)
SC_FOOD_GWANGJU_016,GWANGJU,광주 KIA 챔피언스필드,KIA,BHC치킨 PUB,3루 3층,3층,3루,Y,UNOFFICIAL,COMMUNITY_SEATVIEW,myseatcheck.com (자리어때),https://myseatcheck.com/광주-챔피언스필드-먹거리-3루-3층/,2026-09-10,PARTIAL,구역 단위 위치. 정확한 매장 좌표 아님,[광주-KIA 챔피언스 필드] stadium_code: GWANGJU / stadium_name: 광주 KIA 챔피언스필드 / home_team: KIA / store_facility: BHC치킨 PUB / zone_location: 3루 3층 / floor: 3층 / side: 3루 / in_stadium_flag: Y / notes: 구역 단위 위치. 정확한 매장 좌표 아님 (공식 확인 전 정보로 정확하지 않을 수 있습니다.)
SC_FOOD_GWANGJU_017,GWANGJU,광주 KIA 챔피언스필드,KIA,광주원샷,3루 3층,3층,3루,Y,UNOFFICIAL,COMMUNITY_SEATVIEW,myseatcheck.com (자리어때),https://myseatcheck.com/광주-챔피언스필드-먹거리-3루-3층/,2026-09-10,PARTIAL,구역 단위 위치. 정확한 매장 좌표 아님,[광주-KIA 챔피언스 필드] stadium_code: GWANGJU / stadium_name: 광주 KIA 챔피언스필드 / home_team: KIA / store_facility: 광주원샷 / zone_location: 3루 3층 / floor: 3층 / side: 3루 / in_stadium_flag: Y / notes: 구역 단위 위치. 정확한 매장 좌표 아님 (공식 확인 전 정보로 정확하지 않을 수 있습니다.)
SC_FOOD_GWANGJU_018,GWANGJU,광주 KIA 챔피언스필드,KIA,감탄떡볶이,3루 3층,3층,3루,Y,UNOFFICIAL,COMMUNITY_SEATVIEW,myseatcheck.com (자리어때),https://myseatcheck.com/광주-챔피언스필드-먹거리-3루-3층/,2026-09-10,PARTIAL,구역 단위 위치. 정확한 매장 좌표 아님,[광주-KIA 챔피언스 필드] stadium_code: GWANGJU / stadium_name: 광주 KIA 챔피언스필드 / home_team: KIA / store_facility: 감탄떡볶이 / zone_location: 3루 3층 / floor: 3층 / side: 3루 / in_stadium_flag: Y / notes: 구역 단위 위치. 정확한 매장 좌표 아님 (공식 확인 전 정보로 정확하지 않을 수 있습니다.)
SC_FOOD_GWANGJU_019,GWANGJU,광주 KIA 챔피언스필드,KIA,스트릿츄러스,3루 3층,3층,3루,Y,UNOFFICIAL,COMMUNITY_SEATVIEW,myseatcheck.com (자리어때),https://myseatcheck.com/광주-챔피언스필드-먹거리-3루-3층/,2026-09-10,PARTIAL,구역 단위 위치. 정확한 매장 좌표 아님,[광주-KIA 챔피언스 필드] stadium_code: GWANGJU / stadium_name: 광주 KIA 챔피언스필드 / home_team: KIA / store_facility: 스트릿츄러스 / zone_location: 3루 3층 / floor: 3층 / side: 3루 / in_stadium_flag: Y / notes: 구역 단위 위치. 정확한 매장 좌표 아님 (공식 확인 전 정보로 정확하지 않을 수 있습니다.)
SC_FOOD_GWANGJU_020,GWANGJU,광주 KIA 챔피언스필드,KIA,보영만두,3루 3층,3층,3루,Y,UNOFFICIAL,COMMUNITY_SEATVIEW,myseatcheck.com (자리어때),https://myseatcheck.com/광주-챔피언스필드-먹거리-3루-3층/,2026-09-10,PARTIAL,구역 단위 위치. 정확한 매장 좌표 아님,[광주-KIA 챔피언스 필드] stadium_code: GWANGJU / stadium_name: 광주 KIA 챔피언스필드 / home_team: KIA / store_facility: 보영만두 / zone_location: 3루 3층 / floor: 3층 / side: 3루 / in_stadium_flag: Y / notes: 구역 단위 위치. 정확한 매장 좌표 아님 (공식 확인 전 정보로 정확하지 않을 수 있습니다.)
SC_FOOD_GWANGJU_021,GWANGJU,광주 KIA 챔피언스필드,KIA,대신땅콩빵,3루 3층,3층,3루,Y,UNOFFICIAL,COMMUNITY_SEATVIEW,myseatcheck.com (자리어때),https://myseatcheck.com/광주-챔피언스필드-먹거리-3루-3층/,2026-09-10,PARTIAL,구역 단위 위치. 정확한 매장 좌표 아님,[광주-KIA 챔피언스 필드] stadium_code: GWANGJU / stadium_name: 광주 KIA 챔피언스필드 / home_team: KIA / store_facility: 대신땅콩빵 / zone_location: 3루 3층 / floor: 3층 / side: 3루 / in_stadium_flag: Y / notes: 구역 단위 위치. 정확한 매장 좌표 아님 (공식 확인 전 정보로 정확하지 않을 수 있습니다.)
SC_FOOD_GWANGJU_022,GWANGJU,광주 KIA 챔피언스필드,KIA,카페아모제,3루 3층,3층,3루,Y,UNOFFICIAL,COMMUNITY_SEATVIEW,myseatcheck.com (자리어때),https://myseatcheck.com/광주-챔피언스필드-먹거리-3루-3층/,2026-09-10,PARTIAL,구역 단위 위치. 정확한 매장 좌표 아님,[광주-KIA 챔피언스 필드] stadium_code: GWANGJU / stadium_name: 광주 KIA 챔피언스필드 / home_team: KIA / store_facility: 카페아모제 / zone_location: 3루 3층 / floor: 3층 / side: 3루 / in_stadium_flag: Y / notes: 구역 단위 위치. 정확한 매장 좌표 아님 (공식 확인 전 정보로 정확하지 않을 수 있습니다.)
SC_FOOD_GWANGJU_023,GWANGJU,광주 KIA 챔피언스필드,KIA,광주원샷,3루 4층,4층,3루,Y,UNOFFICIAL,COMMUNITY_SEATVIEW,myseatcheck.com (자리어때),https://myseatcheck.com/광주-챔피언스필드-먹거리-3루-4층/,2026-09-10,PARTIAL,구역 단위 위치. 정확한 매장 좌표 아님,[광주-KIA 챔피언스 필드] stadium_code: GWANGJU / stadium_name: 광주 KIA 챔피언스필드 / home_team: KIA / store_facility: 광주원샷 / zone_location: 3루 4층 / floor: 4층 / side: 3루 / in_stadium_flag: Y / notes: 구역 단위 위치. 정확한 매장 좌표 아님 (공식 확인 전 정보로 정확하지 않을 수 있습니다.)
SC_FOOD_GWANGJU_024,GWANGJU,광주 KIA 챔피언스필드,KIA,자문밖,3루 4층,4층,3루,Y,UNOFFICIAL,COMMUNITY_SEATVIEW,myseatcheck.com (자리어때),https://myseatcheck.com/광주-챔피언스필드-먹거리-3루-4층/,2026-09-10,PARTIAL,구역 단위 위치. 정확한 매장 좌표 아님,[광주-KIA 챔피언스 필드] stadium_code: GWANGJU / stadium_name: 광주 KIA 챔피언스필드 / home_team: KIA / store_facility: 자문밖 / zone_location: 3루 4층 / floor: 4층 / side: 3루 / in_stadium_flag: Y / notes: 구역 단위 위치. 정확한 매장 좌표 아님 (공식 확인 전 정보로 정확하지 않을 수 있습니다.)
SC_FOOD_GWANGJU_025,GWANGJU,광주 KIA 챔피언스필드,KIA,프랭크버거,3루 4층,4층,3루,Y,UNOFFICIAL,COMMUNITY_SEATVIEW,myseatcheck.com (자리어때),https://myseatcheck.com/광주-챔피언스필드-먹거리-3루-4층/,2026-09-10,PARTIAL,구역 단위 위치. 정확한 매장 좌표 아님,[광주-KIA 챔피언스 필드] stadium_code: GWANGJU / stadium_name: 광주 KIA 챔피언스필드 / home_team: KIA / store_facility: 프랭크버거 / zone_location: 3루 4층 / floor: 4층 / side: 3루 / in_stadium_flag: Y / notes: 구역 단위 위치. 정확한 매장 좌표 아님 (공식 확인 전 정보로 정확하지 않을 수 있습니다.)
SC_FOOD_GWANGJU_026,GWANGJU,광주 KIA 챔피언스필드,KIA,CU편의점,3루 5층,5층,3루,Y,UNOFFICIAL,COMMUNITY_SEATVIEW,myseatcheck.com (자리어때),https://myseatcheck.com/광주-챔피언스필드-먹거리-3루-5층/,2026-09-10,PARTIAL,구역 단위 위치. 정확한 매장 좌표 아님,[광주-KIA 챔피언스 필드] stadium_code: GWANGJU / stadium_name: 광주 KIA 챔피언스필드 / home_team: KIA / store_facility: CU편의점 / zone_location: 3루 5층 / floor: 5층 / side: 3루 / in_stadium_flag: Y / notes: 구역 단위 위치. 정확한 매장 좌표 아님 (공식 확인 전 정보로 정확하지 않을 수 있습니다.)
SC_FOOD_GWANGJU_027,GWANGJU,광주 KIA 챔피언스필드,KIA,감탄떡볶이,3루 5층,5층,3루,Y,UNOFFICIAL,COMMUNITY_SEATVIEW,myseatcheck.com (자리어때),https://myseatcheck.com/광주-챔피언스필드-먹거리-3루-5층/,2026-09-10,PARTIAL,구역 단위 위치. 정확한 매장 좌표 아님,[광주-KIA 챔피언스 필드] stadium_code: GWANGJU / stadium_name: 광주 KIA 챔피언스필드 / home_team: KIA / store_facility: 감탄떡볶이 / zone_location: 3루 5층 / floor: 5층 / side: 3루 / in_stadium_flag: Y / notes: 구역 단위 위치. 정확한 매장 좌표 아님 (공식 확인 전 정보로 정확하지 않을 수 있습니다.)
SC_FOOD_GWANGJU_028,GWANGJU,광주 KIA 챔피언스필드,KIA,INC COFFEE,외부,외부,,N,UNOFFICIAL,COMMUNITY_SEATVIEW,myseatcheck.com (자리어때),https://myseatcheck.com/광주-챔피언스필드-먹거리/,2026-09-10,PARTIAL,구역 단위 위치. 정확한 매장 좌표 아님,[광주-KIA 챔피언스 필드] stadium_code: GWANGJU / stadium_name: 광주 KIA 챔피언스필드 / home_team: KIA / store_facility: INC COFFEE / zone_location: 외부 / floor: 외부 / in_stadium_flag: N / notes: 구역 단위 위치. 정확한 매장 좌표 아님 (공식 확인 전 정보로 정확하지 않을 수 있습니다.)
SC_FOOD_GWANGJU_029,GWANGJU,광주 KIA 챔피언스필드,KIA,INC COFFEE TO GO,외부,외부,,N,UNOFFICIAL,COMMUNITY_SEATVIEW,myseatcheck.com (자리어때),https://myseatcheck.com/광주-챔피언스필드-먹거리/,2026-09-10,PARTIAL,구역 단위 위치. 정확한 매장 좌표 아님,[광주-KIA 챔피언스 필드] stadium_code: GWANGJU / stadium_name: 광주 KIA 챔피언스필드 / home_team: KIA / store_facility: INC COFFEE TO GO / zone_location: 외부 / floor: 외부 / in_stadium_flag: N / notes: 구역 단위 위치. 정확한 매장 좌표 아님 (공식 확인 전 정보로 정확하지 않을 수 있습니다.)
SC_FOOD_SAJIK_001,SAJIK,사직야구장,LOTTE,땅땅치킨,1층 (외부),외부,,N,UNOFFICIAL,COMMUNITY_SEATVIEW,myseatcheck.com (자리어때),https://myseatcheck.com/%eb%b6%80%ec%82%b0-%ec%82%ac%ec%a7%81%ec%95%bc%ea%b5%ac%ec%9e%a5-%eb%a8%b9%ea%b1%b0%eb%a6%ac-1%ec%b8%b5%ec%99%b8%eb%b6%80/,2026-09-10,PARTIAL,구역 단위 위치. 정확한 매장 좌표 아님,[사직야구장] stadium_code: SAJIK / stadium_name: 사직야구장 / home_team: LOTTE / store_facility: 땅땅치킨 / zone_location: 1층 (외부) / floor: 외부 / in_stadium_flag: N / notes: 구역 단위 위치. 정확한 매장 좌표 아님 (공식 확인 전 정보로 정확하지 않을 수 있습니다.)
SC_FOOD_SAJIK_002,SAJIK,사직야구장,LOTTE,세븐일레븐,1층 (외부),외부,,N,UNOFFICIAL,COMMUNITY_SEATVIEW,myseatcheck.com (자리어때),https://myseatcheck.com/%eb%b6%80%ec%82%b0-%ec%82%ac%ec%a7%81%ec%95%bc%ea%b5%ac%ec%9e%a5-%eb%a8%b9%ea%b1%b0%eb%a6%ac-1%ec%b8%b5%ec%99%b8%eb%b6%80/,2026-09-10,PARTIAL,구역 단위 위치. 정확한 매장 좌표 아님,[사직야구장] stadium_code: SAJIK / stadium_name: 사직야구장 / home_team: LOTTE / store_facility: 세븐일레븐 / zone_location: 1층 (외부) / floor: 외부 / in_stadium_flag: N / notes: 구역 단위 위치. 정확한 매장 좌표 아님 (공식 확인 전 정보로 정확하지 않을 수 있습니다.)
SC_FOOD_SAJIK_003,SAJIK,사직야구장,LOTTE,자이언츠카페,1층 (외부),외부,,N,UNOFFICIAL,COMMUNITY_SEATVIEW,myseatcheck.com (자리어때),https://myseatcheck.com/%eb%b6%80%ec%82%b0-%ec%82%ac%ec%a7%81%ec%95%bc%ea%b5%ac%ec%9e%a5-%eb%a8%b9%ea%b1%b0%eb%a6%ac-1%ec%b8%b5%ec%99%b8%eb%b6%80/,2026-09-10,PARTIAL,구역 단위 위치. 정확한 매장 좌표 아님,[사직야구장] stadium_code: SAJIK / stadium_name: 사직야구장 / home_team: LOTTE / store_facility: 자이언츠카페 / zone_location: 1층 (외부) / floor: 외부 / in_stadium_flag: N / notes: 구역 단위 위치. 정확한 매장 좌표 아님 (공식 확인 전 정보로 정확하지 않을 수 있습니다.)
SC_FOOD_SAJIK_004,SAJIK,사직야구장,LOTTE,가온밀면,2층 (1루),2층,1루,Y,UNOFFICIAL,COMMUNITY_SEATVIEW,myseatcheck.com (자리어때),https://myseatcheck.com/%eb%b6%80%ec%82%b0-%ec%82%ac%ec%a7%81%ec%95%bc%ea%b5%ac%ec%9e%a5-%eb%a8%b9%ea%b1%b0%eb%a6%ac-1%eb%a3%a82%ec%b8%b5/,2026-09-10,PARTIAL,구역 단위 위치. 정확한 매장 좌표 아님,[사직야구장] stadium_code: SAJIK / stadium_name: 사직야구장 / home_team: LOTTE / store_facility: 가온밀면 / zone_location: 2층 (1루) / floor: 2층 / side: 1루 / in_stadium_flag: Y / notes: 구역 단위 위치. 정확한 매장 좌표 아님 (공식 확인 전 정보로 정확하지 않을 수 있습니다.)
SC_FOOD_SAJIK_005,SAJIK,사직야구장,LOTTE,남도포차,2층 (1루),2층,1루,Y,UNOFFICIAL,COMMUNITY_SEATVIEW,myseatcheck.com (자리어때),https://myseatcheck.com/%eb%b6%80%ec%82%b0-%ec%82%ac%ec%a7%81%ec%95%bc%ea%b5%ac%ec%9e%a5-%eb%a8%b9%ea%b1%b0%eb%a6%ac-1%eb%a3%a82%ec%b8%b5/,2026-09-10,PARTIAL,구역 단위 위치. 정확한 매장 좌표 아님,[사직야구장] stadium_code: SAJIK / stadium_name: 사직야구장 / home_team: LOTTE / store_facility: 남도포차 / zone_location: 2층 (1루) / floor: 2층 / side: 1루 / in_stadium_flag: Y / notes: 구역 단위 위치. 정확한 매장 좌표 아님 (공식 확인 전 정보로 정확하지 않을 수 있습니다.)
SC_FOOD_SAJIK_006,SAJIK,사직야구장,LOTTE,동래라거,2층 (1루),2층,1루,Y,UNOFFICIAL,COMMUNITY_SEATVIEW,myseatcheck.com (자리어때),https://myseatcheck.com/%eb%b6%80%ec%82%b0-%ec%82%ac%ec%a7%81%ec%95%bc%ea%b5%ac%ec%9e%a5-%eb%a8%b9%ea%b1%b0%eb%a6%ac-1%eb%a3%a82%ec%b8%b5/,2026-09-10,PARTIAL,구역 단위 위치. 정확한 매장 좌표 아님,[사직야구장] stadium_code: SAJIK / stadium_name: 사직야구장 / home_team: LOTTE / store_facility: 동래라거 / zone_location: 2층 (1루) / floor: 2층 / side: 1루 / in_stadium_flag: Y / notes: 구역 단위 위치. 정확한 매장 좌표 아님 (공식 확인 전 정보로 정확하지 않을 수 있습니다.)
SC_FOOD_SAJIK_007,SAJIK,사직야구장,LOTTE,땅땅치킨,2층 (1루),2층,1루,Y,UNOFFICIAL,COMMUNITY_SEATVIEW,myseatcheck.com (자리어때),https://myseatcheck.com/%eb%b6%80%ec%82%b0-%ec%82%ac%ec%a7%81%ec%95%bc%ea%b5%ac%ec%9e%a5-%eb%a8%b9%ea%b1%b0%eb%a6%ac-1%eb%a3%a82%ec%b8%b5/,2026-09-10,PARTIAL,구역 단위 위치. 정확한 매장 좌표 아님,[사직야구장] stadium_code: SAJIK / stadium_name: 사직야구장 / home_team: LOTTE / store_facility: 땅땅치킨 / zone_location: 2층 (1루) / floor: 2층 / side: 1루 / in_stadium_flag: Y / notes: 구역 단위 위치. 정확한 매장 좌표 아님 (공식 확인 전 정보로 정확하지 않을 수 있습니다.)
SC_FOOD_SAJIK_008,SAJIK,사직야구장,LOTTE,밀락당,2층 (1루),2층,1루,Y,UNOFFICIAL,COMMUNITY_SEATVIEW,myseatcheck.com (자리어때),https://myseatcheck.com/%eb%b6%80%ec%82%b0-%ec%82%ac%ec%a7%81%ec%95%bc%ea%b5%ac%ec%9e%a5-%eb%a8%b9%ea%b1%b0%eb%a6%ac-1%eb%a3%a82%ec%b8%b5/,2026-09-10,PARTIAL,구역 단위 위치. 정확한 매장 좌표 아님,[사직야구장] stadium_code: SAJIK / stadium_name: 사직야구장 / home_team: LOTTE / store_facility: 밀락당 / zone_location: 2층 (1루) / floor: 2층 / side: 1루 / in_stadium_flag: Y / notes: 구역 단위 위치. 정확한 매장 좌표 아님 (공식 확인 전 정보로 정확하지 않을 수 있습니다.)
SC_FOOD_SAJIK_009,SAJIK,사직야구장,LOTTE,세븐일레븐,2층 (1루),2층,1루,Y,UNOFFICIAL,COMMUNITY_SEATVIEW,myseatcheck.com (자리어때),https://myseatcheck.com/%eb%b6%80%ec%82%b0-%ec%82%ac%ec%a7%81%ec%95%bc%ea%b5%ac%ec%9e%a5-%eb%a8%b9%ea%b1%b0%eb%a6%ac-1%eb%a3%a82%ec%b8%b5/,2026-09-10,PARTIAL,구역 단위 위치. 정확한 매장 좌표 아님,[사직야구장] stadium_code: SAJIK / stadium_name: 사직야구장 / home_team: LOTTE / store_facility: 세븐일레븐 / zone_location: 2층 (1루) / floor: 2층 / side: 1루 / in_stadium_flag: Y / notes: 구역 단위 위치. 정확한 매장 좌표 아님 (공식 확인 전 정보로 정확하지 않을 수 있습니다.)
SC_FOOD_SAJIK_010,SAJIK,사직야구장,LOTTE,파파존스,2층 (1루),2층,1루,Y,UNOFFICIAL,COMMUNITY_SEATVIEW,myseatcheck.com (자리어때),https://myseatcheck.com/%eb%b6%80%ec%82%b0-%ec%82%ac%ec%a7%81%ec%95%bc%ea%b5%ac%ec%9e%a5-%eb%a8%b9%ea%b1%b0%eb%a6%ac-1%eb%a3%a82%ec%b8%b5/,2026-09-10,PARTIAL,구역 단위 위치. 정확한 매장 좌표 아님,[사직야구장] stadium_code: SAJIK / stadium_name: 사직야구장 / home_team: LOTTE / store_facility: 파파존스 / zone_location: 2층 (1루) / floor: 2층 / side: 1루 / in_stadium_flag: Y / notes: 구역 단위 위치. 정확한 매장 좌표 아님 (공식 확인 전 정보로 정확하지 않을 수 있습니다.)
SC_FOOD_SAJIK_011,SAJIK,사직야구장,LOTTE,반할새우,2층 (1루),2층,1루,Y,UNOFFICIAL,COMMUNITY_SEATVIEW,myseatcheck.com (자리어때),https://myseatcheck.com/%eb%b6%80%ec%82%b0-%ec%82%ac%ec%a7%81%ec%95%bc%ea%b5%ac%ec%9e%a5-%eb%a8%b9%ea%b1%b0%eb%a6%ac-1%eb%a3%a82%ec%b8%b5/,2026-09-10,PARTIAL,구역 단위 위치. 정확한 매장 좌표 아님,[사직야구장] stadium_code: SAJIK / stadium_name: 사직야구장 / home_team: LOTTE / store_facility: 반할새우 / zone_location: 2층 (1루) / floor: 2층 / side: 1루 / in_stadium_flag: Y / notes: 구역 단위 위치. 정확한 매장 좌표 아님 (공식 확인 전 정보로 정확하지 않을 수 있습니다.)
SC_FOOD_SAJIK_012,SAJIK,사직야구장,LOTTE,크리스피도넛,2층 (1루),2층,1루,Y,UNOFFICIAL,COMMUNITY_SEATVIEW,myseatcheck.com (자리어때),https://myseatcheck.com/%eb%b6%80%ec%82%b0-%ec%82%ac%ec%a7%81%ec%95%bc%ea%b5%ac%ec%9e%a5-%eb%a8%b9%ea%b1%b0%eb%a6%ac-1%eb%a3%a82%ec%b8%b5/,2026-09-10,PARTIAL,구역 단위 위치. 정확한 매장 좌표 아님,[사직야구장] stadium_code: SAJIK / stadium_name: 사직야구장 / home_team: LOTTE / store_facility: 크리스피도넛 / zone_location: 2층 (1루) / floor: 2층 / side: 1루 / in_stadium_flag: Y / notes: 구역 단위 위치. 정확한 매장 좌표 아님 (공식 확인 전 정보로 정확하지 않을 수 있습니다.)
SC_FOOD_SAJIK_013,SAJIK,사직야구장,LOTTE,계란빵클럽,2층 (3루),2층,3루,Y,UNOFFICIAL,COMMUNITY_SEATVIEW,myseatcheck.com (자리어때),https://myseatcheck.com/%eb%b6%80%ec%82%b0-%ec%82%ac%ec%a7%81%ec%95%bc%ea%b5%ac%ec%9e%a5-%eb%a8%b9%ea%b1%b0%eb%a6%ac-2%ec%b8%b5-3%eb%a3%a8/,2026-09-10,PARTIAL,구역 단위 위치. 정확한 매장 좌표 아님,[사직야구장] stadium_code: SAJIK / stadium_name: 사직야구장 / home_team: LOTTE / store_facility: 계란빵클럽 / zone_location: 2층 (3루) / floor: 2층 / side: 3루 / in_stadium_flag: Y / notes: 구역 단위 위치. 정확한 매장 좌표 아님 (공식 확인 전 정보로 정확하지 않을 수 있습니다.)
SC_FOOD_SAJIK_014,SAJIK,사직야구장,LOTTE,다리집,2층 (3루),2층,3루,Y,UNOFFICIAL,COMMUNITY_SEATVIEW,myseatcheck.com (자리어때),https://myseatcheck.com/%eb%b6%80%ec%82%b0-%ec%82%ac%ec%a7%81%ec%95%bc%ea%b5%ac%ec%9e%a5-%eb%a8%b9%ea%b1%b0%eb%a6%ac-2%ec%b8%b5-3%eb%a3%a8/,2026-09-10,PARTIAL,구역 단위 위치. 정확한 매장 좌표 아님,[사직야구장] stadium_code: SAJIK / stadium_name: 사직야구장 / home_team: LOTTE / store_facility: 다리집 / zone_location: 2층 (3루) / floor: 2층 / side: 3루 / in_stadium_flag: Y / notes: 구역 단위 위치. 정확한 매장 좌표 아님 (공식 확인 전 정보로 정확하지 않을 수 있습니다.)
SC_FOOD_SAJIK_015,SAJIK,사직야구장,LOTTE,보영만두,2층 (3루),2층,3루,Y,UNOFFICIAL,COMMUNITY_SEATVIEW,myseatcheck.com (자리어때),https://myseatcheck.com/%eb%b6%80%ec%82%b0-%ec%82%ac%ec%a7%81%ec%95%bc%ea%b5%ac%ec%9e%a5-%eb%a8%b9%ea%b1%b0%eb%a6%ac-2%ec%b8%b5-3%eb%a3%a8/,2026-09-10,PARTIAL,구역 단위 위치. 정확한 매장 좌표 아님,[사직야구장] stadium_code: SAJIK / stadium_name: 사직야구장 / home_team: LOTTE / store_facility: 보영만두 / zone_location: 2층 (3루) / floor: 2층 / side: 3루 / in_stadium_flag: Y / notes: 구역 단위 위치. 정확한 매장 좌표 아님 (공식 확인 전 정보로 정확하지 않을 수 있습니다.)
SC_FOOD_SAJIK_016,SAJIK,사직야구장,LOTTE,세븐일레븐,2층 (3루),2층,3루,Y,UNOFFICIAL,COMMUNITY_SEATVIEW,myseatcheck.com (자리어때),https://myseatcheck.com/%eb%b6%80%ec%82%b0-%ec%82%ac%ec%a7%81%ec%95%bc%ea%b5%ac%ec%9e%a5-%eb%a8%b9%ea%b1%b0%eb%a6%ac-2%ec%b8%b5-3%eb%a3%a8/,2026-09-10,PARTIAL,구역 단위 위치. 정확한 매장 좌표 아님,[사직야구장] stadium_code: SAJIK / stadium_name: 사직야구장 / home_team: LOTTE / store_facility: 세븐일레븐 / zone_location: 2층 (3루) / floor: 2층 / side: 3루 / in_stadium_flag: Y / notes: 구역 단위 위치. 정확한 매장 좌표 아님 (공식 확인 전 정보로 정확하지 않을 수 있습니다.)
SC_FOOD_SAJIK_017,SAJIK,사직야구장,LOTTE,다리집,3층 (1루),3층,1루,Y,UNOFFICIAL,COMMUNITY_SEATVIEW,myseatcheck.com (자리어때),https://myseatcheck.com/%eb%b6%80%ec%82%b0-%ec%82%ac%ec%a7%81%ec%95%bc%ea%b5%ac%ec%9e%a5-%eb%a8%b9%ea%b1%b0%eb%a6%ac-3%ec%b8%b5-1%eb%a3%a8/,2026-09-10,PARTIAL,구역 단위 위치. 정확한 매장 좌표 아님,[사직야구장] stadium_code: SAJIK / stadium_name: 사직야구장 / home_team: LOTTE / store_facility: 다리집 / zone_location: 3층 (1루) / floor: 3층 / side: 1루 / in_stadium_flag: Y / notes: 구역 단위 위치. 정확한 매장 좌표 아님 (공식 확인 전 정보로 정확하지 않을 수 있습니다.)
SC_FOOD_SAJIK_018,SAJIK,사직야구장,LOTTE,동래라거,3층 (1루),3층,1루,Y,UNOFFICIAL,COMMUNITY_SEATVIEW,myseatcheck.com (자리어때),https://myseatcheck.com/%eb%b6%80%ec%82%b0-%ec%82%ac%ec%a7%81%ec%95%bc%ea%b5%ac%ec%9e%a5-%eb%a8%b9%ea%b1%b0%eb%a6%ac-3%ec%b8%b5-1%eb%a3%a8/,2026-09-10,PARTIAL,구역 단위 위치. 정확한 매장 좌표 아님,[사직야구장] stadium_code: SAJIK / stadium_name: 사직야구장 / home_team: LOTTE / store_facility: 동래라거 / zone_location: 3층 (1루) / floor: 3층 / side: 1루 / in_stadium_flag: Y / notes: 구역 단위 위치. 정확한 매장 좌표 아님 (공식 확인 전 정보로 정확하지 않을 수 있습니다.)
SC_FOOD_SAJIK_019,SAJIK,사직야구장,LOTTE,수제닭강정,3층 (1루),3층,1루,Y,UNOFFICIAL,COMMUNITY_SEATVIEW,myseatcheck.com (자리어때),https://myseatcheck.com/%eb%b6%80%ec%82%b0-%ec%82%ac%ec%a7%81%ec%95%bc%ea%b5%ac%ec%9e%a5-%eb%a8%b9%ea%b1%b0%eb%a6%ac-3%ec%b8%b5-1%eb%a3%a8/,2026-09-10,PARTIAL,구역 단위 위치. 정확한 매장 좌표 아님,[사직야구장] stadium_code: SAJIK / stadium_name: 사직야구장 / home_team: LOTTE / store_facility: 수제닭강정 / zone_location: 3층 (1루) / floor: 3층 / side: 1루 / in_stadium_flag: Y / notes: 구역 단위 위치. 정확한 매장 좌표 아님 (공식 확인 전 정보로 정확하지 않을 수 있습니다.)
SC_FOOD_SAJIK_020,SAJIK,사직야구장,LOTTE,프루토프루타,3층 (1루),3층,1루,Y,UNOFFICIAL,COMMUNITY_SEATVIEW,myseatcheck.com (자리어때),https://myseatcheck.com/%eb%b6%80%ec%82%b0-%ec%82%ac%ec%a7%81%ec%95%bc%ea%b5%ac%ec%9e%a5-%eb%a8%b9%ea%b1%b0%eb%a6%ac-3%ec%b8%b5-1%eb%a3%a8/,2026-09-10,PARTIAL,구역 단위 위치. 정확한 매장 좌표 아님,[사직야구장] stadium_code: SAJIK / stadium_name: 사직야구장 / home_team: LOTTE / store_facility: 프루토프루타 / zone_location: 3층 (1루) / floor: 3층 / side: 1루 / in_stadium_flag: Y / notes: 구역 단위 위치. 정확한 매장 좌표 아님 (공식 확인 전 정보로 정확하지 않을 수 있습니다.)
SC_FOOD_SAJIK_021,SAJIK,사직야구장,LOTTE,버거샵,3층 (중앙~1루),3층,중앙~1루,Y,UNOFFICIAL,COMMUNITY_SEATVIEW,myseatcheck.com (자리어때),https://myseatcheck.com/%eb%b6%80%ec%82%b0-%ec%82%ac%ec%a7%81%ec%95%bc%ea%b5%ac%ec%9e%a5-%eb%a8%b9%ea%b1%b0%eb%a6%ac-3%ec%b8%b5-%ec%a4%91%ec%95%991%eb%a3%a8/,2026-09-10,PARTIAL,구역 단위 위치. 정확한 매장 좌표 아님,[사직야구장] stadium_code: SAJIK / stadium_name: 사직야구장 / home_team: LOTTE / store_facility: 버거샵 / zone_location: 3층 (중앙~1루) / floor: 3층 / side: 중앙~1루 / in_stadium_flag: Y / notes: 구역 단위 위치. 정확한 매장 좌표 아님 (공식 확인 전 정보로 정확하지 않을 수 있습니다.)
SC_FOOD_SAJIK_022,SAJIK,사직야구장,LOTTE,트레져스커피,3층 (중앙~1루),3층,중앙~1루,Y,UNOFFICIAL,COMMUNITY_SEATVIEW,myseatcheck.com (자리어때),https://myseatcheck.com/%eb%b6%80%ec%82%b0-%ec%82%ac%ec%a7%81%ec%95%bc%ea%b5%ac%ec%9e%a5-%eb%a8%b9%ea%b1%b0%eb%a6%ac-3%ec%b8%b5-%ec%a4%91%ec%95%991%eb%a3%a8/,2026-09-10,PARTIAL,구역 단위 위치. 정확한 매장 좌표 아님,[사직야구장] stadium_code: SAJIK / stadium_name: 사직야구장 / home_team: LOTTE / store_facility: 트레져스커피 / zone_location: 3층 (중앙~1루) / floor: 3층 / side: 중앙~1루 / in_stadium_flag: Y / notes: 구역 단위 위치. 정확한 매장 좌표 아님 (공식 확인 전 정보로 정확하지 않을 수 있습니다.)
SC_FOOD_SAJIK_023,SAJIK,사직야구장,LOTTE,박수식당,3층 (중앙~1루),3층,중앙~1루,Y,UNOFFICIAL,COMMUNITY_SEATVIEW,myseatcheck.com (자리어때),https://myseatcheck.com/%eb%b6%80%ec%82%b0-%ec%82%ac%ec%a7%81%ec%95%bc%ea%b5%ac%ec%9e%a5-%eb%a8%b9%ea%b1%b0%eb%a6%ac-3%ec%b8%b5-%ec%a4%91%ec%95%991%eb%a3%a8/,2026-09-10,PARTIAL,구역 단위 위치. 정확한 매장 좌표 아님,[사직야구장] stadium_code: SAJIK / stadium_name: 사직야구장 / home_team: LOTTE / store_facility: 박수식당 / zone_location: 3층 (중앙~1루) / floor: 3층 / side: 중앙~1루 / in_stadium_flag: Y / notes: 구역 단위 위치. 정확한 매장 좌표 아님 (공식 확인 전 정보로 정확하지 않을 수 있습니다.)
SC_FOOD_SAJIK_024,SAJIK,사직야구장,LOTTE,송헌집,3층 (중앙~1루),3층,중앙~1루,Y,UNOFFICIAL,COMMUNITY_SEATVIEW,myseatcheck.com (자리어때),https://myseatcheck.com/%eb%b6%80%ec%82%b0-%ec%82%ac%ec%a7%81%ec%95%bc%ea%b5%ac%ec%9e%a5-%eb%a8%b9%ea%b1%b0%eb%a6%ac-3%ec%b8%b5-%ec%a4%91%ec%95%991%eb%a3%a8/,2026-09-10,PARTIAL,구역 단위 위치. 정확한 매장 좌표 아님,[사직야구장] stadium_code: SAJIK / stadium_name: 사직야구장 / home_team: LOTTE / store_facility: 송헌집 / zone_location: 3층 (중앙~1루) / floor: 3층 / side: 중앙~1루 / in_stadium_flag: Y / notes: 구역 단위 위치. 정확한 매장 좌표 아님 (공식 확인 전 정보로 정확하지 않을 수 있습니다.)
SC_FOOD_SAJIK_025,SAJIK,사직야구장,LOTTE,포도베이커스,3층 (중앙~1루),3층,중앙~1루,Y,UNOFFICIAL,COMMUNITY_SEATVIEW,myseatcheck.com (자리어때),https://myseatcheck.com/%eb%b6%80%ec%82%b0-%ec%82%ac%ec%a7%81%ec%95%bc%ea%b5%ac%ec%9e%a5-%eb%a8%b9%ea%b1%b0%eb%a6%ac-3%ec%b8%b5-%ec%a4%91%ec%95%991%eb%a3%a8/,2026-09-10,PARTIAL,구역 단위 위치. 정확한 매장 좌표 아님,[사직야구장] stadium_code: SAJIK / stadium_name: 사직야구장 / home_team: LOTTE / store_facility: 포도베이커스 / zone_location: 3층 (중앙~1루) / floor: 3층 / side: 중앙~1루 / in_stadium_flag: Y / notes: 구역 단위 위치. 정확한 매장 좌표 아님 (공식 확인 전 정보로 정확하지 않을 수 있습니다.)
SC_FOOD_SAJIK_026,SAJIK,사직야구장,LOTTE,땅땅치킨,3층 (3루),3층,3루,Y,UNOFFICIAL,COMMUNITY_SEATVIEW,myseatcheck.com (자리어때),https://myseatcheck.com/%eb%b6%80%ec%82%b0-%ec%82%ac%ec%a7%81%ec%95%bc%ea%b5%ac%ec%9e%a5-%eb%a8%b9%ea%b1%b0%eb%a6%ac-3%ec%b8%b5-3%eb%a3%a8/,2026-09-10,PARTIAL,구역 단위 위치. 정확한 매장 좌표 아님,[사직야구장] stadium_code: SAJIK / stadium_name: 사직야구장 / home_team: LOTTE / store_facility: 땅땅치킨 / zone_location: 3층 (3루) / floor: 3층 / side: 3루 / in_stadium_flag: Y / notes: 구역 단위 위치. 정확한 매장 좌표 아님 (공식 확인 전 정보로 정확하지 않을 수 있습니다.)
SC_FOOD_SAJIK_027,SAJIK,사직야구장,LOTTE,세븐일레븐,3층 (3루),3층,3루,Y,UNOFFICIAL,COMMUNITY_SEATVIEW,myseatcheck.com (자리어때),https://myseatcheck.com/%eb%b6%80%ec%82%b0-%ec%82%ac%ec%a7%81%ec%95%bc%ea%b5%ac%ec%9e%a5-%eb%a8%b9%ea%b1%b0%eb%a6%ac-3%ec%b8%b5-3%eb%a3%a8/,2026-09-10,PARTIAL,구역 단위 위치. 정확한 매장 좌표 아님,[사직야구장] stadium_code: SAJIK / stadium_name: 사직야구장 / home_team: LOTTE / store_facility: 세븐일레븐 / zone_location: 3층 (3루) / floor: 3층 / side: 3루 / in_stadium_flag: Y / notes: 구역 단위 위치. 정확한 매장 좌표 아님 (공식 확인 전 정보로 정확하지 않을 수 있습니다.)
SC_FOOD_SAJIK_028,SAJIK,사직야구장,LOTTE,스태프핫도그,3층 (3루),3층,3루,Y,UNOFFICIAL,COMMUNITY_SEATVIEW,myseatcheck.com (자리어때),https://myseatcheck.com/%eb%b6%80%ec%82%b0-%ec%82%ac%ec%a7%81%ec%95%bc%ea%b5%ac%ec%9e%a5-%eb%a8%b9%ea%b1%b0%eb%a6%ac-3%ec%b8%b5-3%eb%a3%a8/,2026-09-10,PARTIAL,구역 단위 위치. 정확한 매장 좌표 아님,[사직야구장] stadium_code: SAJIK / stadium_name: 사직야구장 / home_team: LOTTE / store_facility: 스태프핫도그 / zone_location: 3층 (3루) / floor: 3층 / side: 3루 / in_stadium_flag: Y / notes: 구역 단위 위치. 정확한 매장 좌표 아님 (공식 확인 전 정보로 정확하지 않을 수 있습니다.)
SC_FOOD_SAJIK_029,SAJIK,사직야구장,LOTTE,심바다,3층 (3루),3층,3루,Y,UNOFFICIAL,COMMUNITY_SEATVIEW,myseatcheck.com (자리어때),https://myseatcheck.com/%eb%b6%80%ec%82%b0-%ec%82%ac%ec%a7%81%ec%95%bc%ea%b5%ac%ec%9e%a5-%eb%a8%b9%ea%b1%b0%eb%a6%ac-3%ec%b8%b5-3%eb%a3%a8/,2026-09-10,PARTIAL,구역 단위 위치. 정확한 매장 좌표 아님,[사직야구장] stadium_code: SAJIK / stadium_name: 사직야구장 / home_team: LOTTE / store_facility: 심바다 / zone_location: 3층 (3루) / floor: 3층 / side: 3루 / in_stadium_flag: Y / notes: 구역 단위 위치. 정확한 매장 좌표 아님 (공식 확인 전 정보로 정확하지 않을 수 있습니다.)
SC_FOOD_SAJIK_030,SAJIK,사직야구장,LOTTE,보영만두,외야,,외야,Y,UNOFFICIAL,COMMUNITY_SEATVIEW,myseatcheck.com (자리어때),https://myseatcheck.com/%eb%b6%80%ec%82%b0-%ec%82%ac%ec%a7%81%ec%95%bc%ea%b5%ac%ec%9e%a5-%eb%a8%b9%ea%b1%b0%eb%a6%ac-%ec%99%b8%ec%95%bc/,2026-09-10,PARTIAL,구역 단위 위치. 정확한 매장 좌표 아님,[사직야구장] stadium_code: SAJIK / stadium_name: 사직야구장 / home_team: LOTTE / store_facility: 보영만두 / zone_location: 외야 / side: 외야 / in_stadium_flag: Y / notes: 구역 단위 위치. 정확한 매장 좌표 아님 (공식 확인 전 정보로 정확하지 않을 수 있습니다.)
SC_FOOD_SAJIK_031,SAJIK,사직야구장,LOTTE,"편의점, 스테이크",외야,,외야,Y,UNOFFICIAL,COMMUNITY_SEATVIEW,myseatcheck.com (자리어때),https://myseatcheck.com/%eb%b6%80%ec%82%b0-%ec%82%ac%ec%a7%81%ec%95%bc%ea%b5%ac%ec%9e%a5-%eb%a8%b9%ea%b1%b0%eb%a6%ac-%ec%99%b8%ec%95%bc/,2026-09-10,PARTIAL,구역 단위 위치. 정확한 매장 좌표 아님,"[사직야구장] stadium_code: SAJIK / stadium_name: 사직야구장 / home_team: LOTTE / store_facility: 편의점, 스테이크 / zone_location: 외야 / side: 외야 / in_stadium_flag: Y / notes: 구역 단위 위치. 정확한 매장 좌표 아님 (공식 확인 전 정보로 정확하지 않을 수 있습니다.)"
SC_FOOD_SAJIK_032,SAJIK,사직야구장,LOTTE,코카모메,외야,,외야,Y,UNOFFICIAL,COMMUNITY_SEATVIEW,myseatcheck.com (자리어때),https://myseatcheck.com/%eb%b6%80%ec%82%b0-%ec%82%ac%ec%a7%81%ec%95%bc%ea%b5%ac%ec%9e%a5-%eb%a8%b9%ea%b1%b0%eb%a6%ac-%ec%99%b8%ec%95%bc/,2026-09-10,PARTIAL,구역 단위 위치. 정확한 매장 좌표 아님,[사직야구장] stadium_code: SAJIK / stadium_name: 사직야구장 / home_team: LOTTE / store_facility: 코카모메 / zone_location: 외야 / side: 외야 / in_stadium_flag: Y / notes: 구역 단위 위치. 정확한 매장 좌표 아님 (공식 확인 전 정보로 정확하지 않을 수 있습니다.)
SC_FOOD_SAJIK_033,SAJIK,사직야구장,LOTTE,상하이 마라꼬치,외야,,외야,Y,UNOFFICIAL,COMMUNITY_SEATVIEW,myseatcheck.com (자리어때),https://myseatcheck.com/%eb%b6%80%ec%82%b0-%ec%82%ac%ec%a7%81%ec%95%bc%ea%b5%ac%ec%9e%a5-%eb%a8%b9%ea%b1%b0%eb%a6%ac-%ec%99%b8%ec%95%bc/,2026-09-10,PARTIAL,구역 단위 위치. 정확한 매장 좌표 아님,[사직야구장] stadium_code: SAJIK / stadium_name: 사직야구장 / home_team: LOTTE / store_facility: 상하이 마라꼬치 / zone_location: 외야 / side: 외야 / in_stadium_flag: Y / notes: 구역 단위 위치. 정확한 매장 좌표 아님 (공식 확인 전 정보로 정확하지 않을 수 있습니다.)
SC_FOOD_CHANGWON_001,CHANGWON,창원 NC 파크,NC,구슬아이스크림,1루 1층,1층,1루,Y,UNOFFICIAL,COMMUNITY_SEATVIEW,myseatcheck.com (자리어때),https://myseatcheck.com/%ec%b0%bd%ec%9b%90nc%ed%8c%8c%ed%81%ac-%eb%a8%b9%ea%b1%b0%eb%a6%ac-1%eb%a3%a8-1%ec%b8%b5/,2026-09-10,PARTIAL,구역 단위 위치. 정확한 매장 좌표 아님,[창원 NC 파크] stadium_code: CHANGWON / stadium_name: 창원 NC 파크 / home_team: NC / store_facility: 구슬아이스크림 / zone_location: 1루 1층 / floor: 1층 / side: 1루 / in_stadium_flag: Y / notes: 구역 단위 위치. 정확한 매장 좌표 아님 (공식 확인 전 정보로 정확하지 않을 수 있습니다.)
SC_FOOD_CHANGWON_002,CHANGWON,창원 NC 파크,NC,만재네,1루 1층,1층,1루,Y,UNOFFICIAL,COMMUNITY_SEATVIEW,myseatcheck.com (자리어때),https://myseatcheck.com/%ec%b0%bd%ec%9b%90nc%ed%8c%8c%ed%81%ac-%eb%a8%b9%ea%b1%b0%eb%a6%ac-1%eb%a3%a8-1%ec%b8%b5/,2026-09-10,PARTIAL,구역 단위 위치. 정확한 매장 좌표 아님,[창원 NC 파크] stadium_code: CHANGWON / stadium_name: 창원 NC 파크 / home_team: NC / store_facility: 만재네 / zone_location: 1루 1층 / floor: 1층 / side: 1루 / in_stadium_flag: Y / notes: 구역 단위 위치. 정확한 매장 좌표 아님 (공식 확인 전 정보로 정확하지 않을 수 있습니다.)
SC_FOOD_CHANGWON_003,CHANGWON,창원 NC 파크,NC,반올림피자,1루 1층,1층,1루,Y,UNOFFICIAL,COMMUNITY_SEATVIEW,myseatcheck.com (자리어때),https://myseatcheck.com/%ec%b0%bd%ec%9b%90nc%ed%8c%8c%ed%81%ac-%eb%a8%b9%ea%b1%b0%eb%a6%ac-1%eb%a3%a8-1%ec%b8%b5/,2026-09-10,PARTIAL,구역 단위 위치. 정확한 매장 좌표 아님,[창원 NC 파크] stadium_code: CHANGWON / stadium_name: 창원 NC 파크 / home_team: NC / store_facility: 반올림피자 / zone_location: 1루 1층 / floor: 1층 / side: 1루 / in_stadium_flag: Y / notes: 구역 단위 위치. 정확한 매장 좌표 아님 (공식 확인 전 정보로 정확하지 않을 수 있습니다.)
SC_FOOD_CHANGWON_004,CHANGWON,창원 NC 파크,NC,버터구이오징어,1루 1층,1층,1루,Y,UNOFFICIAL,COMMUNITY_SEATVIEW,myseatcheck.com (자리어때),https://myseatcheck.com/%ec%b0%bd%ec%9b%90nc%ed%8c%8c%ed%81%ac-%eb%a8%b9%ea%b1%b0%eb%a6%ac-1%eb%a3%a8-1%ec%b8%b5/,2026-09-10,PARTIAL,구역 단위 위치. 정확한 매장 좌표 아님,[창원 NC 파크] stadium_code: CHANGWON / stadium_name: 창원 NC 파크 / home_team: NC / store_facility: 버터구이오징어 / zone_location: 1루 1층 / floor: 1층 / side: 1루 / in_stadium_flag: Y / notes: 구역 단위 위치. 정확한 매장 좌표 아님 (공식 확인 전 정보로 정확하지 않을 수 있습니다.)
SC_FOOD_CHANGWON_005,CHANGWON,창원 NC 파크,NC,빙동댕,1루 1층,1층,1루,Y,UNOFFICIAL,COMMUNITY_SEATVIEW,myseatcheck.com (자리어때),https://myseatcheck.com/%ec%b0%bd%ec%9b%90nc%ed%8c%8c%ed%81%ac-%eb%a8%b9%ea%b1%b0%eb%a6%ac-1%eb%a3%a8-1%ec%b8%b5/,2026-09-10,PARTIAL,구역 단위 위치. 정확한 매장 좌표 아님,[창원 NC 파크] stadium_code: CHANGWON / stadium_name: 창원 NC 파크 / home_team: NC / store_facility: 빙동댕 / zone_location: 1루 1층 / floor: 1층 / side: 1루 / in_stadium_flag: Y / notes: 구역 단위 위치. 정확한 매장 좌표 아님 (공식 확인 전 정보로 정확하지 않을 수 있습니다.)
SC_FOOD_CHANGWON_006,CHANGWON,창원 NC 파크,NC,생맥주 (106),1루 1층,1층,1루,Y,UNOFFICIAL,COMMUNITY_SEATVIEW,myseatcheck.com (자리어때),https://myseatcheck.com/%ec%b0%bd%ec%9b%90nc%ed%8c%8c%ed%81%ac-%eb%a8%b9%ea%b1%b0%eb%a6%ac-1%eb%a3%a8-1%ec%b8%b5/,2026-09-10,PARTIAL,구역 단위 위치. 정확한 매장 좌표 아님,[창원 NC 파크] stadium_code: CHANGWON / stadium_name: 창원 NC 파크 / home_team: NC / store_facility: 생맥주 (106) / zone_location: 1루 1층 / floor: 1층 / side: 1루 / in_stadium_flag: Y / notes: 구역 단위 위치. 정확한 매장 좌표 아님 (공식 확인 전 정보로 정확하지 않을 수 있습니다.)
SC_FOOD_CHANGWON_007,CHANGWON,창원 NC 파크,NC,생맥주 (110),1루 1층,1층,1루,Y,UNOFFICIAL,COMMUNITY_SEATVIEW,myseatcheck.com (자리어때),https://myseatcheck.com/%ec%b0%bd%ec%9b%90nc%ed%8c%8c%ed%81%ac-%eb%a8%b9%ea%b1%b0%eb%a6%ac-1%eb%a3%a8-1%ec%b8%b5/,2026-09-10,PARTIAL,구역 단위 위치. 정확한 매장 좌표 아님,[창원 NC 파크] stadium_code: CHANGWON / stadium_name: 창원 NC 파크 / home_team: NC / store_facility: 생맥주 (110) / zone_location: 1루 1층 / floor: 1층 / side: 1루 / in_stadium_flag: Y / notes: 구역 단위 위치. 정확한 매장 좌표 아님 (공식 확인 전 정보로 정확하지 않을 수 있습니다.)
SC_FOOD_CHANGWON_008,CHANGWON,창원 NC 파크,NC,세븐일레븐,1루 1층,1층,1루,Y,UNOFFICIAL,COMMUNITY_SEATVIEW,myseatcheck.com (자리어때),https://myseatcheck.com/%ec%b0%bd%ec%9b%90nc%ed%8c%8c%ed%81%ac-%eb%a8%b9%ea%b1%b0%eb%a6%ac-1%eb%a3%a8-1%ec%b8%b5/,2026-09-10,PARTIAL,구역 단위 위치. 정확한 매장 좌표 아님,[창원 NC 파크] stadium_code: CHANGWON / stadium_name: 창원 NC 파크 / home_team: NC / store_facility: 세븐일레븐 / zone_location: 1루 1층 / floor: 1층 / side: 1루 / in_stadium_flag: Y / notes: 구역 단위 위치. 정확한 매장 좌표 아님 (공식 확인 전 정보로 정확하지 않을 수 있습니다.)
SC_FOOD_CHANGWON_009,CHANGWON,창원 NC 파크,NC,소르베,1루 1층,1층,1루,Y,UNOFFICIAL,COMMUNITY_SEATVIEW,myseatcheck.com (자리어때),https://myseatcheck.com/%ec%b0%bd%ec%9b%90nc%ed%8c%8c%ed%81%ac-%eb%a8%b9%ea%b1%b0%eb%a6%ac-1%eb%a3%a8-1%ec%b8%b5/,2026-09-10,PARTIAL,구역 단위 위치. 정확한 매장 좌표 아님,[창원 NC 파크] stadium_code: CHANGWON / stadium_name: 창원 NC 파크 / home_team: NC / store_facility: 소르베 / zone_location: 1루 1층 / floor: 1층 / side: 1루 / in_stadium_flag: Y / notes: 구역 단위 위치. 정확한 매장 좌표 아님 (공식 확인 전 정보로 정확하지 않을 수 있습니다.)
SC_FOOD_CHANGWON_010,CHANGWON,창원 NC 파크,NC,알통떡강정,1루 1층,1층,1루,Y,UNOFFICIAL,COMMUNITY_SEATVIEW,myseatcheck.com (자리어때),https://myseatcheck.com/%ec%b0%bd%ec%9b%90nc%ed%8c%8c%ed%81%ac-%eb%a8%b9%ea%b1%b0%eb%a6%ac-1%eb%a3%a8-1%ec%b8%b5/,2026-09-10,PARTIAL,구역 단위 위치. 정확한 매장 좌표 아님,[창원 NC 파크] stadium_code: CHANGWON / stadium_name: 창원 NC 파크 / home_team: NC / store_facility: 알통떡강정 / zone_location: 1루 1층 / floor: 1층 / side: 1루 / in_stadium_flag: Y / notes: 구역 단위 위치. 정확한 매장 좌표 아님 (공식 확인 전 정보로 정확하지 않을 수 있습니다.)
SC_FOOD_CHANGWON_011,CHANGWON,창원 NC 파크,NC,우이락 고추튀김,1루 1층,1층,1루,Y,UNOFFICIAL,COMMUNITY_SEATVIEW,myseatcheck.com (자리어때),https://myseatcheck.com/%ec%b0%bd%ec%9b%90nc%ed%8c%8c%ed%81%ac-%eb%a8%b9%ea%b1%b0%eb%a6%ac-1%eb%a3%a8-1%ec%b8%b5/,2026-09-10,PARTIAL,구역 단위 위치. 정확한 매장 좌표 아님,[창원 NC 파크] stadium_code: CHANGWON / stadium_name: 창원 NC 파크 / home_team: NC / store_facility: 우이락 고추튀김 / zone_location: 1루 1층 / floor: 1층 / side: 1루 / in_stadium_flag: Y / notes: 구역 단위 위치. 정확한 매장 좌표 아님 (공식 확인 전 정보로 정확하지 않을 수 있습니다.)
SC_FOOD_CHANGWON_012,CHANGWON,창원 NC 파크,NC,HABANERO,1루 1층,1층,1루,Y,UNOFFICIAL,COMMUNITY_SEATVIEW,myseatcheck.com (자리어때),https://myseatcheck.com/%ec%b0%bd%ec%9b%90nc%ed%8c%8c%ed%81%ac-%eb%a8%b9%ea%b1%b0%eb%a6%ac-1%eb%a3%a8-1%ec%b8%b5/,2026-09-10,PARTIAL,구역 단위 위치. 정확한 매장 좌표 아님,[창원 NC 파크] stadium_code: CHANGWON / stadium_name: 창원 NC 파크 / home_team: NC / store_facility: HABANERO / zone_location: 1루 1층 / floor: 1층 / side: 1루 / in_stadium_flag: Y / notes: 구역 단위 위치. 정확한 매장 좌표 아님 (공식 확인 전 정보로 정확하지 않을 수 있습니다.)
SC_FOOD_CHANGWON_013,CHANGWON,창원 NC 파크,NC,노랑통닭,3루 1층,1층,3루,Y,UNOFFICIAL,COMMUNITY_SEATVIEW,myseatcheck.com (자리어때),https://myseatcheck.com/%ec%b0%bd%ec%9b%90nc%ed%8c%8c%ed%81%ac-%eb%a8%b9%ea%b1%b0%eb%a6%ac-3%eb%a3%a8-1%ec%b8%b5/,2026-09-10,PARTIAL,구역 단위 위치. 정확한 매장 좌표 아님,[창원 NC 파크] stadium_code: CHANGWON / stadium_name: 창원 NC 파크 / home_team: NC / store_facility: 노랑통닭 / zone_location: 3루 1층 / floor: 1층 / side: 3루 / in_stadium_flag: Y / notes: 구역 단위 위치. 정확한 매장 좌표 아님 (공식 확인 전 정보로 정확하지 않을 수 있습니다.)
SC_FOOD_CHANGWON_014,CHANGWON,창원 NC 파크,NC,반올림피자,3루 1층,1층,3루,Y,UNOFFICIAL,COMMUNITY_SEATVIEW,myseatcheck.com (자리어때),https://myseatcheck.com/%ec%b0%bd%ec%9b%90nc%ed%8c%8c%ed%81%ac-%eb%a8%b9%ea%b1%b0%eb%a6%ac-3%eb%a3%a8-1%ec%b8%b5/,2026-09-10,PARTIAL,구역 단위 위치. 정확한 매장 좌표 아님,[창원 NC 파크] stadium_code: CHANGWON / stadium_name: 창원 NC 파크 / home_team: NC / store_facility: 반올림피자 / zone_location: 3루 1층 / floor: 1층 / side: 3루 / in_stadium_flag: Y / notes: 구역 단위 위치. 정확한 매장 좌표 아님 (공식 확인 전 정보로 정확하지 않을 수 있습니다.)
SC_FOOD_CHANGWON_015,CHANGWON,창원 NC 파크,NC,북촌손만두,3루 1층,1층,3루,Y,UNOFFICIAL,COMMUNITY_SEATVIEW,myseatcheck.com (자리어때),https://myseatcheck.com/%ec%b0%bd%ec%9b%90nc%ed%8c%8c%ed%81%ac-%eb%a8%b9%ea%b1%b0%eb%a6%ac-3%eb%a3%a8-1%ec%b8%b5/,2026-09-10,PARTIAL,구역 단위 위치. 정확한 매장 좌표 아님,[창원 NC 파크] stadium_code: CHANGWON / stadium_name: 창원 NC 파크 / home_team: NC / store_facility: 북촌손만두 / zone_location: 3루 1층 / floor: 1층 / side: 3루 / in_stadium_flag: Y / notes: 구역 단위 위치. 정확한 매장 좌표 아님 (공식 확인 전 정보로 정확하지 않을 수 있습니다.)
SC_FOOD_CHANGWON_016,CHANGWON,창원 NC 파크,NC,생맥주 (116),3루 1층,1층,3루,Y,UNOFFICIAL,COMMUNITY_SEATVIEW,myseatcheck.com (자리어때),https://myseatcheck.com/%ec%b0%bd%ec%9b%90nc%ed%8c%8c%ed%81%ac-%eb%a8%b9%ea%b1%b0%eb%a6%ac-3%eb%a3%a8-1%ec%b8%b5/,2026-09-10,PARTIAL,구역 단위 위치. 정확한 매장 좌표 아님,[창원 NC 파크] stadium_code: CHANGWON / stadium_name: 창원 NC 파크 / home_team: NC / store_facility: 생맥주 (116) / zone_location: 3루 1층 / floor: 1층 / side: 3루 / in_stadium_flag: Y / notes: 구역 단위 위치. 정확한 매장 좌표 아님 (공식 확인 전 정보로 정확하지 않을 수 있습니다.)
SC_FOOD_CHANGWON_017,CHANGWON,창원 NC 파크,NC,세븐일레븐,3루 1층,1층,3루,Y,UNOFFICIAL,COMMUNITY_SEATVIEW,myseatcheck.com (자리어때),https://myseatcheck.com/%ec%b0%bd%ec%9b%90nc%ed%8c%8c%ed%81%ac-%eb%a8%b9%ea%b1%b0%eb%a6%ac-3%eb%a3%a8-1%ec%b8%b5/,2026-09-10,PARTIAL,구역 단위 위치. 정확한 매장 좌표 아님,[창원 NC 파크] stadium_code: CHANGWON / stadium_name: 창원 NC 파크 / home_team: NC / store_facility: 세븐일레븐 / zone_location: 3루 1층 / floor: 1층 / side: 3루 / in_stadium_flag: Y / notes: 구역 단위 위치. 정확한 매장 좌표 아님 (공식 확인 전 정보로 정확하지 않을 수 있습니다.)
SC_FOOD_CHANGWON_018,CHANGWON,창원 NC 파크,NC,스타벅스,3루 1층,1층,3루,Y,UNOFFICIAL,COMMUNITY_SEATVIEW,myseatcheck.com (자리어때),https://myseatcheck.com/%ec%b0%bd%ec%9b%90nc%ed%8c%8c%ed%81%ac-%eb%a8%b9%ea%b1%b0%eb%a6%ac-3%eb%a3%a8-1%ec%b8%b5/,2026-09-10,PARTIAL,구역 단위 위치. 정확한 매장 좌표 아님,[창원 NC 파크] stadium_code: CHANGWON / stadium_name: 창원 NC 파크 / home_team: NC / store_facility: 스타벅스 / zone_location: 3루 1층 / floor: 1층 / side: 3루 / in_stadium_flag: Y / notes: 구역 단위 위치. 정확한 매장 좌표 아님 (공식 확인 전 정보로 정확하지 않을 수 있습니다.)
SC_FOOD_CHANGWON_019,CHANGWON,창원 NC 파크,NC,스테이션,3루 1층,1층,3루,Y,UNOFFICIAL,COMMUNITY_SEATVIEW,myseatcheck.com (자리어때),https://myseatcheck.com/%ec%b0%bd%ec%9b%90nc%ed%8c%8c%ed%81%ac-%eb%a8%b9%ea%b1%b0%eb%a6%ac-3%eb%a3%a8-1%ec%b8%b5/,2026-09-10,PARTIAL,구역 단위 위치. 정확한 매장 좌표 아님,[창원 NC 파크] stadium_code: CHANGWON / stadium_name: 창원 NC 파크 / home_team: NC / store_facility: 스테이션 / zone_location: 3루 1층 / floor: 1층 / side: 3루 / in_stadium_flag: Y / notes: 구역 단위 위치. 정확한 매장 좌표 아님 (공식 확인 전 정보로 정확하지 않을 수 있습니다.)
SC_FOOD_CHANGWON_020,CHANGWON,창원 NC 파크,NC,코아양과,3루 1층,1층,3루,Y,UNOFFICIAL,COMMUNITY_SEATVIEW,myseatcheck.com (자리어때),https://myseatcheck.com/%ec%b0%bd%ec%9b%90nc%ed%8c%8c%ed%81%ac-%eb%a8%b9%ea%b1%b0%eb%a6%ac-3%eb%a3%a8-1%ec%b8%b5/,2026-09-10,PARTIAL,구역 단위 위치. 정확한 매장 좌표 아님,[창원 NC 파크] stadium_code: CHANGWON / stadium_name: 창원 NC 파크 / home_team: NC / store_facility: 코아양과 / zone_location: 3루 1층 / floor: 1층 / side: 3루 / in_stadium_flag: Y / notes: 구역 단위 위치. 정확한 매장 좌표 아님 (공식 확인 전 정보로 정확하지 않을 수 있습니다.)
SC_FOOD_CHANGWON_021,CHANGWON,창원 NC 파크,NC,호남원조식당,3루 1층,1층,3루,Y,UNOFFICIAL,COMMUNITY_SEATVIEW,myseatcheck.com (자리어때),https://myseatcheck.com/%ec%b0%bd%ec%9b%90nc%ed%8c%8c%ed%81%ac-%eb%a8%b9%ea%b1%b0%eb%a6%ac-3%eb%a3%a8-1%ec%b8%b5/,2026-09-10,PARTIAL,구역 단위 위치. 정확한 매장 좌표 아님,[창원 NC 파크] stadium_code: CHANGWON / stadium_name: 창원 NC 파크 / home_team: NC / store_facility: 호남원조식당 / zone_location: 3루 1층 / floor: 1층 / side: 3루 / in_stadium_flag: Y / notes: 구역 단위 위치. 정확한 매장 좌표 아님 (공식 확인 전 정보로 정확하지 않을 수 있습니다.)
SC_FOOD_CHANGWON_022,CHANGWON,창원 NC 파크,NC,BHC치킨,중앙 1층,1층,중앙,Y,UNOFFICIAL,COMMUNITY_SEATVIEW,myseatcheck.com (자리어때),https://myseatcheck.com/%ec%b0%bd%ec%9b%90nc%ed%8c%8c%ed%81%ac-%eb%a8%b9%ea%b1%b0%eb%a6%ac-%ec%a4%91%ec%95%99-1%ec%b8%b5/,2026-09-10,PARTIAL,구역 단위 위치. 정확한 매장 좌표 아님,[창원 NC 파크] stadium_code: CHANGWON / stadium_name: 창원 NC 파크 / home_team: NC / store_facility: BHC치킨 / zone_location: 중앙 1층 / floor: 1층 / side: 중앙 / in_stadium_flag: Y / notes: 구역 단위 위치. 정확한 매장 좌표 아님 (공식 확인 전 정보로 정확하지 않을 수 있습니다.)
SC_FOOD_CHANGWON_023,CHANGWON,창원 NC 파크,NC,생맥주,중앙 1층,1층,중앙,Y,UNOFFICIAL,COMMUNITY_SEATVIEW,myseatcheck.com (자리어때),https://myseatcheck.com/%ec%b0%bd%ec%9b%90nc%ed%8c%8c%ed%81%ac-%eb%a8%b9%ea%b1%b0%eb%a6%ac-%ec%a4%91%ec%95%99-1%ec%b8%b5/,2026-09-10,PARTIAL,구역 단위 위치. 정확한 매장 좌표 아님,[창원 NC 파크] stadium_code: CHANGWON / stadium_name: 창원 NC 파크 / home_team: NC / store_facility: 생맥주 / zone_location: 중앙 1층 / floor: 1층 / side: 중앙 / in_stadium_flag: Y / notes: 구역 단위 위치. 정확한 매장 좌표 아님 (공식 확인 전 정보로 정확하지 않을 수 있습니다.)
SC_FOOD_CHANGWON_024,CHANGWON,창원 NC 파크,NC,세븐일레븐,중앙 1층,1층,중앙,Y,UNOFFICIAL,COMMUNITY_SEATVIEW,myseatcheck.com (자리어때),https://myseatcheck.com/%ec%b0%bd%ec%9b%90nc%ed%8c%8c%ed%81%ac-%eb%a8%b9%ea%b1%b0%eb%a6%ac-%ec%a4%91%ec%95%99-1%ec%b8%b5/,2026-09-10,PARTIAL,구역 단위 위치. 정확한 매장 좌표 아님,[창원 NC 파크] stadium_code: CHANGWON / stadium_name: 창원 NC 파크 / home_team: NC / store_facility: 세븐일레븐 / zone_location: 중앙 1층 / floor: 1층 / side: 중앙 / in_stadium_flag: Y / notes: 구역 단위 위치. 정확한 매장 좌표 아님 (공식 확인 전 정보로 정확하지 않을 수 있습니다.)
SC_FOOD_CHANGWON_025,CHANGWON,창원 NC 파크,NC,알통떡강정,중앙 1층,1층,중앙,Y,UNOFFICIAL,COMMUNITY_SEATVIEW,myseatcheck.com (자리어때),https://myseatcheck.com/%ec%b0%bd%ec%9b%90nc%ed%8c%8c%ed%81%ac-%eb%a8%b9%ea%b1%b0%eb%a6%ac-%ec%a4%91%ec%95%99-1%ec%b8%b5/,2026-09-10,PARTIAL,구역 단위 위치. 정확한 매장 좌표 아님,[창원 NC 파크] stadium_code: CHANGWON / stadium_name: 창원 NC 파크 / home_team: NC / store_facility: 알통떡강정 / zone_location: 중앙 1층 / floor: 1층 / side: 중앙 / in_stadium_flag: Y / notes: 구역 단위 위치. 정확한 매장 좌표 아님 (공식 확인 전 정보로 정확하지 않을 수 있습니다.)
SC_FOOD_CHANGWON_026,CHANGWON,창원 NC 파크,NC,BHC치킨,2층,2층,,Y,UNOFFICIAL,COMMUNITY_SEATVIEW,myseatcheck.com (자리어때),https://myseatcheck.com/%ec%b0%bd%ec%9b%90nc%ed%8c%8c%ed%81%ac-%eb%a8%b9%ea%b1%b0%eb%a6%ac-2%ec%b8%b5/,2026-09-10,PARTIAL,구역 단위 위치. 정확한 매장 좌표 아님,[창원 NC 파크] stadium_code: CHANGWON / stadium_name: 창원 NC 파크 / home_team: NC / store_facility: BHC치킨 / zone_location: 2층 / floor: 2층 / in_stadium_flag: Y / notes: 구역 단위 위치. 정확한 매장 좌표 아님 (공식 확인 전 정보로 정확하지 않을 수 있습니다.)
SC_FOOD_CHANGWON_027,CHANGWON,창원 NC 파크,NC,공룡상회,2층,2층,,Y,UNOFFICIAL,COMMUNITY_SEATVIEW,myseatcheck.com (자리어때),https://myseatcheck.com/%ec%b0%bd%ec%9b%90nc%ed%8c%8c%ed%81%ac-%eb%a8%b9%ea%b1%b0%eb%a6%ac-2%ec%b8%b5/,2026-09-10,PARTIAL,구역 단위 위치. 정확한 매장 좌표 아님,[창원 NC 파크] stadium_code: CHANGWON / stadium_name: 창원 NC 파크 / home_team: NC / store_facility: 공룡상회 / zone_location: 2층 / floor: 2층 / in_stadium_flag: Y / notes: 구역 단위 위치. 정확한 매장 좌표 아님 (공식 확인 전 정보로 정확하지 않을 수 있습니다.)
SC_FOOD_CHANGWON_028,CHANGWON,창원 NC 파크,NC,세븐일레븐,2층,2층,,Y,UNOFFICIAL,COMMUNITY_SEATVIEW,myseatcheck.com (자리어때),https://myseatcheck.com/%ec%b0%bd%ec%9b%90nc%ed%8c%8c%ed%81%ac-%eb%a8%b9%ea%b1%b0%eb%a6%ac-2%ec%b8%b5/,2026-09-10,PARTIAL,구역 단위 위치. 정확한 매장 좌표 아님,[창원 NC 파크] stadium_code: CHANGWON / stadium_name: 창원 NC 파크 / home_team: NC / store_facility: 세븐일레븐 / zone_location: 2층 / floor: 2층 / in_stadium_flag: Y / notes: 구역 단위 위치. 정확한 매장 좌표 아님 (공식 확인 전 정보로 정확하지 않을 수 있습니다.)
SC_FOOD_CHANGWON_029,CHANGWON,창원 NC 파크,NC,스타벅스,2층,2층,,Y,UNOFFICIAL,COMMUNITY_SEATVIEW,myseatcheck.com (자리어때),https://myseatcheck.com/%ec%b0%bd%ec%9b%90nc%ed%8c%8c%ed%81%ac-%eb%a8%b9%ea%b1%b0%eb%a6%ac-2%ec%b8%b5/,2026-09-10,PARTIAL,구역 단위 위치. 정확한 매장 좌표 아님,[창원 NC 파크] stadium_code: CHANGWON / stadium_name: 창원 NC 파크 / home_team: NC / store_facility: 스타벅스 / zone_location: 2층 / floor: 2층 / in_stadium_flag: Y / notes: 구역 단위 위치. 정확한 매장 좌표 아님 (공식 확인 전 정보로 정확하지 않을 수 있습니다.)
SC_FOOD_CHANGWON_030,CHANGWON,창원 NC 파크,NC,버터구이오징어,2층,2층,,Y,UNOFFICIAL,COMMUNITY_SEATVIEW,myseatcheck.com (자리어때),https://myseatcheck.com/%ec%b0%bd%ec%9b%90nc%ed%8c%8c%ed%81%ac-%eb%a8%b9%ea%b1%b0%eb%a6%ac-2%ec%b8%b5/,2026-09-10,PARTIAL,구역 단위 위치. 정확한 매장 좌표 아님,[창원 NC 파크] stadium_code: CHANGWON / stadium_name: 창원 NC 파크 / home_team: NC / store_facility: 버터구이오징어 / zone_location: 2층 / floor: 2층 / in_stadium_flag: Y / notes: 구역 단위 위치. 정확한 매장 좌표 아님 (공식 확인 전 정보로 정확하지 않을 수 있습니다.)
SC_FOOD_CHANGWON_031,CHANGWON,창원 NC 파크,NC,BHC치킨,외야 잔디석,,외야,Y,UNOFFICIAL,COMMUNITY_SEATVIEW,myseatcheck.com (자리어때),https://myseatcheck.com/%ec%b0%bd%ec%9b%90nc%ed%8c%8c%ed%81%ac-%eb%a8%b9%ea%b1%b0%eb%a6%ac-%ec%99%b8%ec%95%bc/,2026-09-10,PARTIAL,구역 단위 위치. 정확한 매장 좌표 아님,[창원 NC 파크] stadium_code: CHANGWON / stadium_name: 창원 NC 파크 / home_team: NC / store_facility: BHC치킨 / zone_location: 외야 잔디석 / side: 외야 / in_stadium_flag: Y / notes: 구역 단위 위치. 정확한 매장 좌표 아님 (공식 확인 전 정보로 정확하지 않을 수 있습니다.)
SC_FOOD_CHANGWON_032,CHANGWON,창원 NC 파크,NC,만재네,외야 잔디석,,외야,Y,UNOFFICIAL,COMMUNITY_SEATVIEW,myseatcheck.com (자리어때),https://myseatcheck.com/%ec%b0%bd%ec%9b%90nc%ed%8c%8c%ed%81%ac-%eb%a8%b9%ea%b1%b0%eb%a6%ac-%ec%99%b8%ec%95%bc/,2026-09-10,PARTIAL,구역 단위 위치. 정확한 매장 좌표 아님,[창원 NC 파크] stadium_code: CHANGWON / stadium_name: 창원 NC 파크 / home_team: NC / store_facility: 만재네 / zone_location: 외야 잔디석 / side: 외야 / in_stadium_flag: Y / notes: 구역 단위 위치. 정확한 매장 좌표 아님 (공식 확인 전 정보로 정확하지 않을 수 있습니다.)
SC_FOOD_CHANGWON_033,CHANGWON,창원 NC 파크,NC,브뤼셀프라이,외야 잔디석,,외야,Y,UNOFFICIAL,COMMUNITY_SEATVIEW,myseatcheck.com (자리어때),https://myseatcheck.com/%ec%b0%bd%ec%9b%90nc%ed%8c%8c%ed%81%ac-%eb%a8%b9%ea%b1%b0%eb%a6%ac-%ec%99%b8%ec%95%bc/,2026-09-10,PARTIAL,구역 단위 위치. 정확한 매장 좌표 아님,[창원 NC 파크] stadium_code: CHANGWON / stadium_name: 창원 NC 파크 / home_team: NC / store_facility: 브뤼셀프라이 / zone_location: 외야 잔디석 / side: 외야 / in_stadium_flag: Y / notes: 구역 단위 위치. 정확한 매장 좌표 아님 (공식 확인 전 정보로 정확하지 않을 수 있습니다.)
SC_FOOD_CHANGWON_034,CHANGWON,창원 NC 파크,NC,상하이마라꼬치,외야 잔디석,,외야,Y,UNOFFICIAL,COMMUNITY_SEATVIEW,myseatcheck.com (자리어때),https://myseatcheck.com/%ec%b0%bd%ec%9b%90nc%ed%8c%8c%ed%81%ac-%eb%a8%b9%ea%b1%b0%eb%a6%ac-%ec%99%b8%ec%95%bc/,2026-09-10,PARTIAL,구역 단위 위치. 정확한 매장 좌표 아님,[창원 NC 파크] stadium_code: CHANGWON / stadium_name: 창원 NC 파크 / home_team: NC / store_facility: 상하이마라꼬치 / zone_location: 외야 잔디석 / side: 외야 / in_stadium_flag: Y / notes: 구역 단위 위치. 정확한 매장 좌표 아님 (공식 확인 전 정보로 정확하지 않을 수 있습니다.)
SC_FOOD_CHANGWON_035,CHANGWON,창원 NC 파크,NC,생맥주,외야 잔디석,,외야,Y,UNOFFICIAL,COMMUNITY_SEATVIEW,myseatcheck.com (자리어때),https://myseatcheck.com/%ec%b0%bd%ec%9b%90nc%ed%8c%8c%ed%81%ac-%eb%a8%b9%ea%b1%b0%eb%a6%ac-%ec%99%b8%ec%95%bc/,2026-09-10,PARTIAL,구역 단위 위치. 정확한 매장 좌표 아님,[창원 NC 파크] stadium_code: CHANGWON / stadium_name: 창원 NC 파크 / home_team: NC / store_facility: 생맥주 / zone_location: 외야 잔디석 / side: 외야 / in_stadium_flag: Y / notes: 구역 단위 위치. 정확한 매장 좌표 아님 (공식 확인 전 정보로 정확하지 않을 수 있습니다.)
SC_FOOD_CHANGWON_036,CHANGWON,창원 NC 파크,NC,수내닭꼬치,외야 잔디석,,외야,Y,UNOFFICIAL,COMMUNITY_SEATVIEW,myseatcheck.com (자리어때),https://myseatcheck.com/%ec%b0%bd%ec%9b%90nc%ed%8c%8c%ed%81%ac-%eb%a8%b9%ea%b1%b0%eb%a6%ac-%ec%99%b8%ec%95%bc/,2026-09-10,PARTIAL,구역 단위 위치. 정확한 매장 좌표 아님,[창원 NC 파크] stadium_code: CHANGWON / stadium_name: 창원 NC 파크 / home_team: NC / store_facility: 수내닭꼬치 / zone_location: 외야 잔디석 / side: 외야 / in_stadium_flag: Y / notes: 구역 단위 위치. 정확한 매장 좌표 아님 (공식 확인 전 정보로 정확하지 않을 수 있습니다.)
SC_FOOD_CHANGWON_037,CHANGWON,창원 NC 파크,NC,요거트월드,외야 잔디석,,외야,Y,UNOFFICIAL,COMMUNITY_SEATVIEW,myseatcheck.com (자리어때),https://myseatcheck.com/%ec%b0%bd%ec%9b%90nc%ed%8c%8c%ed%81%ac-%eb%a8%b9%ea%b1%b0%eb%a6%ac-%ec%99%b8%ec%95%bc/,2026-09-10,PARTIAL,구역 단위 위치. 정확한 매장 좌표 아님,[창원 NC 파크] stadium_code: CHANGWON / stadium_name: 창원 NC 파크 / home_team: NC / store_facility: 요거트월드 / zone_location: 외야 잔디석 / side: 외야 / in_stadium_flag: Y / notes: 구역 단위 위치. 정확한 매장 좌표 아님 (공식 확인 전 정보로 정확하지 않을 수 있습니다.)
