record_id,stadium_code,stadium_name,home_team,store_facility,floor,zone_location,map_label,menu_category_official,location_qty,operating_hours_official,evidence_type,evidence_subtype,source_id,source_url,verified_at,status,notes,content
F001,JAMSIL,잠실야구장,"LG, DOOSAN",카페희다,1층,공식 층별 안내도 표기 위치,A01,카페/간식,1,,OFFICIAL,OFFICIAL_GUIDE_PAGE,S12,https://www.doosanbears.com/bears/stadium,2026-09-04,CONFIRMED,세부 메뉴·매장별 운영시간은 공식 안내에 미표기,"[잠실야구장] stadium_code: JAMSIL / stadium_name: 잠실야구장 / home_team: LG, DOOSAN / store_facility: 카페희다 / floor: 1층 / zone_location: 공식 층별 안내도 표기 위치 / map_label: A01 / menu_category_official: 카페/간식 / location_qty: 1 / notes: 세부 메뉴·매장별 운영시간은 공식 안내에 미표기"
F002,JAMSIL,잠실야구장,"LG, DOOSAN",BHC,1층,공식 층별 안내도 표기 위치,A02,식당,1,,OFFICIAL,OFFICIAL_GUIDE_PAGE,S12,https://www.doosanbears.com/bears/stadium,2026-09-04,CONFIRMED,세부 메뉴·매장별 운영시간은 공식 안내에 미표기,"[잠실야구장] stadium_code: JAMSIL / stadium_name: 잠실야구장 / home_team: LG, DOOSAN / store_facility: BHC / floor: 1층 / zone_location: 공식 층별 안내도 표기 위치 / map_label: A02 / menu_category_official: 식당 / location_qty: 1 / notes: 세부 메뉴·매장별 운영시간은 공식 안내에 미표기"
F003,JAMSIL,잠실야구장,"LG, DOOSAN",델리스푼 / 미스터피자,1층,공식 층별 안내도 표기 위치,A03,카페/간식,1,,OFFICIAL,OFFICIAL_GUIDE_PAGE,S12,https://www.doosanbears.com/bears/stadium,2026-09-04,CONFIRMED,세부 메뉴·매장별 운영시간은 공식 안내에 미표기,"[잠실야구장] stadium_code: JAMSIL / stadium_name: 잠실야구장 / home_team: LG, DOOSAN / store_facility: 델리스푼 / 미스터피자 / floor: 1층 / zone_location: 공식 층별 안내도 표기 위치 / map_label: A03 / menu_category_official: 카페/간식 / location_qty: 1 / notes: 세부 메뉴·매장별 운영시간은 공식 안내에 미표기"
F004,JAMSIL,잠실야구장,"LG, DOOSAN",GS25,1층,공식 층별 안내도 표기 위치,A04,편의점/마트,1,,OFFICIAL,OFFICIAL_GUIDE_PAGE,S12,https://www.doosanbears.com/bears/stadium,2026-09-04,CONFIRMED,세부 메뉴·매장별 운영시간은 공식 안내에 미표기,"[잠실야구장] stadium_code: JAMSIL / stadium_name: 잠실야구장 / home_team: LG, DOOSAN / store_facility: GS25 / floor: 1층 / zone_location: 공식 층별 안내도 표기 위치 / map_label: A04 / menu_category_official: 편의점/마트 / location_qty: 1 / notes: 세부 메뉴·매장별 운영시간은 공식 안내에 미표기"
F005,JAMSIL,잠실야구장,"LG, DOOSAN",한식 분식,1층,공식 층별 안내도 표기 위치,A05,식당,1,,OFFICIAL,OFFICIAL_GUIDE_PAGE,S12,https://www.doosanbears.com/bears/stadium,2026-09-04,CONFIRMED,세부 메뉴·매장별 운영시간은 공식 안내에 미표기,"[잠실야구장] stadium_code: JAMSIL / stadium_name: 잠실야구장 / home_team: LG, DOOSAN / store_facility: 한식 분식 / floor: 1층 / zone_location: 공식 층별 안내도 표기 위치 / map_label: A05 / menu_category_official: 식당 / location_qty: 1 / notes: 세부 메뉴·매장별 운영시간은 공식 안내에 미표기"
F006,JAMSIL,잠실야구장,"LG, DOOSAN",맘스터치,1층,공식 층별 안내도 표기 위치,A06,식당,1,,OFFICIAL,OFFICIAL_GUIDE_PAGE,S12,https://www.doosanbears.com/bears/stadium,2026-09-04,CONFIRMED,세부 메뉴·매장별 운영시간은 공식 안내에 미표기,"[잠실야구장] stadium_code: JAMSIL / stadium_name: 잠실야구장 / home_team: LG, DOOSAN / store_facility: 맘스터치 / floor: 1층 / zone_location: 공식 층별 안내도 표기 위치 / map_label: A06 / menu_category_official: 식당 / location_qty: 1 / notes: 세부 메뉴·매장별 운영시간은 공식 안내에 미표기"
F007,JAMSIL,잠실야구장,"LG, DOOSAN",BBQ,1층,공식 층별 안내도 표기 위치,A07,식당,1,,OFFICIAL,OFFICIAL_GUIDE_PAGE,S12,https://www.doosanbears.com/bears/stadium,2026-09-04,CONFIRMED,세부 메뉴·매장별 운영시간은 공식 안내에 미표기,"[잠실야구장] stadium_code: JAMSIL / stadium_name: 잠실야구장 / home_team: LG, DOOSAN / store_facility: BBQ / floor: 1층 / zone_location: 공식 층별 안내도 표기 위치 / map_label: A07 / menu_category_official: 식당 / location_qty: 1 / notes: 세부 메뉴·매장별 운영시간은 공식 안내에 미표기"
F008,JAMSIL,잠실야구장,"LG, DOOSAN",도미노 피자,1층,공식 층별 안내도 표기 위치,A09,식당,1,,OFFICIAL,OFFICIAL_GUIDE_PAGE,S12,https://www.doosanbears.com/bears/stadium,2026-09-04,CONFIRMED,세부 메뉴·매장별 운영시간은 공식 안내에 미표기,"[잠실야구장] stadium_code: JAMSIL / stadium_name: 잠실야구장 / home_team: LG, DOOSAN / store_facility: 도미노 피자 / floor: 1층 / zone_location: 공식 층별 안내도 표기 위치 / map_label: A09 / menu_category_official: 식당 / location_qty: 1 / notes: 세부 메뉴·매장별 운영시간은 공식 안내에 미표기"
F009,JAMSIL,잠실야구장,"LG, DOOSAN",광장 식당,1층,공식 층별 안내도 표기 위치,A10,식당,1,,OFFICIAL,OFFICIAL_GUIDE_PAGE,S12,https://www.doosanbears.com/bears/stadium,2026-09-04,CONFIRMED,세부 메뉴·매장별 운영시간은 공식 안내에 미표기,"[잠실야구장] stadium_code: JAMSIL / stadium_name: 잠실야구장 / home_team: LG, DOOSAN / store_facility: 광장 식당 / floor: 1층 / zone_location: 공식 층별 안내도 표기 위치 / map_label: A10 / menu_category_official: 식당 / location_qty: 1 / notes: 세부 메뉴·매장별 운영시간은 공식 안내에 미표기"
F010,JAMSIL,잠실야구장,"LG, DOOSAN",KFC,1층,공식 층별 안내도 표기 위치,A11,식당,1,,OFFICIAL,OFFICIAL_GUIDE_PAGE,S12,https://www.doosanbears.com/bears/stadium,2026-09-04,CONFIRMED,세부 메뉴·매장별 운영시간은 공식 안내에 미표기,"[잠실야구장] stadium_code: JAMSIL / stadium_name: 잠실야구장 / home_team: LG, DOOSAN / store_facility: KFC / floor: 1층 / zone_location: 공식 층별 안내도 표기 위치 / map_label: A11 / menu_category_official: 식당 / location_qty: 1 / notes: 세부 메뉴·매장별 운영시간은 공식 안내에 미표기"
F011,JAMSIL,잠실야구장,"LG, DOOSAN",꼬꼬닭,1층,공식 층별 안내도 표기 위치,A12,식당,1,,OFFICIAL,OFFICIAL_GUIDE_PAGE,S12,https://www.doosanbears.com/bears/stadium,2026-09-04,CONFIRMED,세부 메뉴·매장별 운영시간은 공식 안내에 미표기,"[잠실야구장] stadium_code: JAMSIL / stadium_name: 잠실야구장 / home_team: LG, DOOSAN / store_facility: 꼬꼬닭 / floor: 1층 / zone_location: 공식 층별 안내도 표기 위치 / map_label: A12 / menu_category_official: 식당 / location_qty: 1 / notes: 세부 메뉴·매장별 운영시간은 공식 안내에 미표기"
F012,JAMSIL,잠실야구장,"LG, DOOSAN",GS25,1층,공식 층별 안내도 표기 위치,A13,편의점/마트,1,,OFFICIAL,OFFICIAL_GUIDE_PAGE,S12,https://www.doosanbears.com/bears/stadium,2026-09-04,CONFIRMED,세부 메뉴·매장별 운영시간은 공식 안내에 미표기,"[잠실야구장] stadium_code: JAMSIL / stadium_name: 잠실야구장 / home_team: LG, DOOSAN / store_facility: GS25 / floor: 1층 / zone_location: 공식 층별 안내도 표기 위치 / map_label: A13 / menu_category_official: 편의점/마트 / location_qty: 1 / notes: 세부 메뉴·매장별 운영시간은 공식 안내에 미표기"
F013,JAMSIL,잠실야구장,"LG, DOOSAN",GS25,1층,공식 층별 안내도 표기 위치,A16,편의점/마트,1,,OFFICIAL,OFFICIAL_GUIDE_PAGE,S12,https://www.doosanbears.com/bears/stadium,2026-09-04,CONFIRMED,세부 메뉴·매장별 운영시간은 공식 안내에 미표기,"[잠실야구장] stadium_code: JAMSIL / stadium_name: 잠실야구장 / home_team: LG, DOOSAN / store_facility: GS25 / floor: 1층 / zone_location: 공식 층별 안내도 표기 위치 / map_label: A16 / menu_category_official: 편의점/마트 / location_qty: 1 / notes: 세부 메뉴·매장별 운영시간은 공식 안내에 미표기"
F014,JAMSIL,잠실야구장,"LG, DOOSAN",수내닭꼬치,1층,공식 층별 안내도 표기 위치,A17,식당,1,,OFFICIAL,OFFICIAL_GUIDE_PAGE,S12,https://www.doosanbears.com/bears/stadium,2026-09-04,CONFIRMED,세부 메뉴·매장별 운영시간은 공식 안내에 미표기,"[잠실야구장] stadium_code: JAMSIL / stadium_name: 잠실야구장 / home_team: LG, DOOSAN / store_facility: 수내닭꼬치 / floor: 1층 / zone_location: 공식 층별 안내도 표기 위치 / map_label: A17 / menu_category_official: 식당 / location_qty: 1 / notes: 세부 메뉴·매장별 운영시간은 공식 안내에 미표기"
F015,JAMSIL,잠실야구장,"LG, DOOSAN",명인만두,1층,공식 층별 안내도 표기 위치,A19,식당,1,,OFFICIAL,OFFICIAL_GUIDE_PAGE,S12,https://www.doosanbears.com/bears/stadium,2026-09-04,CONFIRMED,세부 메뉴·매장별 운영시간은 공식 안내에 미표기,"[잠실야구장] stadium_code: JAMSIL / stadium_name: 잠실야구장 / home_team: LG, DOOSAN / store_facility: 명인만두 / floor: 1층 / zone_location: 공식 층별 안내도 표기 위치 / map_label: A19 / menu_category_official: 식당 / location_qty: 1 / notes: 세부 메뉴·매장별 운영시간은 공식 안내에 미표기"
F016,JAMSIL,잠실야구장,"LG, DOOSAN",맘스터치,1층,공식 층별 안내도 표기 위치,A20,식당,1,,OFFICIAL,OFFICIAL_GUIDE_PAGE,S12,https://www.doosanbears.com/bears/stadium,2026-09-04,CONFIRMED,세부 메뉴·매장별 운영시간은 공식 안내에 미표기,"[잠실야구장] stadium_code: JAMSIL / stadium_name: 잠실야구장 / home_team: LG, DOOSAN / store_facility: 맘스터치 / floor: 1층 / zone_location: 공식 층별 안내도 표기 위치 / map_label: A20 / menu_category_official: 식당 / location_qty: 1 / notes: 세부 메뉴·매장별 운영시간은 공식 안내에 미표기"
F017,JAMSIL,잠실야구장,"LG, DOOSAN",BBQ,1층,공식 층별 안내도 표기 위치,A21,식당,1,,OFFICIAL,OFFICIAL_GUIDE_PAGE,S12,https://www.doosanbears.com/bears/stadium,2026-09-04,CONFIRMED,세부 메뉴·매장별 운영시간은 공식 안내에 미표기,"[잠실야구장] stadium_code: JAMSIL / stadium_name: 잠실야구장 / home_team: LG, DOOSAN / store_facility: BBQ / floor: 1층 / zone_location: 공식 층별 안내도 표기 위치 / map_label: A21 / menu_category_official: 식당 / location_qty: 1 / notes: 세부 메뉴·매장별 운영시간은 공식 안내에 미표기"
F018,JAMSIL,잠실야구장,"LG, DOOSAN",GS25,1층,공식 층별 안내도 표기 위치,A22,편의점/마트,1,,OFFICIAL,OFFICIAL_GUIDE_PAGE,S12,https://www.doosanbears.com/bears/stadium,2026-09-04,CONFIRMED,세부 메뉴·매장별 운영시간은 공식 안내에 미표기,"[잠실야구장] stadium_code: JAMSIL / stadium_name: 잠실야구장 / home_team: LG, DOOSAN / store_facility: GS25 / floor: 1층 / zone_location: 공식 층별 안내도 표기 위치 / map_label: A22 / menu_category_official: 편의점/마트 / location_qty: 1 / notes: 세부 메뉴·매장별 운영시간은 공식 안내에 미표기"
F019,JAMSIL,잠실야구장,"LG, DOOSAN",GS25,1층,공식 층별 안내도 표기 위치,A26,편의점/마트,1,,OFFICIAL,OFFICIAL_GUIDE_PAGE,S12,https://www.doosanbears.com/bears/stadium,2026-09-04,CONFIRMED,세부 메뉴·매장별 운영시간은 공식 안내에 미표기,"[잠실야구장] stadium_code: JAMSIL / stadium_name: 잠실야구장 / home_team: LG, DOOSAN / store_facility: GS25 / floor: 1층 / zone_location: 공식 층별 안내도 표기 위치 / map_label: A26 / menu_category_official: 편의점/마트 / location_qty: 1 / notes: 세부 메뉴·매장별 운영시간은 공식 안내에 미표기"
F020,JAMSIL,잠실야구장,"LG, DOOSAN",BHC,2층,공식 층별 안내도 표기 위치,B01,식당,1,,OFFICIAL,OFFICIAL_GUIDE_PAGE,S12,https://www.doosanbears.com/bears/stadium,2026-09-04,CONFIRMED,세부 메뉴·매장별 운영시간은 공식 안내에 미표기,"[잠실야구장] stadium_code: JAMSIL / stadium_name: 잠실야구장 / home_team: LG, DOOSAN / store_facility: BHC / floor: 2층 / zone_location: 공식 층별 안내도 표기 위치 / map_label: B01 / menu_category_official: 식당 / location_qty: 1 / notes: 세부 메뉴·매장별 운영시간은 공식 안내에 미표기"
F021,JAMSIL,잠실야구장,"LG, DOOSAN",카페 그라운드,2층,공식 층별 안내도 표기 위치,B02,카페/간식,1,,OFFICIAL,OFFICIAL_GUIDE_PAGE,S12,https://www.doosanbears.com/bears/stadium,2026-09-04,CONFIRMED,세부 메뉴·매장별 운영시간은 공식 안내에 미표기,"[잠실야구장] stadium_code: JAMSIL / stadium_name: 잠실야구장 / home_team: LG, DOOSAN / store_facility: 카페 그라운드 / floor: 2층 / zone_location: 공식 층별 안내도 표기 위치 / map_label: B02 / menu_category_official: 카페/간식 / location_qty: 1 / notes: 세부 메뉴·매장별 운영시간은 공식 안내에 미표기"
F022,JAMSIL,잠실야구장,"LG, DOOSAN",피자헛,2층,공식 층별 안내도 표기 위치,B03,식당,1,,OFFICIAL,OFFICIAL_GUIDE_PAGE,S12,https://www.doosanbears.com/bears/stadium,2026-09-04,CONFIRMED,세부 메뉴·매장별 운영시간은 공식 안내에 미표기,"[잠실야구장] stadium_code: JAMSIL / stadium_name: 잠실야구장 / home_team: LG, DOOSAN / store_facility: 피자헛 / floor: 2층 / zone_location: 공식 층별 안내도 표기 위치 / map_label: B03 / menu_category_official: 식당 / location_qty: 1 / notes: 세부 메뉴·매장별 운영시간은 공식 안내에 미표기"
F023,JAMSIL,잠실야구장,"LG, DOOSAN",명인만두,2층,공식 층별 안내도 표기 위치,B04,식당,1,,OFFICIAL,OFFICIAL_GUIDE_PAGE,S12,https://www.doosanbears.com/bears/stadium,2026-09-04,CONFIRMED,세부 메뉴·매장별 운영시간은 공식 안내에 미표기,"[잠실야구장] stadium_code: JAMSIL / stadium_name: 잠실야구장 / home_team: LG, DOOSAN / store_facility: 명인만두 / floor: 2층 / zone_location: 공식 층별 안내도 표기 위치 / map_label: B04 / menu_category_official: 식당 / location_qty: 1 / notes: 세부 메뉴·매장별 운영시간은 공식 안내에 미표기"
F024,JAMSIL,잠실야구장,"LG, DOOSAN",죠스 떡볶이,2층,공식 층별 안내도 표기 위치,B05,식당,1,,OFFICIAL,OFFICIAL_GUIDE_PAGE,S12,https://www.doosanbears.com/bears/stadium,2026-09-04,CONFIRMED,세부 메뉴·매장별 운영시간은 공식 안내에 미표기,"[잠실야구장] stadium_code: JAMSIL / stadium_name: 잠실야구장 / home_team: LG, DOOSAN / store_facility: 죠스 떡볶이 / floor: 2층 / zone_location: 공식 층별 안내도 표기 위치 / map_label: B05 / menu_category_official: 식당 / location_qty: 1 / notes: 세부 메뉴·매장별 운영시간은 공식 안내에 미표기"
F025,JAMSIL,잠실야구장,"LG, DOOSAN",통밥,2층,공식 층별 안내도 표기 위치,B06,식당,1,,OFFICIAL,OFFICIAL_GUIDE_PAGE,S12,https://www.doosanbears.com/bears/stadium,2026-09-04,CONFIRMED,세부 메뉴·매장별 운영시간은 공식 안내에 미표기,"[잠실야구장] stadium_code: JAMSIL / stadium_name: 잠실야구장 / home_team: LG, DOOSAN / store_facility: 통밥 / floor: 2층 / zone_location: 공식 층별 안내도 표기 위치 / map_label: B06 / menu_category_official: 식당 / location_qty: 1 / notes: 세부 메뉴·매장별 운영시간은 공식 안내에 미표기"
F026,JAMSIL,잠실야구장,"LG, DOOSAN",달콤,2층,공식 층별 안내도 표기 위치,B07,카페/간식,1,,OFFICIAL,OFFICIAL_GUIDE_PAGE,S12,https://www.doosanbears.com/bears/stadium,2026-09-04,CONFIRMED,세부 메뉴·매장별 운영시간은 공식 안내에 미표기,"[잠실야구장] stadium_code: JAMSIL / stadium_name: 잠실야구장 / home_team: LG, DOOSAN / store_facility: 달콤 / floor: 2층 / zone_location: 공식 층별 안내도 표기 위치 / map_label: B07 / menu_category_official: 카페/간식 / location_qty: 1 / notes: 세부 메뉴·매장별 운영시간은 공식 안내에 미표기"
F027,JAMSIL,잠실야구장,"LG, DOOSAN",와팡,2층,공식 층별 안내도 표기 위치,B08,카페/간식,1,,OFFICIAL,OFFICIAL_GUIDE_PAGE,S12,https://www.doosanbears.com/bears/stadium,2026-09-04,CONFIRMED,세부 메뉴·매장별 운영시간은 공식 안내에 미표기,"[잠실야구장] stadium_code: JAMSIL / stadium_name: 잠실야구장 / home_team: LG, DOOSAN / store_facility: 와팡 / floor: 2층 / zone_location: 공식 층별 안내도 표기 위치 / map_label: B08 / menu_category_official: 카페/간식 / location_qty: 1 / notes: 세부 메뉴·매장별 운영시간은 공식 안내에 미표기"
F028,JAMSIL,잠실야구장,"LG, DOOSAN",KFC,2층,공식 층별 안내도 표기 위치,B11,식당,1,,OFFICIAL,OFFICIAL_GUIDE_PAGE,S12,https://www.doosanbears.com/bears/stadium,2026-09-04,CONFIRMED,세부 메뉴·매장별 운영시간은 공식 안내에 미표기,"[잠실야구장] stadium_code: JAMSIL / stadium_name: 잠실야구장 / home_team: LG, DOOSAN / store_facility: KFC / floor: 2층 / zone_location: 공식 층별 안내도 표기 위치 / map_label: B11 / menu_category_official: 식당 / location_qty: 1 / notes: 세부 메뉴·매장별 운영시간은 공식 안내에 미표기"
F029,JAMSIL,잠실야구장,"LG, DOOSAN",BBQ,2층,공식 층별 안내도 표기 위치,B12,식당,1,,OFFICIAL,OFFICIAL_GUIDE_PAGE,S12,https://www.doosanbears.com/bears/stadium,2026-09-04,CONFIRMED,세부 메뉴·매장별 운영시간은 공식 안내에 미표기,"[잠실야구장] stadium_code: JAMSIL / stadium_name: 잠실야구장 / home_team: LG, DOOSAN / store_facility: BBQ / floor: 2층 / zone_location: 공식 층별 안내도 표기 위치 / map_label: B12 / menu_category_official: 식당 / location_qty: 1 / notes: 세부 메뉴·매장별 운영시간은 공식 안내에 미표기"
F030,JAMSIL,잠실야구장,"LG, DOOSAN",GS25,2층,공식 층별 안내도 표기 위치,B13,편의점/마트,1,,OFFICIAL,OFFICIAL_GUIDE_PAGE,S12,https://www.doosanbears.com/bears/stadium,2026-09-04,CONFIRMED,세부 메뉴·매장별 운영시간은 공식 안내에 미표기,"[잠실야구장] stadium_code: JAMSIL / stadium_name: 잠실야구장 / home_team: LG, DOOSAN / store_facility: GS25 / floor: 2층 / zone_location: 공식 층별 안내도 표기 위치 / map_label: B13 / menu_category_official: 편의점/마트 / location_qty: 1 / notes: 세부 메뉴·매장별 운영시간은 공식 안내에 미표기"
F031,JAMSIL,잠실야구장,"LG, DOOSAN",GS25,2층,공식 층별 안내도 표기 위치,B19,편의점/마트,1,,OFFICIAL,OFFICIAL_GUIDE_PAGE,S12,https://www.doosanbears.com/bears/stadium,2026-09-04,CONFIRMED,세부 메뉴·매장별 운영시간은 공식 안내에 미표기,"[잠실야구장] stadium_code: JAMSIL / stadium_name: 잠실야구장 / home_team: LG, DOOSAN / store_facility: GS25 / floor: 2층 / zone_location: 공식 층별 안내도 표기 위치 / map_label: B19 / menu_category_official: 편의점/마트 / location_qty: 1 / notes: 세부 메뉴·매장별 운영시간은 공식 안내에 미표기"
F032,JAMSIL,잠실야구장,"LG, DOOSAN",BBQ,2층,공식 층별 안내도 표기 위치,B20,식당,1,,OFFICIAL,OFFICIAL_GUIDE_PAGE,S12,https://www.doosanbears.com/bears/stadium,2026-09-04,CONFIRMED,세부 메뉴·매장별 운영시간은 공식 안내에 미표기,"[잠실야구장] stadium_code: JAMSIL / stadium_name: 잠실야구장 / home_team: LG, DOOSAN / store_facility: BBQ / floor: 2층 / zone_location: 공식 층별 안내도 표기 위치 / map_label: B20 / menu_category_official: 식당 / location_qty: 1 / notes: 세부 메뉴·매장별 운영시간은 공식 안내에 미표기"
F033,JAMSIL,잠실야구장,"LG, DOOSAN",맘스터치,2층,공식 층별 안내도 표기 위치,B21,식당,1,,OFFICIAL,OFFICIAL_GUIDE_PAGE,S12,https://www.doosanbears.com/bears/stadium,2026-09-04,CONFIRMED,세부 메뉴·매장별 운영시간은 공식 안내에 미표기,"[잠실야구장] stadium_code: JAMSIL / stadium_name: 잠실야구장 / home_team: LG, DOOSAN / store_facility: 맘스터치 / floor: 2층 / zone_location: 공식 층별 안내도 표기 위치 / map_label: B21 / menu_category_official: 식당 / location_qty: 1 / notes: 세부 메뉴·매장별 운영시간은 공식 안내에 미표기"
F034,JAMSIL,잠실야구장,"LG, DOOSAN",꼬꼬닭 카페,2층,공식 층별 안내도 표기 위치,B24,카페/간식,1,,OFFICIAL,OFFICIAL_GUIDE_PAGE,S12,https://www.doosanbears.com/bears/stadium,2026-09-04,CONFIRMED,세부 메뉴·매장별 운영시간은 공식 안내에 미표기,"[잠실야구장] stadium_code: JAMSIL / stadium_name: 잠실야구장 / home_team: LG, DOOSAN / store_facility: 꼬꼬닭 카페 / floor: 2층 / zone_location: 공식 층별 안내도 표기 위치 / map_label: B24 / menu_category_official: 카페/간식 / location_qty: 1 / notes: 세부 메뉴·매장별 운영시간은 공식 안내에 미표기"
F035,JAMSIL,잠실야구장,"LG, DOOSAN",공씨네 주먹밥,2층,공식 층별 안내도 표기 위치,B26,식당,1,,OFFICIAL,OFFICIAL_GUIDE_PAGE,S12,https://www.doosanbears.com/bears/stadium,2026-09-04,CONFIRMED,세부 메뉴·매장별 운영시간은 공식 안내에 미표기,"[잠실야구장] stadium_code: JAMSIL / stadium_name: 잠실야구장 / home_team: LG, DOOSAN / store_facility: 공씨네 주먹밥 / floor: 2층 / zone_location: 공식 층별 안내도 표기 위치 / map_label: B26 / menu_category_official: 식당 / location_qty: 1 / notes: 세부 메뉴·매장별 운영시간은 공식 안내에 미표기"
F036,JAMSIL,잠실야구장,"LG, DOOSAN",Miss&Mr Potato,2층,공식 층별 안내도 표기 위치,B27,식당,1,,OFFICIAL,OFFICIAL_GUIDE_PAGE,S12,https://www.doosanbears.com/bears/stadium,2026-09-04,CONFIRMED,세부 메뉴·매장별 운영시간은 공식 안내에 미표기,"[잠실야구장] stadium_code: JAMSIL / stadium_name: 잠실야구장 / home_team: LG, DOOSAN / store_facility: Miss&Mr Potato / floor: 2층 / zone_location: 공식 층별 안내도 표기 위치 / map_label: B27 / menu_category_official: 식당 / location_qty: 1 / notes: 세부 메뉴·매장별 운영시간은 공식 안내에 미표기"
F037,JAMSIL,잠실야구장,"LG, DOOSAN",달콤커피,2층,공식 층별 안내도 표기 위치,B28,카페/간식,1,,OFFICIAL,OFFICIAL_GUIDE_PAGE,S12,https://www.doosanbears.com/bears/stadium,2026-09-04,CONFIRMED,세부 메뉴·매장별 운영시간은 공식 안내에 미표기,"[잠실야구장] stadium_code: JAMSIL / stadium_name: 잠실야구장 / home_team: LG, DOOSAN / store_facility: 달콤커피 / floor: 2층 / zone_location: 공식 층별 안내도 표기 위치 / map_label: B28 / menu_category_official: 카페/간식 / location_qty: 1 / notes: 세부 메뉴·매장별 운영시간은 공식 안내에 미표기"
F038,JAMSIL,잠실야구장,"LG, DOOSAN",신철판,2층,공식 층별 안내도 표기 위치,B29,식당,1,,OFFICIAL,OFFICIAL_GUIDE_PAGE,S12,https://www.doosanbears.com/bears/stadium,2026-09-04,CONFIRMED,세부 메뉴·매장별 운영시간은 공식 안내에 미표기,"[잠실야구장] stadium_code: JAMSIL / stadium_name: 잠실야구장 / home_team: LG, DOOSAN / store_facility: 신철판 / floor: 2층 / zone_location: 공식 층별 안내도 표기 위치 / map_label: B29 / menu_category_official: 식당 / location_qty: 1 / notes: 세부 메뉴·매장별 운영시간은 공식 안내에 미표기"
F039,JAMSIL,잠실야구장,"LG, DOOSAN",명인만두,2층,공식 층별 안내도 표기 위치,B30,식당,1,,OFFICIAL,OFFICIAL_GUIDE_PAGE,S12,https://www.doosanbears.com/bears/stadium,2026-09-04,CONFIRMED,세부 메뉴·매장별 운영시간은 공식 안내에 미표기,"[잠실야구장] stadium_code: JAMSIL / stadium_name: 잠실야구장 / home_team: LG, DOOSAN / store_facility: 명인만두 / floor: 2층 / zone_location: 공식 층별 안내도 표기 위치 / map_label: B30 / menu_category_official: 식당 / location_qty: 1 / notes: 세부 메뉴·매장별 운영시간은 공식 안내에 미표기"
F040,JAMSIL,잠실야구장,"LG, DOOSAN",백미당,2층,공식 층별 안내도 표기 위치,B31,카페/간식,1,,OFFICIAL,OFFICIAL_GUIDE_PAGE,S12,https://www.doosanbears.com/bears/stadium,2026-09-04,CONFIRMED,세부 메뉴·매장별 운영시간은 공식 안내에 미표기,"[잠실야구장] stadium_code: JAMSIL / stadium_name: 잠실야구장 / home_team: LG, DOOSAN / store_facility: 백미당 / floor: 2층 / zone_location: 공식 층별 안내도 표기 위치 / map_label: B31 / menu_category_official: 카페/간식 / location_qty: 1 / notes: 세부 메뉴·매장별 운영시간은 공식 안내에 미표기"
F041,JAMSIL,잠실야구장,"LG, DOOSAN",맥주창고,2층,공식 층별 안내도 표기 위치,B32,카페/간식,1,,OFFICIAL,OFFICIAL_GUIDE_PAGE,S12,https://www.doosanbears.com/bears/stadium,2026-09-04,CONFIRMED,세부 메뉴·매장별 운영시간은 공식 안내에 미표기,"[잠실야구장] stadium_code: JAMSIL / stadium_name: 잠실야구장 / home_team: LG, DOOSAN / store_facility: 맥주창고 / floor: 2층 / zone_location: 공식 층별 안내도 표기 위치 / map_label: B32 / menu_category_official: 카페/간식 / location_qty: 1 / notes: 세부 메뉴·매장별 운영시간은 공식 안내에 미표기"
F042,JAMSIL,잠실야구장,"LG, DOOSAN",죠스 떡볶이,2층,공식 층별 안내도 표기 위치,B33,식당,1,,OFFICIAL,OFFICIAL_GUIDE_PAGE,S12,https://www.doosanbears.com/bears/stadium,2026-09-04,CONFIRMED,세부 메뉴·매장별 운영시간은 공식 안내에 미표기,"[잠실야구장] stadium_code: JAMSIL / stadium_name: 잠실야구장 / home_team: LG, DOOSAN / store_facility: 죠스 떡볶이 / floor: 2층 / zone_location: 공식 층별 안내도 표기 위치 / map_label: B33 / menu_category_official: 식당 / location_qty: 1 / notes: 세부 메뉴·매장별 운영시간은 공식 안내에 미표기"
F043,JAMSIL,잠실야구장,"LG, DOOSAN",앤티앤스 프레즐,2층,공식 층별 안내도 표기 위치,B34,식당,1,,OFFICIAL,OFFICIAL_GUIDE_PAGE,S12,https://www.doosanbears.com/bears/stadium,2026-09-04,CONFIRMED,세부 메뉴·매장별 운영시간은 공식 안내에 미표기,"[잠실야구장] stadium_code: JAMSIL / stadium_name: 잠실야구장 / home_team: LG, DOOSAN / store_facility: 앤티앤스 프레즐 / floor: 2층 / zone_location: 공식 층별 안내도 표기 위치 / map_label: B34 / menu_category_official: 식당 / location_qty: 1 / notes: 세부 메뉴·매장별 운영시간은 공식 안내에 미표기"
F044,JAMSIL,잠실야구장,"LG, DOOSAN",피자헛,2층,공식 층별 안내도 표기 위치,B35,식당,1,,OFFICIAL,OFFICIAL_GUIDE_PAGE,S12,https://www.doosanbears.com/bears/stadium,2026-09-04,CONFIRMED,세부 메뉴·매장별 운영시간은 공식 안내에 미표기,"[잠실야구장] stadium_code: JAMSIL / stadium_name: 잠실야구장 / home_team: LG, DOOSAN / store_facility: 피자헛 / floor: 2층 / zone_location: 공식 층별 안내도 표기 위치 / map_label: B35 / menu_category_official: 식당 / location_qty: 1 / notes: 세부 메뉴·매장별 운영시간은 공식 안내에 미표기"
F045,JAMSIL,잠실야구장,"LG, DOOSAN",BHC,2층,공식 층별 안내도 표기 위치,B36,식당,1,,OFFICIAL,OFFICIAL_GUIDE_PAGE,S12,https://www.doosanbears.com/bears/stadium,2026-09-04,CONFIRMED,세부 메뉴·매장별 운영시간은 공식 안내에 미표기,"[잠실야구장] stadium_code: JAMSIL / stadium_name: 잠실야구장 / home_team: LG, DOOSAN / store_facility: BHC / floor: 2층 / zone_location: 공식 층별 안내도 표기 위치 / map_label: B36 / menu_category_official: 식당 / location_qty: 1 / notes: 세부 메뉴·매장별 운영시간은 공식 안내에 미표기"
F046,JAMSIL,잠실야구장,"LG, DOOSAN",짝태 패밀리,2.5층,공식 층별 안내도 표기 위치,C01,식당,1,,OFFICIAL,OFFICIAL_GUIDE_PAGE,S12,https://www.doosanbears.com/bears/stadium,2026-09-04,CONFIRMED,세부 메뉴·매장별 운영시간은 공식 안내에 미표기,"[잠실야구장] stadium_code: JAMSIL / stadium_name: 잠실야구장 / home_team: LG, DOOSAN / store_facility: 짝태 패밀리 / floor: 2.5층 / zone_location: 공식 층별 안내도 표기 위치 / map_label: C01 / menu_category_official: 식당 / location_qty: 1 / notes: 세부 메뉴·매장별 운영시간은 공식 안내에 미표기"
F047,JAMSIL,잠실야구장,"LG, DOOSAN",와팡,2.5층,공식 층별 안내도 표기 위치,C04,카페/간식,1,,OFFICIAL,OFFICIAL_GUIDE_PAGE,S12,https://www.doosanbears.com/bears/stadium,2026-09-04,CONFIRMED,세부 메뉴·매장별 운영시간은 공식 안내에 미표기,"[잠실야구장] stadium_code: JAMSIL / stadium_name: 잠실야구장 / home_team: LG, DOOSAN / store_facility: 와팡 / floor: 2.5층 / zone_location: 공식 층별 안내도 표기 위치 / map_label: C04 / menu_category_official: 카페/간식 / location_qty: 1 / notes: 세부 메뉴·매장별 운영시간은 공식 안내에 미표기"
F048,JAMSIL,잠실야구장,"LG, DOOSAN",통밥,2.5층,공식 층별 안내도 표기 위치,C05,식당,1,,OFFICIAL,OFFICIAL_GUIDE_PAGE,S12,https://www.doosanbears.com/bears/stadium,2026-09-04,CONFIRMED,세부 메뉴·매장별 운영시간은 공식 안내에 미표기,"[잠실야구장] stadium_code: JAMSIL / stadium_name: 잠실야구장 / home_team: LG, DOOSAN / store_facility: 통밥 / floor: 2.5층 / zone_location: 공식 층별 안내도 표기 위치 / map_label: C05 / menu_category_official: 식당 / location_qty: 1 / notes: 세부 메뉴·매장별 운영시간은 공식 안내에 미표기"
F049,JAMSIL,잠실야구장,"LG, DOOSAN",GS25,3층,공식 층별 안내도 표기 위치,D01,편의점/마트,1,,OFFICIAL,OFFICIAL_GUIDE_PAGE,S12,https://www.doosanbears.com/bears/stadium,2026-09-04,CONFIRMED,세부 메뉴·매장별 운영시간은 공식 안내에 미표기,"[잠실야구장] stadium_code: JAMSIL / stadium_name: 잠실야구장 / home_team: LG, DOOSAN / store_facility: GS25 / floor: 3층 / zone_location: 공식 층별 안내도 표기 위치 / map_label: D01 / menu_category_official: 편의점/마트 / location_qty: 1 / notes: 세부 메뉴·매장별 운영시간은 공식 안내에 미표기"
F050,JAMSIL,잠실야구장,"LG, DOOSAN",스태프 핫도그,3층,공식 층별 안내도 표기 위치,D02,식당,1,,OFFICIAL,OFFICIAL_GUIDE_PAGE,S12,https://www.doosanbears.com/bears/stadium,2026-09-04,CONFIRMED,세부 메뉴·매장별 운영시간은 공식 안내에 미표기,"[잠실야구장] stadium_code: JAMSIL / stadium_name: 잠실야구장 / home_team: LG, DOOSAN / store_facility: 스태프 핫도그 / floor: 3층 / zone_location: 공식 층별 안내도 표기 위치 / map_label: D02 / menu_category_official: 식당 / location_qty: 1 / notes: 세부 메뉴·매장별 운영시간은 공식 안내에 미표기"
F051,JAMSIL,잠실야구장,"LG, DOOSAN",GS25,3층,공식 층별 안내도 표기 위치,D03,편의점/마트,1,,OFFICIAL,OFFICIAL_GUIDE_PAGE,S12,https://www.doosanbears.com/bears/stadium,2026-09-04,CONFIRMED,세부 메뉴·매장별 운영시간은 공식 안내에 미표기,"[잠실야구장] stadium_code: JAMSIL / stadium_name: 잠실야구장 / home_team: LG, DOOSAN / store_facility: GS25 / floor: 3층 / zone_location: 공식 층별 안내도 표기 위치 / map_label: D03 / menu_category_official: 편의점/마트 / location_qty: 1 / notes: 세부 메뉴·매장별 운영시간은 공식 안내에 미표기"
F052,JAMSIL,잠실야구장,"LG, DOOSAN",KFC,3층,공식 층별 안내도 표기 위치,D04,식당,1,,OFFICIAL,OFFICIAL_GUIDE_PAGE,S12,https://www.doosanbears.com/bears/stadium,2026-09-04,CONFIRMED,세부 메뉴·매장별 운영시간은 공식 안내에 미표기,"[잠실야구장] stadium_code: JAMSIL / stadium_name: 잠실야구장 / home_team: LG, DOOSAN / store_facility: KFC / floor: 3층 / zone_location: 공식 층별 안내도 표기 위치 / map_label: D04 / menu_category_official: 식당 / location_qty: 1 / notes: 세부 메뉴·매장별 운영시간은 공식 안내에 미표기"
F053,JAMSIL,잠실야구장,"LG, DOOSAN",GS25,3층,공식 층별 안내도 표기 위치,D05,편의점/마트,1,,OFFICIAL,OFFICIAL_GUIDE_PAGE,S12,https://www.doosanbears.com/bears/stadium,2026-09-04,CONFIRMED,세부 메뉴·매장별 운영시간은 공식 안내에 미표기,"[잠실야구장] stadium_code: JAMSIL / stadium_name: 잠실야구장 / home_team: LG, DOOSAN / store_facility: GS25 / floor: 3층 / zone_location: 공식 층별 안내도 표기 위치 / map_label: D05 / menu_category_official: 편의점/마트 / location_qty: 1 / notes: 세부 메뉴·매장별 운영시간은 공식 안내에 미표기"
F054,JAMSIL,잠실야구장,"LG, DOOSAN",와팡,3층,공식 층별 안내도 표기 위치,D06,카페/간식,1,,OFFICIAL,OFFICIAL_GUIDE_PAGE,S12,https://www.doosanbears.com/bears/stadium,2026-09-04,CONFIRMED,세부 메뉴·매장별 운영시간은 공식 안내에 미표기,"[잠실야구장] stadium_code: JAMSIL / stadium_name: 잠실야구장 / home_team: LG, DOOSAN / store_facility: 와팡 / floor: 3층 / zone_location: 공식 층별 안내도 표기 위치 / map_label: D06 / menu_category_official: 카페/간식 / location_qty: 1 / notes: 세부 메뉴·매장별 운영시간은 공식 안내에 미표기"
F055,JAMSIL,잠실야구장,"LG, DOOSAN",BBQ,3층,공식 층별 안내도 표기 위치,D07,식당,1,,OFFICIAL,OFFICIAL_GUIDE_PAGE,S12,https://www.doosanbears.com/bears/stadium,2026-09-04,CONFIRMED,세부 메뉴·매장별 운영시간은 공식 안내에 미표기,"[잠실야구장] stadium_code: JAMSIL / stadium_name: 잠실야구장 / home_team: LG, DOOSAN / store_facility: BBQ / floor: 3층 / zone_location: 공식 층별 안내도 표기 위치 / map_label: D07 / menu_category_official: 식당 / location_qty: 1 / notes: 세부 메뉴·매장별 운영시간은 공식 안내에 미표기"
F056,JAMSIL,잠실야구장,"LG, DOOSAN",GS25,3층,공식 층별 안내도 표기 위치,D08,편의점/마트,1,,OFFICIAL,OFFICIAL_GUIDE_PAGE,S12,https://www.doosanbears.com/bears/stadium,2026-09-04,CONFIRMED,세부 메뉴·매장별 운영시간은 공식 안내에 미표기,"[잠실야구장] stadium_code: JAMSIL / stadium_name: 잠실야구장 / home_team: LG, DOOSAN / store_facility: GS25 / floor: 3층 / zone_location: 공식 층별 안내도 표기 위치 / map_label: D08 / menu_category_official: 편의점/마트 / location_qty: 1 / notes: 세부 메뉴·매장별 운영시간은 공식 안내에 미표기"
F057,JAMSIL,잠실야구장,"LG, DOOSAN",맘스터치,3층,공식 층별 안내도 표기 위치,D09,식당,1,,OFFICIAL,OFFICIAL_GUIDE_PAGE,S12,https://www.doosanbears.com/bears/stadium,2026-09-04,CONFIRMED,세부 메뉴·매장별 운영시간은 공식 안내에 미표기,"[잠실야구장] stadium_code: JAMSIL / stadium_name: 잠실야구장 / home_team: LG, DOOSAN / store_facility: 맘스터치 / floor: 3층 / zone_location: 공식 층별 안내도 표기 위치 / map_label: D09 / menu_category_official: 식당 / location_qty: 1 / notes: 세부 메뉴·매장별 운영시간은 공식 안내에 미표기"
F058,JAMSIL,잠실야구장,"LG, DOOSAN",GS25,3층,공식 층별 안내도 표기 위치,D10,편의점/마트,1,,OFFICIAL,OFFICIAL_GUIDE_PAGE,S12,https://www.doosanbears.com/bears/stadium,2026-09-04,CONFIRMED,세부 메뉴·매장별 운영시간은 공식 안내에 미표기,"[잠실야구장] stadium_code: JAMSIL / stadium_name: 잠실야구장 / home_team: LG, DOOSAN / store_facility: GS25 / floor: 3층 / zone_location: 공식 층별 안내도 표기 위치 / map_label: D10 / menu_category_official: 편의점/마트 / location_qty: 1 / notes: 세부 메뉴·매장별 운영시간은 공식 안내에 미표기"
F059,JAMSIL,잠실야구장,"LG, DOOSAN",스태프 핫도그,3층,공식 층별 안내도 표기 위치,D11,식당,1,,OFFICIAL,OFFICIAL_GUIDE_PAGE,S12,https://www.doosanbears.com/bears/stadium,2026-09-04,CONFIRMED,세부 메뉴·매장별 운영시간은 공식 안내에 미표기,"[잠실야구장] stadium_code: JAMSIL / stadium_name: 잠실야구장 / home_team: LG, DOOSAN / store_facility: 스태프 핫도그 / floor: 3층 / zone_location: 공식 층별 안내도 표기 위치 / map_label: D11 / menu_category_official: 식당 / location_qty: 1 / notes: 세부 메뉴·매장별 운영시간은 공식 안내에 미표기"
F060,JAMSIL,잠실야구장,"LG, DOOSAN",GS25,3층,공식 층별 안내도 표기 위치,D12,편의점/마트,1,,OFFICIAL,OFFICIAL_GUIDE_PAGE,S12,https://www.doosanbears.com/bears/stadium,2026-09-04,CONFIRMED,세부 메뉴·매장별 운영시간은 공식 안내에 미표기,"[잠실야구장] stadium_code: JAMSIL / stadium_name: 잠실야구장 / home_team: LG, DOOSAN / store_facility: GS25 / floor: 3층 / zone_location: 공식 층별 안내도 표기 위치 / map_label: D12 / menu_category_official: 편의점/마트 / location_qty: 1 / notes: 세부 메뉴·매장별 운영시간은 공식 안내에 미표기"
F061,JAMSIL,잠실야구장,"LG, DOOSAN",올떡,4층,공식 4층 안내 목록,,식당,1,,OFFICIAL,OFFICIAL_GUIDE_PAGE,S12,https://www.doosanbears.com/bears/stadium,2026-09-04,CONFIRMED,세부 메뉴·매장별 운영시간은 공식 안내에 미표기,"[잠실야구장] stadium_code: JAMSIL / stadium_name: 잠실야구장 / home_team: LG, DOOSAN / store_facility: 올떡 / floor: 4층 / zone_location: 공식 4층 안내 목록 / menu_category_official: 식당 / location_qty: 1 / notes: 세부 메뉴·매장별 운영시간은 공식 안내에 미표기"
F062,JAMSIL,잠실야구장,"LG, DOOSAN",제발시켜주세요,4층,공식 4층 안내 목록,,식당,1,,OFFICIAL,OFFICIAL_GUIDE_PAGE,S12,https://www.doosanbears.com/bears/stadium,2026-09-04,CONFIRMED,세부 메뉴·매장별 운영시간은 공식 안내에 미표기,"[잠실야구장] stadium_code: JAMSIL / stadium_name: 잠실야구장 / home_team: LG, DOOSAN / store_facility: 제발시켜주세요 / floor: 4층 / zone_location: 공식 4층 안내 목록 / menu_category_official: 식당 / location_qty: 1 / notes: 세부 메뉴·매장별 운영시간은 공식 안내에 미표기"
F063,GOCHEOK,고척스카이돔,KIWOOM,피자,내야 2층,2번 통로 맞은편,1,"불고기, 페페로니 피자",1,,OFFICIAL,OFFICIAL_GUIDE_PAGE,S14,https://heroesbaseball.co.kr/mobile/heroes/stadium/skydome.do,2026-09-04,CONFIRMED,매장별 운영시간은 공식 안내에 미표기,"[고척스카이돔] stadium_code: GOCHEOK / stadium_name: 고척스카이돔 / home_team: KIWOOM / store_facility: 피자 / floor: 내야 2층 / zone_location: 2번 통로 맞은편 / map_label: 1 / menu_category_official: 불고기, 페페로니 피자 / location_qty: 1 / notes: 매장별 운영시간은 공식 안내에 미표기"
F064,GOCHEOK,고척스카이돔,KIWOOM,편의점,내야 2층,2번 통로 맞은편,2,"캔맥주, 음료, 각종 스낵, 마른 안주",1,,OFFICIAL,OFFICIAL_GUIDE_PAGE,S14,https://heroesbaseball.co.kr/mobile/heroes/stadium/skydome.do,2026-09-04,CONFIRMED,매장별 운영시간은 공식 안내에 미표기,"[고척스카이돔] stadium_code: GOCHEOK / stadium_name: 고척스카이돔 / home_team: KIWOOM / store_facility: 편의점 / floor: 내야 2층 / zone_location: 2번 통로 맞은편 / map_label: 2 / menu_category_official: 캔맥주, 음료, 각종 스낵, 마른 안주 / location_qty: 1 / notes: 매장별 운영시간은 공식 안내에 미표기"
F065,GOCHEOK,고척스카이돔,KIWOOM,멕시카나강정,내야 2층,2번 통로 맞은편,2,양념닭강정,1,,OFFICIAL,OFFICIAL_GUIDE_PAGE,S14,https://heroesbaseball.co.kr/mobile/heroes/stadium/skydome.do,2026-09-04,CONFIRMED,매장별 운영시간은 공식 안내에 미표기,[고척스카이돔] stadium_code: GOCHEOK / stadium_name: 고척스카이돔 / home_team: KIWOOM / store_facility: 멕시카나강정 / floor: 내야 2층 / zone_location: 2번 통로 맞은편 / map_label: 2 / menu_category_official: 양념닭강정 / location_qty: 1 / notes: 매장별 운영시간은 공식 안내에 미표기
F066,GOCHEOK,고척스카이돔,KIWOOM,올리브떡볶이,내야 2층,4번 통로 맞은편,3,"떡볶이, 순대, 튀김",1,,OFFICIAL,OFFICIAL_GUIDE_PAGE,S14,https://heroesbaseball.co.kr/mobile/heroes/stadium/skydome.do,2026-09-04,CONFIRMED,매장별 운영시간은 공식 안내에 미표기,"[고척스카이돔] stadium_code: GOCHEOK / stadium_name: 고척스카이돔 / home_team: KIWOOM / store_facility: 올리브떡볶이 / floor: 내야 2층 / zone_location: 4번 통로 맞은편 / map_label: 3 / menu_category_official: 떡볶이, 순대, 튀김 / location_qty: 1 / notes: 매장별 운영시간은 공식 안내에 미표기"
F067,GOCHEOK,고척스카이돔,KIWOOM,편밀밀,내야 2층,4번 통로 맞은편,4,"만두라자냐, 만두고로케",1,,OFFICIAL,OFFICIAL_GUIDE_PAGE,S14,https://heroesbaseball.co.kr/mobile/heroes/stadium/skydome.do,2026-09-04,CONFIRMED,매장별 운영시간은 공식 안내에 미표기,"[고척스카이돔] stadium_code: GOCHEOK / stadium_name: 고척스카이돔 / home_team: KIWOOM / store_facility: 편밀밀 / floor: 내야 2층 / zone_location: 4번 통로 맞은편 / map_label: 4 / menu_category_official: 만두라자냐, 만두고로케 / location_qty: 1 / notes: 매장별 운영시간은 공식 안내에 미표기"
F068,GOCHEOK,고척스카이돔,KIWOOM,꼬치닭,내야 2층,5~6번 통로 사이,5,꼬치,1,,OFFICIAL,OFFICIAL_GUIDE_PAGE,S14,https://heroesbaseball.co.kr/mobile/heroes/stadium/skydome.do,2026-09-04,CONFIRMED,매장별 운영시간은 공식 안내에 미표기,[고척스카이돔] stadium_code: GOCHEOK / stadium_name: 고척스카이돔 / home_team: KIWOOM / store_facility: 꼬치닭 / floor: 내야 2층 / zone_location: 5~6번 통로 사이 / map_label: 5 / menu_category_official: 꼬치 / location_qty: 1 / notes: 매장별 운영시간은 공식 안내에 미표기
F069,GOCHEOK,고척스카이돔,KIWOOM,명량핫도그,내야 2층,5~6번 통로 사이,6,"케이준감자콤보, 통모짜 핫도그",1,,OFFICIAL,OFFICIAL_GUIDE_PAGE,S14,https://heroesbaseball.co.kr/mobile/heroes/stadium/skydome.do,2026-09-04,CONFIRMED,매장별 운영시간은 공식 안내에 미표기,"[고척스카이돔] stadium_code: GOCHEOK / stadium_name: 고척스카이돔 / home_team: KIWOOM / store_facility: 명량핫도그 / floor: 내야 2층 / zone_location: 5~6번 통로 사이 / map_label: 6 / menu_category_official: 케이준감자콤보, 통모짜 핫도그 / location_qty: 1 / notes: 매장별 운영시간은 공식 안내에 미표기"
F070,GOCHEOK,고척스카이돔,KIWOOM,스트릿츄러스,내야 2층,8번 통로 맞은편,9,"츄러스, 아이스크림츄러스",1,,OFFICIAL,OFFICIAL_GUIDE_PAGE,S14,https://heroesbaseball.co.kr/mobile/heroes/stadium/skydome.do,2026-09-04,CONFIRMED,매장별 운영시간은 공식 안내에 미표기,"[고척스카이돔] stadium_code: GOCHEOK / stadium_name: 고척스카이돔 / home_team: KIWOOM / store_facility: 스트릿츄러스 / floor: 내야 2층 / zone_location: 8번 통로 맞은편 / map_label: 9 / menu_category_official: 츄러스, 아이스크림츄러스 / location_qty: 1 / notes: 매장별 운영시간은 공식 안내에 미표기"
F071,GOCHEOK,고척스카이돔,KIWOOM,올리브떡볶이,내야 2층,9번 통로 맞은편,10,"떡볶이, 순대, 튀김",1,,OFFICIAL,OFFICIAL_GUIDE_PAGE,S14,https://heroesbaseball.co.kr/mobile/heroes/stadium/skydome.do,2026-09-04,CONFIRMED,매장별 운영시간은 공식 안내에 미표기,"[고척스카이돔] stadium_code: GOCHEOK / stadium_name: 고척스카이돔 / home_team: KIWOOM / store_facility: 올리브떡볶이 / floor: 내야 2층 / zone_location: 9번 통로 맞은편 / map_label: 10 / menu_category_official: 떡볶이, 순대, 튀김 / location_qty: 1 / notes: 매장별 운영시간은 공식 안내에 미표기"
F072,GOCHEOK,고척스카이돔,KIWOOM,편의점,내야 2층,11번 통로 맞은편,11,"캔맥주, 음료, 각종 스낵, 마른 안주",1,,OFFICIAL,OFFICIAL_GUIDE_PAGE,S14,https://heroesbaseball.co.kr/mobile/heroes/stadium/skydome.do,2026-09-04,CONFIRMED,매장별 운영시간은 공식 안내에 미표기,"[고척스카이돔] stadium_code: GOCHEOK / stadium_name: 고척스카이돔 / home_team: KIWOOM / store_facility: 편의점 / floor: 내야 2층 / zone_location: 11번 통로 맞은편 / map_label: 11 / menu_category_official: 캔맥주, 음료, 각종 스낵, 마른 안주 / location_qty: 1 / notes: 매장별 운영시간은 공식 안내에 미표기"
F073,GOCHEOK,고척스카이돔,KIWOOM,멕시카나강정,내야 2층,11번 통로 맞은편,11,양념닭강정,1,,OFFICIAL,OFFICIAL_GUIDE_PAGE,S14,https://heroesbaseball.co.kr/mobile/heroes/stadium/skydome.do,2026-09-04,CONFIRMED,매장별 운영시간은 공식 안내에 미표기,[고척스카이돔] stadium_code: GOCHEOK / stadium_name: 고척스카이돔 / home_team: KIWOOM / store_facility: 멕시카나강정 / floor: 내야 2층 / zone_location: 11번 통로 맞은편 / map_label: 11 / menu_category_official: 양념닭강정 / location_qty: 1 / notes: 매장별 운영시간은 공식 안내에 미표기
F074,GOCHEOK,고척스카이돔,KIWOOM,스테프 핫도그,내야 2층,11번 통로 맞은편,12,"스테프핫도그, 플레인핫도그, 칠리핫도그",1,,OFFICIAL,OFFICIAL_GUIDE_PAGE,S14,https://heroesbaseball.co.kr/mobile/heroes/stadium/skydome.do,2026-09-04,CONFIRMED,매장별 운영시간은 공식 안내에 미표기,"[고척스카이돔] stadium_code: GOCHEOK / stadium_name: 고척스카이돔 / home_team: KIWOOM / store_facility: 스테프 핫도그 / floor: 내야 2층 / zone_location: 11번 통로 맞은편 / map_label: 12 / menu_category_official: 스테프핫도그, 플레인핫도그, 칠리핫도그 / location_qty: 1 / notes: 매장별 운영시간은 공식 안내에 미표기"
F075,GOCHEOK,고척스카이돔,KIWOOM,bk버거,내야 2층,4번 통로 맞은편,13,"한우버거세트, 수제핫도그세트",1,,OFFICIAL,OFFICIAL_GUIDE_PAGE,S14,https://heroesbaseball.co.kr/mobile/heroes/stadium/skydome.do,2026-09-04,CONFIRMED,매장별 운영시간은 공식 안내에 미표기,"[고척스카이돔] stadium_code: GOCHEOK / stadium_name: 고척스카이돔 / home_team: KIWOOM / store_facility: bk버거 / floor: 내야 2층 / zone_location: 4번 통로 맞은편 / map_label: 13 / menu_category_official: 한우버거세트, 수제핫도그세트 / location_qty: 1 / notes: 매장별 운영시간은 공식 안내에 미표기"
F076,GOCHEOK,고척스카이돔,KIWOOM,쉬림프쉐프,내야 2층,3~4번 통로 사이,14,"크림새우, 마라새우",1,,OFFICIAL,OFFICIAL_GUIDE_PAGE,S14,https://heroesbaseball.co.kr/mobile/heroes/stadium/skydome.do,2026-09-04,CONFIRMED,매장별 운영시간은 공식 안내에 미표기,"[고척스카이돔] stadium_code: GOCHEOK / stadium_name: 고척스카이돔 / home_team: KIWOOM / store_facility: 쉬림프쉐프 / floor: 내야 2층 / zone_location: 3~4번 통로 사이 / map_label: 14 / menu_category_official: 크림새우, 마라새우 / location_qty: 1 / notes: 매장별 운영시간은 공식 안내에 미표기"
F077,GOCHEOK,고척스카이돔,KIWOOM,매머드커피,내야 2층,3~4번 통로 사이,15,"아메리카노, 라떼, 에이드",1,,OFFICIAL,OFFICIAL_GUIDE_PAGE,S14,https://heroesbaseball.co.kr/mobile/heroes/stadium/skydome.do,2026-09-04,CONFIRMED,매장별 운영시간은 공식 안내에 미표기,"[고척스카이돔] stadium_code: GOCHEOK / stadium_name: 고척스카이돔 / home_team: KIWOOM / store_facility: 매머드커피 / floor: 내야 2층 / zone_location: 3~4번 통로 사이 / map_label: 15 / menu_category_official: 아메리카노, 라떼, 에이드 / location_qty: 1 / notes: 매장별 운영시간은 공식 안내에 미표기"
F078,GOCHEOK,고척스카이돔,KIWOOM,땅땅치킨,내야 2층,3~4번 통로 사이,16,"허브순살치킨, 땡초마요찹스",1,,OFFICIAL,OFFICIAL_GUIDE_PAGE,S14,https://heroesbaseball.co.kr/mobile/heroes/stadium/skydome.do,2026-09-04,CONFIRMED,매장별 운영시간은 공식 안내에 미표기,"[고척스카이돔] stadium_code: GOCHEOK / stadium_name: 고척스카이돔 / home_team: KIWOOM / store_facility: 땅땅치킨 / floor: 내야 2층 / zone_location: 3~4번 통로 사이 / map_label: 16 / menu_category_official: 허브순살치킨, 땡초마요찹스 / location_qty: 1 / notes: 매장별 운영시간은 공식 안내에 미표기"
F079,GOCHEOK,고척스카이돔,KIWOOM,마왕족발,내야 2층,9~10번 통로 사이,17,"통구이레드, 통구이블랙, 족발만두",1,,OFFICIAL,OFFICIAL_GUIDE_PAGE,S14,https://heroesbaseball.co.kr/mobile/heroes/stadium/skydome.do,2026-09-04,CONFIRMED,매장별 운영시간은 공식 안내에 미표기,"[고척스카이돔] stadium_code: GOCHEOK / stadium_name: 고척스카이돔 / home_team: KIWOOM / store_facility: 마왕족발 / floor: 내야 2층 / zone_location: 9~10번 통로 사이 / map_label: 17 / menu_category_official: 통구이레드, 통구이블랙, 족발만두 / location_qty: 1 / notes: 매장별 운영시간은 공식 안내에 미표기"
F080,GOCHEOK,고척스카이돔,KIWOOM,땅땅치킨,내야 2층,9~10번 통로 사이,18,"허브순살치킨, 땡초마요찹스",1,,OFFICIAL,OFFICIAL_GUIDE_PAGE,S14,https://heroesbaseball.co.kr/mobile/heroes/stadium/skydome.do,2026-09-04,CONFIRMED,매장별 운영시간은 공식 안내에 미표기,"[고척스카이돔] stadium_code: GOCHEOK / stadium_name: 고척스카이돔 / home_team: KIWOOM / store_facility: 땅땅치킨 / floor: 내야 2층 / zone_location: 9~10번 통로 사이 / map_label: 18 / menu_category_official: 허브순살치킨, 땡초마요찹스 / location_qty: 1 / notes: 매장별 운영시간은 공식 안내에 미표기"
F081,GOCHEOK,고척스카이돔,KIWOOM,초장집,내야 2층,9~10번 통로 사이,19,"막회, 물회, 육회, 초밥",1,,OFFICIAL,OFFICIAL_GUIDE_PAGE,S14,https://heroesbaseball.co.kr/mobile/heroes/stadium/skydome.do,2026-09-04,CONFIRMED,매장별 운영시간은 공식 안내에 미표기,"[고척스카이돔] stadium_code: GOCHEOK / stadium_name: 고척스카이돔 / home_team: KIWOOM / store_facility: 초장집 / floor: 내야 2층 / zone_location: 9~10번 통로 사이 / map_label: 19 / menu_category_official: 막회, 물회, 육회, 초밥 / location_qty: 1 / notes: 매장별 운영시간은 공식 안내에 미표기"
F082,GOCHEOK,고척스카이돔,KIWOOM,매머드커피,내야 2층,9~10번 통로 사이,20,"아메리카노, 라떼, 에이드",1,,OFFICIAL,OFFICIAL_GUIDE_PAGE,S14,https://heroesbaseball.co.kr/mobile/heroes/stadium/skydome.do,2026-09-04,CONFIRMED,매장별 운영시간은 공식 안내에 미표기,"[고척스카이돔] stadium_code: GOCHEOK / stadium_name: 고척스카이돔 / home_team: KIWOOM / store_facility: 매머드커피 / floor: 내야 2층 / zone_location: 9~10번 통로 사이 / map_label: 20 / menu_category_official: 아메리카노, 라떼, 에이드 / location_qty: 1 / notes: 매장별 운영시간은 공식 안내에 미표기"
F083,GOCHEOK,고척스카이돔,KIWOOM,편의점,내야 4층,24~25번 통로 사이,2,"캔맥주, 음료, 각종 스낵, 마른 안주",1,,OFFICIAL,OFFICIAL_GUIDE_PAGE,S14,https://heroesbaseball.co.kr/mobile/heroes/stadium/skydome.do,2026-09-04,CONFIRMED,매장별 운영시간은 공식 안내에 미표기,"[고척스카이돔] stadium_code: GOCHEOK / stadium_name: 고척스카이돔 / home_team: KIWOOM / store_facility: 편의점 / floor: 내야 4층 / zone_location: 24~25번 통로 사이 / map_label: 2 / menu_category_official: 캔맥주, 음료, 각종 스낵, 마른 안주 / location_qty: 1 / notes: 매장별 운영시간은 공식 안내에 미표기"
F084,GOCHEOK,고척스카이돔,KIWOOM,히어로떡볶이,내야 4층,24~25번 통로 사이,2,"떡볶이, 로제떡볶이, 짜장떡볶이",1,,OFFICIAL,OFFICIAL_GUIDE_PAGE,S14,https://heroesbaseball.co.kr/mobile/heroes/stadium/skydome.do,2026-09-04,CONFIRMED,매장별 운영시간은 공식 안내에 미표기,"[고척스카이돔] stadium_code: GOCHEOK / stadium_name: 고척스카이돔 / home_team: KIWOOM / store_facility: 히어로떡볶이 / floor: 내야 4층 / zone_location: 24~25번 통로 사이 / map_label: 2 / menu_category_official: 떡볶이, 로제떡볶이, 짜장떡볶이 / location_qty: 1 / notes: 매장별 운영시간은 공식 안내에 미표기"
F085,GOCHEOK,고척스카이돔,KIWOOM,탐앤탐스,내야 4층,24~25번 통로 사이,3,"아메리카노, 라떼, 에이드",1,,OFFICIAL,OFFICIAL_GUIDE_PAGE,S14,https://heroesbaseball.co.kr/mobile/heroes/stadium/skydome.do,2026-09-04,CONFIRMED,매장별 운영시간은 공식 안내에 미표기,"[고척스카이돔] stadium_code: GOCHEOK / stadium_name: 고척스카이돔 / home_team: KIWOOM / store_facility: 탐앤탐스 / floor: 내야 4층 / zone_location: 24~25번 통로 사이 / map_label: 3 / menu_category_official: 아메리카노, 라떼, 에이드 / location_qty: 1 / notes: 매장별 운영시간은 공식 안내에 미표기"
F086,GOCHEOK,고척스카이돔,KIWOOM,bk버거,내야 4층,24~25번 통로 사이,4,"한우버거세트, 수제핫도그세트",1,,OFFICIAL,OFFICIAL_GUIDE_PAGE,S14,https://heroesbaseball.co.kr/mobile/heroes/stadium/skydome.do,2026-09-04,CONFIRMED,매장별 운영시간은 공식 안내에 미표기,"[고척스카이돔] stadium_code: GOCHEOK / stadium_name: 고척스카이돔 / home_team: KIWOOM / store_facility: bk버거 / floor: 내야 4층 / zone_location: 24~25번 통로 사이 / map_label: 4 / menu_category_official: 한우버거세트, 수제핫도그세트 / location_qty: 1 / notes: 매장별 운영시간은 공식 안내에 미표기"
F087,GOCHEOK,고척스카이돔,KIWOOM,BBQ,내야 4층,26~27번 통로 사이,5,"크런치순살크래커, 바사칸윙, 생맥주",1,,OFFICIAL,OFFICIAL_GUIDE_PAGE,S14,https://heroesbaseball.co.kr/mobile/heroes/stadium/skydome.do,2026-09-04,CONFIRMED,매장별 운영시간은 공식 안내에 미표기,"[고척스카이돔] stadium_code: GOCHEOK / stadium_name: 고척스카이돔 / home_team: KIWOOM / store_facility: BBQ / floor: 내야 4층 / zone_location: 26~27번 통로 사이 / map_label: 5 / menu_category_official: 크런치순살크래커, 바사칸윙, 생맥주 / location_qty: 1 / notes: 매장별 운영시간은 공식 안내에 미표기"
F088,GOCHEOK,고척스카이돔,KIWOOM,브리쉘프라이,내야 4층,26~27번 통로 사이,5,"홈런세트, 안타세트, 키즈세트",1,,OFFICIAL,OFFICIAL_GUIDE_PAGE,S14,https://heroesbaseball.co.kr/mobile/heroes/stadium/skydome.do,2026-09-04,CONFIRMED,매장별 운영시간은 공식 안내에 미표기,"[고척스카이돔] stadium_code: GOCHEOK / stadium_name: 고척스카이돔 / home_team: KIWOOM / store_facility: 브리쉘프라이 / floor: 내야 4층 / zone_location: 26~27번 통로 사이 / map_label: 5 / menu_category_official: 홈런세트, 안타세트, 키즈세트 / location_qty: 1 / notes: 매장별 운영시간은 공식 안내에 미표기"
F089,GOCHEOK,고척스카이돔,KIWOOM,카츄마마,내야 4층,28~29번 통로 사이,6,"김볶돈, 투움바우돈, 열무돈",1,,OFFICIAL,OFFICIAL_GUIDE_PAGE,S14,https://heroesbaseball.co.kr/mobile/heroes/stadium/skydome.do,2026-09-04,CONFIRMED,매장별 운영시간은 공식 안내에 미표기,"[고척스카이돔] stadium_code: GOCHEOK / stadium_name: 고척스카이돔 / home_team: KIWOOM / store_facility: 카츄마마 / floor: 내야 4층 / zone_location: 28~29번 통로 사이 / map_label: 6 / menu_category_official: 김볶돈, 투움바우돈, 열무돈 / location_qty: 1 / notes: 매장별 운영시간은 공식 안내에 미표기"
F090,GOCHEOK,고척스카이돔,KIWOOM,우이락,내야 4층,28~29번 통로 사이,7,"고추튀김, 생맥주",1,,OFFICIAL,OFFICIAL_GUIDE_PAGE,S14,https://heroesbaseball.co.kr/mobile/heroes/stadium/skydome.do,2026-09-04,CONFIRMED,매장별 운영시간은 공식 안내에 미표기,"[고척스카이돔] stadium_code: GOCHEOK / stadium_name: 고척스카이돔 / home_team: KIWOOM / store_facility: 우이락 / floor: 내야 4층 / zone_location: 28~29번 통로 사이 / map_label: 7 / menu_category_official: 고추튀김, 생맥주 / location_qty: 1 / notes: 매장별 운영시간은 공식 안내에 미표기"
F091,GOCHEOK,고척스카이돔,KIWOOM,편의점,내야 4층,28~29번 통로 사이,8,"캔맥주, 음료, 각종 스낵, 마른 안주",1,,OFFICIAL,OFFICIAL_GUIDE_PAGE,S14,https://heroesbaseball.co.kr/mobile/heroes/stadium/skydome.do,2026-09-04,CONFIRMED,매장별 운영시간은 공식 안내에 미표기,"[고척스카이돔] stadium_code: GOCHEOK / stadium_name: 고척스카이돔 / home_team: KIWOOM / store_facility: 편의점 / floor: 내야 4층 / zone_location: 28~29번 통로 사이 / map_label: 8 / menu_category_official: 캔맥주, 음료, 각종 스낵, 마른 안주 / location_qty: 1 / notes: 매장별 운영시간은 공식 안내에 미표기"
F092,GOCHEOK,고척스카이돔,KIWOOM,자담치킨,내야 4층,28~29번 통로 사이,8,"맵슐랭크런치순살, 양념크런치순살",1,,OFFICIAL,OFFICIAL_GUIDE_PAGE,S14,https://heroesbaseball.co.kr/mobile/heroes/stadium/skydome.do,2026-09-04,CONFIRMED,매장별 운영시간은 공식 안내에 미표기,"[고척스카이돔] stadium_code: GOCHEOK / stadium_name: 고척스카이돔 / home_team: KIWOOM / store_facility: 자담치킨 / floor: 내야 4층 / zone_location: 28~29번 통로 사이 / map_label: 8 / menu_category_official: 맵슐랭크런치순살, 양념크런치순살 / location_qty: 1 / notes: 매장별 운영시간은 공식 안내에 미표기"
F093,GOCHEOK,고척스카이돔,KIWOOM,편의점,외야 3층,4번 통로 맞은편,1,"캔맥주, 음료, 각종 스낵, 마른 안주",1,,OFFICIAL,OFFICIAL_GUIDE_PAGE,S14,https://heroesbaseball.co.kr/mobile/heroes/stadium/skydome.do,2026-09-04,CONFIRMED,매장별 운영시간은 공식 안내에 미표기,"[고척스카이돔] stadium_code: GOCHEOK / stadium_name: 고척스카이돔 / home_team: KIWOOM / store_facility: 편의점 / floor: 외야 3층 / zone_location: 4번 통로 맞은편 / map_label: 1 / menu_category_official: 캔맥주, 음료, 각종 스낵, 마른 안주 / location_qty: 1 / notes: 매장별 운영시간은 공식 안내에 미표기"
F094,GOCHEOK,고척스카이돔,KIWOOM,스트릿츄러스,외야 3층,4번 통로 맞은편,2,"츄러스, 아이스크림츄러스",1,,OFFICIAL,OFFICIAL_GUIDE_PAGE,S14,https://heroesbaseball.co.kr/mobile/heroes/stadium/skydome.do,2026-09-04,CONFIRMED,매장별 운영시간은 공식 안내에 미표기,"[고척스카이돔] stadium_code: GOCHEOK / stadium_name: 고척스카이돔 / home_team: KIWOOM / store_facility: 스트릿츄러스 / floor: 외야 3층 / zone_location: 4번 통로 맞은편 / map_label: 2 / menu_category_official: 츄러스, 아이스크림츄러스 / location_qty: 1 / notes: 매장별 운영시간은 공식 안내에 미표기"
F095,GOCHEOK,고척스카이돔,KIWOOM,BHC,외야 3층,4번 통로 맞은편,3,"크런치순살크래커, 바사칸윙, 생맥주",1,,OFFICIAL,OFFICIAL_GUIDE_PAGE,S14,https://heroesbaseball.co.kr/mobile/heroes/stadium/skydome.do,2026-09-04,CONFIRMED,매장별 운영시간은 공식 안내에 미표기,"[고척스카이돔] stadium_code: GOCHEOK / stadium_name: 고척스카이돔 / home_team: KIWOOM / store_facility: BHC / floor: 외야 3층 / zone_location: 4번 통로 맞은편 / map_label: 3 / menu_category_official: 크런치순살크래커, 바사칸윙, 생맥주 / location_qty: 1 / notes: 매장별 운영시간은 공식 안내에 미표기"
F096,GOCHEOK,고척스카이돔,KIWOOM,BBQ,외야 3층,4번 통로 맞은편,4,"크런치순살크래커, 바사칸윙, 생맥주",1,,OFFICIAL,OFFICIAL_GUIDE_PAGE,S14,https://heroesbaseball.co.kr/mobile/heroes/stadium/skydome.do,2026-09-04,CONFIRMED,매장별 운영시간은 공식 안내에 미표기,"[고척스카이돔] stadium_code: GOCHEOK / stadium_name: 고척스카이돔 / home_team: KIWOOM / store_facility: BBQ / floor: 외야 3층 / zone_location: 4번 통로 맞은편 / map_label: 4 / menu_category_official: 크런치순살크래커, 바사칸윙, 생맥주 / location_qty: 1 / notes: 매장별 운영시간은 공식 안내에 미표기"
F097,GOCHEOK,고척스카이돔,KIWOOM,명량핫도그,외야 3층,4번 통로 맞은편,4,"케이준감자콤보, 통모짜 핫도그",1,,OFFICIAL,OFFICIAL_GUIDE_PAGE,S14,https://heroesbaseball.co.kr/mobile/heroes/stadium/skydome.do,2026-09-04,CONFIRMED,매장별 운영시간은 공식 안내에 미표기,"[고척스카이돔] stadium_code: GOCHEOK / stadium_name: 고척스카이돔 / home_team: KIWOOM / store_facility: 명량핫도그 / floor: 외야 3층 / zone_location: 4번 통로 맞은편 / map_label: 4 / menu_category_official: 케이준감자콤보, 통모짜 핫도그 / location_qty: 1 / notes: 매장별 운영시간은 공식 안내에 미표기"
F098,GOCHEOK,고척스카이돔,KIWOOM,매머드커피,외야 3층,1~2번 통로 사이,5,"아메리카노, 라떼, 에이드",1,,OFFICIAL,OFFICIAL_GUIDE_PAGE,S14,https://heroesbaseball.co.kr/mobile/heroes/stadium/skydome.do,2026-09-04,CONFIRMED,매장별 운영시간은 공식 안내에 미표기,"[고척스카이돔] stadium_code: GOCHEOK / stadium_name: 고척스카이돔 / home_team: KIWOOM / store_facility: 매머드커피 / floor: 외야 3층 / zone_location: 1~2번 통로 사이 / map_label: 5 / menu_category_official: 아메리카노, 라떼, 에이드 / location_qty: 1 / notes: 매장별 운영시간은 공식 안내에 미표기"
F099,GOCHEOK,고척스카이돔,KIWOOM,PIZZA,외야 3층,1~2번 통로 사이,6,"불고기피자, 페퍼로니피자",1,,OFFICIAL,OFFICIAL_GUIDE_PAGE,S14,https://heroesbaseball.co.kr/mobile/heroes/stadium/skydome.do,2026-09-04,CONFIRMED,매장별 운영시간은 공식 안내에 미표기,"[고척스카이돔] stadium_code: GOCHEOK / stadium_name: 고척스카이돔 / home_team: KIWOOM / store_facility: PIZZA / floor: 외야 3층 / zone_location: 1~2번 통로 사이 / map_label: 6 / menu_category_official: 불고기피자, 페퍼로니피자 / location_qty: 1 / notes: 매장별 운영시간은 공식 안내에 미표기"
F100,GOCHEOK,고척스카이돔,KIWOOM,스테프핫도그,외야 3층,1~2번 통로 사이,6,"스테프핫도그, 플레인핫도그, 칠리핫도그",1,,OFFICIAL,OFFICIAL_GUIDE_PAGE,S14,https://heroesbaseball.co.kr/mobile/heroes/stadium/skydome.do,2026-09-04,CONFIRMED,매장별 운영시간은 공식 안내에 미표기,"[고척스카이돔] stadium_code: GOCHEOK / stadium_name: 고척스카이돔 / home_team: KIWOOM / store_facility: 스테프핫도그 / floor: 외야 3층 / zone_location: 1~2번 통로 사이 / map_label: 6 / menu_category_official: 스테프핫도그, 플레인핫도그, 칠리핫도그 / location_qty: 1 / notes: 매장별 운영시간은 공식 안내에 미표기"
F101,GOCHEOK,고척스카이돔,KIWOOM,브리쉘프라이,외야 3층,1번 통로 맞은편,7,"홈런세트, 안타세트, 키즈세트",1,,OFFICIAL,OFFICIAL_GUIDE_PAGE,S14,https://heroesbaseball.co.kr/mobile/heroes/stadium/skydome.do,2026-09-04,CONFIRMED,매장별 운영시간은 공식 안내에 미표기,"[고척스카이돔] stadium_code: GOCHEOK / stadium_name: 고척스카이돔 / home_team: KIWOOM / store_facility: 브리쉘프라이 / floor: 외야 3층 / zone_location: 1번 통로 맞은편 / map_label: 7 / menu_category_official: 홈런세트, 안타세트, 키즈세트 / location_qty: 1 / notes: 매장별 운영시간은 공식 안내에 미표기"
F102,GOCHEOK,고척스카이돔,KIWOOM,편의점,외야 3층,1번 통로 맞은편,8,"캔맥주, 음료, 각종 스낵, 마른 안주",1,,OFFICIAL,OFFICIAL_GUIDE_PAGE,S14,https://heroesbaseball.co.kr/mobile/heroes/stadium/skydome.do,2026-09-04,CONFIRMED,매장별 운영시간은 공식 안내에 미표기,"[고척스카이돔] stadium_code: GOCHEOK / stadium_name: 고척스카이돔 / home_team: KIWOOM / store_facility: 편의점 / floor: 외야 3층 / zone_location: 1번 통로 맞은편 / map_label: 8 / menu_category_official: 캔맥주, 음료, 각종 스낵, 마른 안주 / location_qty: 1 / notes: 매장별 운영시간은 공식 안내에 미표기"
F103,GOCHEOK,고척스카이돔,KIWOOM,땅땅치킨,외야 3층,2~3번 통로 사이,9,"허브순살치킨, 땡초마요찹스",1,,OFFICIAL,OFFICIAL_GUIDE_PAGE,S14,https://heroesbaseball.co.kr/mobile/heroes/stadium/skydome.do,2026-09-04,CONFIRMED,매장별 운영시간은 공식 안내에 미표기,"[고척스카이돔] stadium_code: GOCHEOK / stadium_name: 고척스카이돔 / home_team: KIWOOM / store_facility: 땅땅치킨 / floor: 외야 3층 / zone_location: 2~3번 통로 사이 / map_label: 9 / menu_category_official: 허브순살치킨, 땡초마요찹스 / location_qty: 1 / notes: 매장별 운영시간은 공식 안내에 미표기"
F104,GOCHEOK,고척스카이돔,KIWOOM,펠리돔,외야 3층,2~3번 통로 사이,10,"타코, 젤라또아이스크림",1,,OFFICIAL,OFFICIAL_GUIDE_PAGE,S14,https://heroesbaseball.co.kr/mobile/heroes/stadium/skydome.do,2026-09-04,CONFIRMED,매장별 운영시간은 공식 안내에 미표기,"[고척스카이돔] stadium_code: GOCHEOK / stadium_name: 고척스카이돔 / home_team: KIWOOM / store_facility: 펠리돔 / floor: 외야 3층 / zone_location: 2~3번 통로 사이 / map_label: 10 / menu_category_official: 타코, 젤라또아이스크림 / location_qty: 1 / notes: 매장별 운영시간은 공식 안내에 미표기"
F105,GOCHEOK,고척스카이돔,KIWOOM,올리브떡볶이,외야 3층,2~3번 통로 사이,11,"떡볶이, 순대, 튀김",1,,OFFICIAL,OFFICIAL_GUIDE_PAGE,S14,https://heroesbaseball.co.kr/mobile/heroes/stadium/skydome.do,2026-09-04,CONFIRMED,매장별 운영시간은 공식 안내에 미표기,"[고척스카이돔] stadium_code: GOCHEOK / stadium_name: 고척스카이돔 / home_team: KIWOOM / store_facility: 올리브떡볶이 / floor: 외야 3층 / zone_location: 2~3번 통로 사이 / map_label: 11 / menu_category_official: 떡볶이, 순대, 튀김 / location_qty: 1 / notes: 매장별 운영시간은 공식 안내에 미표기"
F106,GOCHEOK,고척스카이돔,KIWOOM,자담치킨,외야 4층,25~26번 통로 사이,1,"맵슐랭크런치순살, 양념크런치순살",1,,OFFICIAL,OFFICIAL_GUIDE_PAGE,S14,https://heroesbaseball.co.kr/mobile/heroes/stadium/skydome.do,2026-09-04,CONFIRMED,매장별 운영시간은 공식 안내에 미표기,"[고척스카이돔] stadium_code: GOCHEOK / stadium_name: 고척스카이돔 / home_team: KIWOOM / store_facility: 자담치킨 / floor: 외야 4층 / zone_location: 25~26번 통로 사이 / map_label: 1 / menu_category_official: 맵슐랭크런치순살, 양념크런치순살 / location_qty: 1 / notes: 매장별 운영시간은 공식 안내에 미표기"
F107,GOCHEOK,고척스카이돔,KIWOOM,멕시카나강정,외야 4층,25~26번 통로 사이,2,양념닭강정,1,,OFFICIAL,OFFICIAL_GUIDE_PAGE,S14,https://heroesbaseball.co.kr/mobile/heroes/stadium/skydome.do,2026-09-04,CONFIRMED,매장별 운영시간은 공식 안내에 미표기,[고척스카이돔] stadium_code: GOCHEOK / stadium_name: 고척스카이돔 / home_team: KIWOOM / store_facility: 멕시카나강정 / floor: 외야 4층 / zone_location: 25~26번 통로 사이 / map_label: 2 / menu_category_official: 양념닭강정 / location_qty: 1 / notes: 매장별 운영시간은 공식 안내에 미표기
F108,GOCHEOK,고척스카이돔,KIWOOM,쉬림프쉐프,외야 4층,21~22번 통로 사이,3,"크림새우, 마라새우",1,,OFFICIAL,OFFICIAL_GUIDE_PAGE,S14,https://heroesbaseball.co.kr/mobile/heroes/stadium/skydome.do,2026-09-04,CONFIRMED,매장별 운영시간은 공식 안내에 미표기,"[고척스카이돔] stadium_code: GOCHEOK / stadium_name: 고척스카이돔 / home_team: KIWOOM / store_facility: 쉬림프쉐프 / floor: 외야 4층 / zone_location: 21~22번 통로 사이 / map_label: 3 / menu_category_official: 크림새우, 마라새우 / location_qty: 1 / notes: 매장별 운영시간은 공식 안내에 미표기"
F109,MUNHAK,인천 SSG 랜더스필드,SSG,버거원더스,1층,1루,,햄버거,1,,OFFICIAL,OFFICIAL_GUIDE_APP,S03,https://app.ssglanders.com/stadium,2026-09-04,CONFIRMED,,[인천 SSG 랜더스필드] stadium_code: MUNHAK / stadium_name: 인천 SSG 랜더스필드 / home_team: SSG / store_facility: 버거원더스 / floor: 1층 / zone_location: 1루 / menu_category_official: 햄버거 / location_qty: 1
F110,MUNHAK,인천 SSG 랜더스필드,SSG,국대떡볶이,1층,1루,,분식,1,,OFFICIAL,OFFICIAL_GUIDE_APP,S03,https://app.ssglanders.com/stadium,2026-09-04,CONFIRMED,,[인천 SSG 랜더스필드] stadium_code: MUNHAK / stadium_name: 인천 SSG 랜더스필드 / home_team: SSG / store_facility: 국대떡볶이 / floor: 1층 / zone_location: 1루 / menu_category_official: 분식 / location_qty: 1
F111,MUNHAK,인천 SSG 랜더스필드,SSG,BHC/드림마켓,1층,1루,,"치킨/라면, 닭강정, 핫도그",1,,OFFICIAL,OFFICIAL_GUIDE_APP,S03,https://app.ssglanders.com/stadium,2026-09-04,CONFIRMED,,"[인천 SSG 랜더스필드] stadium_code: MUNHAK / stadium_name: 인천 SSG 랜더스필드 / home_team: SSG / store_facility: BHC/드림마켓 / floor: 1층 / zone_location: 1루 / menu_category_official: 치킨/라면, 닭강정, 핫도그 / location_qty: 1"
F112,MUNHAK,인천 SSG 랜더스필드,SSG,푸라닭치킨,1층,입구 앞,,치킨,1,,OFFICIAL,OFFICIAL_GUIDE_APP,S03,https://app.ssglanders.com/stadium,2026-09-04,CONFIRMED,,[인천 SSG 랜더스필드] stadium_code: MUNHAK / stadium_name: 인천 SSG 랜더스필드 / home_team: SSG / store_facility: 푸라닭치킨 / floor: 1층 / zone_location: 입구 앞 / menu_category_official: 치킨 / location_qty: 1
F113,MUNHAK,인천 SSG 랜더스필드,SSG,오레오츄러스,1층,3루,,츄러스,1,,OFFICIAL,OFFICIAL_GUIDE_APP,S03,https://app.ssglanders.com/stadium,2026-09-04,CONFIRMED,,[인천 SSG 랜더스필드] stadium_code: MUNHAK / stadium_name: 인천 SSG 랜더스필드 / home_team: SSG / store_facility: 오레오츄러스 / floor: 1층 / zone_location: 3루 / menu_category_official: 츄러스 / location_qty: 1
F114,MUNHAK,인천 SSG 랜더스필드,SSG,오사카야끼,1층,3루,,야끼소바,1,,OFFICIAL,OFFICIAL_GUIDE_APP,S03,https://app.ssglanders.com/stadium,2026-09-04,CONFIRMED,,[인천 SSG 랜더스필드] stadium_code: MUNHAK / stadium_name: 인천 SSG 랜더스필드 / home_team: SSG / store_facility: 오사카야끼 / floor: 1층 / zone_location: 3루 / menu_category_official: 야끼소바 / location_qty: 1
F115,MUNHAK,인천 SSG 랜더스필드,SSG,이마트24,1층,1루,,편의점,1,,OFFICIAL,OFFICIAL_GUIDE_APP,S03,https://app.ssglanders.com/stadium,2026-09-04,CONFIRMED,,[인천 SSG 랜더스필드] stadium_code: MUNHAK / stadium_name: 인천 SSG 랜더스필드 / home_team: SSG / store_facility: 이마트24 / floor: 1층 / zone_location: 1루 / menu_category_official: 편의점 / location_qty: 1
F116,MUNHAK,인천 SSG 랜더스필드,SSG,스타벅스 2호점,1층,1루,,"커피, 음료",1,,OFFICIAL,OFFICIAL_GUIDE_APP,S03,https://app.ssglanders.com/stadium,2026-09-04,CONFIRMED,,"[인천 SSG 랜더스필드] stadium_code: MUNHAK / stadium_name: 인천 SSG 랜더스필드 / home_team: SSG / store_facility: 스타벅스 2호점 / floor: 1층 / zone_location: 1루 / menu_category_official: 커피, 음료 / location_qty: 1"
F117,MUNHAK,인천 SSG 랜더스필드,SSG,픽미31,1층,1루,,와인,1,,OFFICIAL,OFFICIAL_GUIDE_APP,S03,https://app.ssglanders.com/stadium,2026-09-04,CONFIRMED,,[인천 SSG 랜더스필드] stadium_code: MUNHAK / stadium_name: 인천 SSG 랜더스필드 / home_team: SSG / store_facility: 픽미31 / floor: 1층 / zone_location: 1루 / menu_category_official: 와인 / location_qty: 1
F118,MUNHAK,인천 SSG 랜더스필드,SSG,북촌손만두,1층,입구 앞,,만두,1,,OFFICIAL,OFFICIAL_GUIDE_APP,S03,https://app.ssglanders.com/stadium,2026-09-04,CONFIRMED,,[인천 SSG 랜더스필드] stadium_code: MUNHAK / stadium_name: 인천 SSG 랜더스필드 / home_team: SSG / store_facility: 북촌손만두 / floor: 1층 / zone_location: 입구 앞 / menu_category_official: 만두 / location_qty: 1
F119,MUNHAK,인천 SSG 랜더스필드,SSG,우리동네 미미네,1층,1루,,"치킨/라면, 닭강정, 핫도그",1,,OFFICIAL,OFFICIAL_GUIDE_APP,S03,https://app.ssglanders.com/stadium,2026-09-04,CONFIRMED,,"[인천 SSG 랜더스필드] stadium_code: MUNHAK / stadium_name: 인천 SSG 랜더스필드 / home_team: SSG / store_facility: 우리동네 미미네 / floor: 1층 / zone_location: 1루 / menu_category_official: 치킨/라면, 닭강정, 핫도그 / location_qty: 1"
F120,MUNHAK,인천 SSG 랜더스필드,SSG,알로하 카페앤바(지하),지하,,,"커피, 음료",1,,OFFICIAL,OFFICIAL_GUIDE_APP,S03,https://app.ssglanders.com/stadium,2026-09-04,CONFIRMED,,"[인천 SSG 랜더스필드] stadium_code: MUNHAK / stadium_name: 인천 SSG 랜더스필드 / home_team: SSG / store_facility: 알로하 카페앤바(지하) / floor: 지하 / menu_category_official: 커피, 음료 / location_qty: 1"
F121,MUNHAK,인천 SSG 랜더스필드,SSG,민영활어공장,1층,3루,,초밥/물회,1,,OFFICIAL,OFFICIAL_GUIDE_APP,S03,https://app.ssglanders.com/stadium,2026-09-04,CONFIRMED,,[인천 SSG 랜더스필드] stadium_code: MUNHAK / stadium_name: 인천 SSG 랜더스필드 / home_team: SSG / store_facility: 민영활어공장 / floor: 1층 / zone_location: 3루 / menu_category_official: 초밥/물회 / location_qty: 1
F122,MUNHAK,인천 SSG 랜더스필드,SSG,허갈닭강정/문학철판삼겹,2층,1루,,닭강정/삼겹살,1,,OFFICIAL,OFFICIAL_GUIDE_APP,S03,https://app.ssglanders.com/stadium,2026-09-04,CONFIRMED,,[인천 SSG 랜더스필드] stadium_code: MUNHAK / stadium_name: 인천 SSG 랜더스필드 / home_team: SSG / store_facility: 허갈닭강정/문학철판삼겹 / floor: 2층 / zone_location: 1루 / menu_category_official: 닭강정/삼겹살 / location_qty: 1
F123,MUNHAK,인천 SSG 랜더스필드,SSG,몬칩팩토리,2층,1루,,튀김/닭강정,1,,OFFICIAL,OFFICIAL_GUIDE_APP,S03,https://app.ssglanders.com/stadium,2026-09-04,CONFIRMED,,[인천 SSG 랜더스필드] stadium_code: MUNHAK / stadium_name: 인천 SSG 랜더스필드 / home_team: SSG / store_facility: 몬칩팩토리 / floor: 2층 / zone_location: 1루 / menu_category_official: 튀김/닭강정 / location_qty: 1
F124,MUNHAK,인천 SSG 랜더스필드,SSG,씬난다스테이크&마라새우,2층,1루,,"스테이크, 마라새우",1,,OFFICIAL,OFFICIAL_GUIDE_APP,S03,https://app.ssglanders.com/stadium,2026-09-04,CONFIRMED,,"[인천 SSG 랜더스필드] stadium_code: MUNHAK / stadium_name: 인천 SSG 랜더스필드 / home_team: SSG / store_facility: 씬난다스테이크&마라새우 / floor: 2층 / zone_location: 1루 / menu_category_official: 스테이크, 마라새우 / location_qty: 1"
F125,MUNHAK,인천 SSG 랜더스필드,SSG,스테이션,2층,1루,,라면/피자,1,,OFFICIAL,OFFICIAL_GUIDE_APP,S03,https://app.ssglanders.com/stadium,2026-09-04,CONFIRMED,,[인천 SSG 랜더스필드] stadium_code: MUNHAK / stadium_name: 인천 SSG 랜더스필드 / home_team: SSG / store_facility: 스테이션 / floor: 2층 / zone_location: 1루 / menu_category_official: 라면/피자 / location_qty: 1
F126,MUNHAK,인천 SSG 랜더스필드,SSG,노랑통닭,2층,노브랜드 테이블석 14블럭 뒤,,치킨,1,,OFFICIAL,OFFICIAL_GUIDE_APP,S03,https://app.ssglanders.com/stadium,2026-09-04,CONFIRMED,,[인천 SSG 랜더스필드] stadium_code: MUNHAK / stadium_name: 인천 SSG 랜더스필드 / home_team: SSG / store_facility: 노랑통닭 / floor: 2층 / zone_location: 노브랜드 테이블석 14블럭 뒤 / menu_category_official: 치킨 / location_qty: 1
F127,MUNHAK,인천 SSG 랜더스필드,SSG,커빙,2층,1루,,"커피, 음료",1,,OFFICIAL,OFFICIAL_GUIDE_APP,S03,https://app.ssglanders.com/stadium,2026-09-04,CONFIRMED,,"[인천 SSG 랜더스필드] stadium_code: MUNHAK / stadium_name: 인천 SSG 랜더스필드 / home_team: SSG / store_facility: 커빙 / floor: 2층 / zone_location: 1루 / menu_category_official: 커피, 음료 / location_qty: 1"
F128,MUNHAK,인천 SSG 랜더스필드,SSG,패밀리푸드존,2층,입구 앞,,"분식, 커피",1,,OFFICIAL,OFFICIAL_GUIDE_APP,S03,https://app.ssglanders.com/stadium,2026-09-04,CONFIRMED,,"[인천 SSG 랜더스필드] stadium_code: MUNHAK / stadium_name: 인천 SSG 랜더스필드 / home_team: SSG / store_facility: 패밀리푸드존 / floor: 2층 / zone_location: 입구 앞 / menu_category_official: 분식, 커피 / location_qty: 1"
F129,MUNHAK,인천 SSG 랜더스필드,SSG,자담치킨,2층,입구 앞,,"라면, 분식",1,,OFFICIAL,OFFICIAL_GUIDE_APP,S03,https://app.ssglanders.com/stadium,2026-09-04,CONFIRMED,,"[인천 SSG 랜더스필드] stadium_code: MUNHAK / stadium_name: 인천 SSG 랜더스필드 / home_team: SSG / store_facility: 자담치킨 / floor: 2층 / zone_location: 입구 앞 / menu_category_official: 라면, 분식 / location_qty: 1"
F130,MUNHAK,인천 SSG 랜더스필드,SSG,킹콩떡볶이,2층,3루,,분식,1,,OFFICIAL,OFFICIAL_GUIDE_APP,S03,https://app.ssglanders.com/stadium,2026-09-04,CONFIRMED,,[인천 SSG 랜더스필드] stadium_code: MUNHAK / stadium_name: 인천 SSG 랜더스필드 / home_team: SSG / store_facility: 킹콩떡볶이 / floor: 2층 / zone_location: 3루 / menu_category_official: 분식 / location_qty: 1
F131,MUNHAK,인천 SSG 랜더스필드,SSG,쌈바치킨/이마트24,2층,3루,,치킨/편의점,1,,OFFICIAL,OFFICIAL_GUIDE_APP,S03,https://app.ssglanders.com/stadium,2026-09-04,CONFIRMED,,[인천 SSG 랜더스필드] stadium_code: MUNHAK / stadium_name: 인천 SSG 랜더스필드 / home_team: SSG / store_facility: 쌈바치킨/이마트24 / floor: 2층 / zone_location: 3루 / menu_category_official: 치킨/편의점 / location_qty: 1
F132,MUNHAK,인천 SSG 랜더스필드,SSG,노브랜드버거,2층,1루,,햄버거,1,,OFFICIAL,OFFICIAL_GUIDE_APP,S03,https://app.ssglanders.com/stadium,2026-09-04,CONFIRMED,,[인천 SSG 랜더스필드] stadium_code: MUNHAK / stadium_name: 인천 SSG 랜더스필드 / home_team: SSG / store_facility: 노브랜드버거 / floor: 2층 / zone_location: 1루 / menu_category_official: 햄버거 / location_qty: 1
F133,MUNHAK,인천 SSG 랜더스필드,SSG,스트릿츄러스&김치말이국수,2층,1루 외야,,츄러스,1,,OFFICIAL,OFFICIAL_GUIDE_APP,S03,https://app.ssglanders.com/stadium,2026-09-04,CONFIRMED,,[인천 SSG 랜더스필드] stadium_code: MUNHAK / stadium_name: 인천 SSG 랜더스필드 / home_team: SSG / store_facility: 스트릿츄러스&김치말이국수 / floor: 2층 / zone_location: 1루 외야 / menu_category_official: 츄러스 / location_qty: 1
F134,MUNHAK,인천 SSG 랜더스필드,SSG,순살싸다리,2층,1루 외야,,치킨,1,,OFFICIAL,OFFICIAL_GUIDE_APP,S03,https://app.ssglanders.com/stadium,2026-09-04,CONFIRMED,,[인천 SSG 랜더스필드] stadium_code: MUNHAK / stadium_name: 인천 SSG 랜더스필드 / home_team: SSG / store_facility: 순살싸다리 / floor: 2층 / zone_location: 1루 외야 / menu_category_official: 치킨 / location_qty: 1
F135,MUNHAK,인천 SSG 랜더스필드,SSG,야구사랑/BHC,2층,1루 외야,,햄버거,1,,OFFICIAL,OFFICIAL_GUIDE_APP,S03,https://app.ssglanders.com/stadium,2026-09-04,CONFIRMED,,[인천 SSG 랜더스필드] stadium_code: MUNHAK / stadium_name: 인천 SSG 랜더스필드 / home_team: SSG / store_facility: 야구사랑/BHC / floor: 2층 / zone_location: 1루 외야 / menu_category_official: 햄버거 / location_qty: 1
F136,MUNHAK,인천 SSG 랜더스필드,SSG,크리스피 크림 도넛,2층,외야,,도넛,1,,OFFICIAL,OFFICIAL_GUIDE_APP,S03,https://app.ssglanders.com/stadium,2026-09-04,CONFIRMED,,[인천 SSG 랜더스필드] stadium_code: MUNHAK / stadium_name: 인천 SSG 랜더스필드 / home_team: SSG / store_facility: 크리스피 크림 도넛 / floor: 2층 / zone_location: 외야 / menu_category_official: 도넛 / location_qty: 1
F137,MUNHAK,인천 SSG 랜더스필드,SSG,스타벅스,2층,1루,,"커피, 음료",1,,OFFICIAL,OFFICIAL_GUIDE_APP,S03,https://app.ssglanders.com/stadium,2026-09-04,CONFIRMED,,"[인천 SSG 랜더스필드] stadium_code: MUNHAK / stadium_name: 인천 SSG 랜더스필드 / home_team: SSG / store_facility: 스타벅스 / floor: 2층 / zone_location: 1루 / menu_category_official: 커피, 음료 / location_qty: 1"
F138,MUNHAK,인천 SSG 랜더스필드,SSG,노랑통닭,2층,입구 앞,,치킨,1,,OFFICIAL,OFFICIAL_GUIDE_APP,S03,https://app.ssglanders.com/stadium,2026-09-04,CONFIRMED,,[인천 SSG 랜더스필드] stadium_code: MUNHAK / stadium_name: 인천 SSG 랜더스필드 / home_team: SSG / store_facility: 노랑통닭 / floor: 2층 / zone_location: 입구 앞 / menu_category_official: 치킨 / location_qty: 1
F139,MUNHAK,인천 SSG 랜더스필드,SSG,노랑통닭,2층,1루,,치킨,1,,OFFICIAL,OFFICIAL_GUIDE_APP,S03,https://app.ssglanders.com/stadium,2026-09-04,CONFIRMED,,[인천 SSG 랜더스필드] stadium_code: MUNHAK / stadium_name: 인천 SSG 랜더스필드 / home_team: SSG / store_facility: 노랑통닭 / floor: 2층 / zone_location: 1루 / menu_category_official: 치킨 / location_qty: 1
F140,MUNHAK,인천 SSG 랜더스필드,SSG,명인만두&만족오향족발,2층,외야,,"만두, 족발",1,,OFFICIAL,OFFICIAL_GUIDE_APP,S03,https://app.ssglanders.com/stadium,2026-09-04,CONFIRMED,,"[인천 SSG 랜더스필드] stadium_code: MUNHAK / stadium_name: 인천 SSG 랜더스필드 / home_team: SSG / store_facility: 명인만두&만족오향족발 / floor: 2층 / zone_location: 외야 / menu_category_official: 만두, 족발 / location_qty: 1"
F141,MUNHAK,인천 SSG 랜더스필드,SSG,우리동네 미미네,4층,1루,,"라면, 닭강정, 핫도그",1,,OFFICIAL,OFFICIAL_GUIDE_APP,S03,https://app.ssglanders.com/stadium,2026-09-04,CONFIRMED,,"[인천 SSG 랜더스필드] stadium_code: MUNHAK / stadium_name: 인천 SSG 랜더스필드 / home_team: SSG / store_facility: 우리동네 미미네 / floor: 4층 / zone_location: 1루 / menu_category_official: 라면, 닭강정, 핫도그 / location_qty: 1"
F142,MUNHAK,인천 SSG 랜더스필드,SSG,파파존스,4층,1루,,피자,1,,OFFICIAL,OFFICIAL_GUIDE_APP,S03,https://app.ssglanders.com/stadium,2026-09-04,CONFIRMED,,[인천 SSG 랜더스필드] stadium_code: MUNHAK / stadium_name: 인천 SSG 랜더스필드 / home_team: SSG / store_facility: 파파존스 / floor: 4층 / zone_location: 1루 / menu_category_official: 피자 / location_qty: 1
F143,MUNHAK,인천 SSG 랜더스필드,SSG,우리동네 미미네,4층,3루,,"라면, 닭강정, 핫도그",1,,OFFICIAL,OFFICIAL_GUIDE_APP,S03,https://app.ssglanders.com/stadium,2026-09-04,CONFIRMED,,"[인천 SSG 랜더스필드] stadium_code: MUNHAK / stadium_name: 인천 SSG 랜더스필드 / home_team: SSG / store_facility: 우리동네 미미네 / floor: 4층 / zone_location: 3루 / menu_category_official: 라면, 닭강정, 핫도그 / location_qty: 1"
F144,MUNHAK,인천 SSG 랜더스필드,SSG,반올림 피자,4층,3루,,피자,1,,OFFICIAL,OFFICIAL_GUIDE_APP,S03,https://app.ssglanders.com/stadium,2026-09-04,CONFIRMED,,[인천 SSG 랜더스필드] stadium_code: MUNHAK / stadium_name: 인천 SSG 랜더스필드 / home_team: SSG / store_facility: 반올림 피자 / floor: 4층 / zone_location: 3루 / menu_category_official: 피자 / location_qty: 1
F145,SUWON,수원 KT 위즈파크,KT,샐러리아,2층,3루,L2,,1,,OFFICIAL,OFFICIAL_GUIDE_MAP,S04,https://www.ktwiz.co.kr/ticket/store,2026-09-04,CONFIRMED,,[수원 KT 위즈 파크] stadium_code: SUWON / stadium_name: 수원 KT 위즈파크 / home_team: KT / store_facility: 샐러리아 / floor: 2층 / zone_location: 3루 / map_label: L2 / location_qty: 1
F146,SUWON,수원 KT 위즈파크,KT,작은동경,2층,3루,L2,,1,,OFFICIAL,OFFICIAL_GUIDE_MAP,S04,https://www.ktwiz.co.kr/ticket/store,2026-09-04,CONFIRMED,,[수원 KT 위즈 파크] stadium_code: SUWON / stadium_name: 수원 KT 위즈파크 / home_team: KT / store_facility: 작은동경 / floor: 2층 / zone_location: 3루 / map_label: L2 / location_qty: 1
F147,SUWON,수원 KT 위즈파크,KT,사오마라,2층,3루,L2,,1,,OFFICIAL,OFFICIAL_GUIDE_MAP,S04,https://www.ktwiz.co.kr/ticket/store,2026-09-04,CONFIRMED,,[수원 KT 위즈 파크] stadium_code: SUWON / stadium_name: 수원 KT 위즈파크 / home_team: KT / store_facility: 사오마라 / floor: 2층 / zone_location: 3루 / map_label: L2 / location_qty: 1
F148,SUWON,수원 KT 위즈파크,KT,또리펍 3루점,2층,3루,L1,,1,,OFFICIAL,OFFICIAL_GUIDE_MAP,S04,https://www.ktwiz.co.kr/ticket/store,2026-09-04,CONFIRMED,,[수원 KT 위즈 파크] stadium_code: SUWON / stadium_name: 수원 KT 위즈파크 / home_team: KT / store_facility: 또리펍 3루점 / floor: 2층 / zone_location: 3루 / map_label: L1 / location_qty: 1
F149,SUWON,수원 KT 위즈파크,KT,땅땅강정,2층,3루,L1,,1,,OFFICIAL,OFFICIAL_GUIDE_MAP,S04,https://www.ktwiz.co.kr/ticket/store,2026-09-04,CONFIRMED,,[수원 KT 위즈 파크] stadium_code: SUWON / stadium_name: 수원 KT 위즈파크 / home_team: KT / store_facility: 땅땅강정 / floor: 2층 / zone_location: 3루 / map_label: L1 / location_qty: 1
F150,SUWON,수원 KT 위즈파크,KT,세븐일레븐 3루점,2층,3루,L1,,1,,OFFICIAL,OFFICIAL_GUIDE_MAP,S04,https://www.ktwiz.co.kr/ticket/store,2026-09-04,CONFIRMED,,[수원 KT 위즈 파크] stadium_code: SUWON / stadium_name: 수원 KT 위즈파크 / home_team: KT / store_facility: 세븐일레븐 3루점 / floor: 2층 / zone_location: 3루 / map_label: L1 / location_qty: 1
F151,SUWON,수원 KT 위즈파크,KT,빅카페 3루점(후면 매장),2층,3루,L1,,1,,OFFICIAL,OFFICIAL_GUIDE_MAP,S04,https://www.ktwiz.co.kr/ticket/store,2026-09-04,CONFIRMED,,[수원 KT 위즈 파크] stadium_code: SUWON / stadium_name: 수원 KT 위즈파크 / home_team: KT / store_facility: 빅카페 3루점(후면 매장) / floor: 2층 / zone_location: 3루 / map_label: L1 / location_qty: 1
F152,SUWON,수원 KT 위즈파크,KT,쉬림프 셰프(후면 매장),2층,3루,L1,,1,,OFFICIAL,OFFICIAL_GUIDE_MAP,S04,https://www.ktwiz.co.kr/ticket/store,2026-09-04,CONFIRMED,,[수원 KT 위즈 파크] stadium_code: SUWON / stadium_name: 수원 KT 위즈파크 / home_team: KT / store_facility: 쉬림프 셰프(후면 매장) / floor: 2층 / zone_location: 3루 / map_label: L1 / location_qty: 1
F153,SUWON,수원 KT 위즈파크,KT,또리펍 내야 3루점,2층,3루,L1,,1,,OFFICIAL,OFFICIAL_GUIDE_MAP,S04,https://www.ktwiz.co.kr/ticket/store,2026-09-04,CONFIRMED,,[수원 KT 위즈 파크] stadium_code: SUWON / stadium_name: 수원 KT 위즈파크 / home_team: KT / store_facility: 또리펍 내야 3루점 / floor: 2층 / zone_location: 3루 / map_label: L1 / location_qty: 1
F154,SUWON,수원 KT 위즈파크,KT,명랑핫도그,2층,3루,L1,,1,,OFFICIAL,OFFICIAL_GUIDE_MAP,S04,https://www.ktwiz.co.kr/ticket/store,2026-09-04,CONFIRMED,,[수원 KT 위즈 파크] stadium_code: SUWON / stadium_name: 수원 KT 위즈파크 / home_team: KT / store_facility: 명랑핫도그 / floor: 2층 / zone_location: 3루 / map_label: L1 / location_qty: 1
F155,SUWON,수원 KT 위즈파크,KT,웍스터,2층,중앙,L2,,1,,OFFICIAL,OFFICIAL_GUIDE_MAP,S04,https://www.ktwiz.co.kr/ticket/store,2026-09-04,CONFIRMED,,[수원 KT 위즈 파크] stadium_code: SUWON / stadium_name: 수원 KT 위즈파크 / home_team: KT / store_facility: 웍스터 / floor: 2층 / zone_location: 중앙 / map_label: L2 / location_qty: 1
F156,SUWON,수원 KT 위즈파크,KT,스트릿츄러스,2층,중앙,L2,,1,,OFFICIAL,OFFICIAL_GUIDE_MAP,S04,https://www.ktwiz.co.kr/ticket/store,2026-09-04,CONFIRMED,,[수원 KT 위즈 파크] stadium_code: SUWON / stadium_name: 수원 KT 위즈파크 / home_team: KT / store_facility: 스트릿츄러스 / floor: 2층 / zone_location: 중앙 / map_label: L2 / location_qty: 1
F157,SUWON,수원 KT 위즈파크,KT,완미족발,2층,중앙,L2,,1,,OFFICIAL,OFFICIAL_GUIDE_MAP,S04,https://www.ktwiz.co.kr/ticket/store,2026-09-04,CONFIRMED,,[수원 KT 위즈 파크] stadium_code: SUWON / stadium_name: 수원 KT 위즈파크 / home_team: KT / store_facility: 완미족발 / floor: 2층 / zone_location: 중앙 / map_label: L2 / location_qty: 1
F158,SUWON,수원 KT 위즈파크,KT,카츄마마,2층,중앙,L2,,1,,OFFICIAL,OFFICIAL_GUIDE_MAP,S04,https://www.ktwiz.co.kr/ticket/store,2026-09-04,CONFIRMED,,[수원 KT 위즈 파크] stadium_code: SUWON / stadium_name: 수원 KT 위즈파크 / home_team: KT / store_facility: 카츄마마 / floor: 2층 / zone_location: 중앙 / map_label: L2 / location_qty: 1
F159,SUWON,수원 KT 위즈파크,KT,메가닭꼬치&닭갈비,2층,중앙,L2,,1,,OFFICIAL,OFFICIAL_GUIDE_MAP,S04,https://www.ktwiz.co.kr/ticket/store,2026-09-04,CONFIRMED,,[수원 KT 위즈 파크] stadium_code: SUWON / stadium_name: 수원 KT 위즈파크 / home_team: KT / store_facility: 메가닭꼬치&닭갈비 / floor: 2층 / zone_location: 중앙 / map_label: L2 / location_qty: 1
F160,SUWON,수원 KT 위즈파크,KT,팝스마일 팝콘,2층,중앙,L2,,1,,OFFICIAL,OFFICIAL_GUIDE_MAP,S04,https://www.ktwiz.co.kr/ticket/store,2026-09-04,CONFIRMED,,[수원 KT 위즈 파크] stadium_code: SUWON / stadium_name: 수원 KT 위즈파크 / home_team: KT / store_facility: 팝스마일 팝콘 / floor: 2층 / zone_location: 중앙 / map_label: L2 / location_qty: 1
F161,SUWON,수원 KT 위즈파크,KT,마성떡볶이&마성스낵,2층,중앙,L1,,1,,OFFICIAL,OFFICIAL_GUIDE_MAP,S04,https://www.ktwiz.co.kr/ticket/store,2026-09-04,CONFIRMED,,[수원 KT 위즈 파크] stadium_code: SUWON / stadium_name: 수원 KT 위즈파크 / home_team: KT / store_facility: 마성떡볶이&마성스낵 / floor: 2층 / zone_location: 중앙 / map_label: L1 / location_qty: 1
F162,SUWON,수원 KT 위즈파크,KT,BHC,2층,중앙,L1,,1,,OFFICIAL,OFFICIAL_GUIDE_MAP,S04,https://www.ktwiz.co.kr/ticket/store,2026-09-04,CONFIRMED,,[수원 KT 위즈 파크] stadium_code: SUWON / stadium_name: 수원 KT 위즈파크 / home_team: KT / store_facility: BHC / floor: 2층 / zone_location: 중앙 / map_label: L1 / location_qty: 1
F163,SUWON,수원 KT 위즈파크,KT,토리메로,2층,중앙,L1,,1,,OFFICIAL,OFFICIAL_GUIDE_MAP,S04,https://www.ktwiz.co.kr/ticket/store,2026-09-04,CONFIRMED,,[수원 KT 위즈 파크] stadium_code: SUWON / stadium_name: 수원 KT 위즈파크 / home_team: KT / store_facility: 토리메로 / floor: 2층 / zone_location: 중앙 / map_label: L1 / location_qty: 1
F164,SUWON,수원 KT 위즈파크,KT,브뤼셀 프라이,2층,중앙,L1,,1,,OFFICIAL,OFFICIAL_GUIDE_MAP,S04,https://www.ktwiz.co.kr/ticket/store,2026-09-04,CONFIRMED,,[수원 KT 위즈 파크] stadium_code: SUWON / stadium_name: 수원 KT 위즈파크 / home_team: KT / store_facility: 브뤼셀 프라이 / floor: 2층 / zone_location: 중앙 / map_label: L1 / location_qty: 1
F165,SUWON,수원 KT 위즈파크,KT,오늘의 초밥,2층,중앙,L1,,1,,OFFICIAL,OFFICIAL_GUIDE_MAP,S04,https://www.ktwiz.co.kr/ticket/store,2026-09-04,CONFIRMED,,[수원 KT 위즈 파크] stadium_code: SUWON / stadium_name: 수원 KT 위즈파크 / home_team: KT / store_facility: 오늘의 초밥 / floor: 2층 / zone_location: 중앙 / map_label: L1 / location_qty: 1
F166,SUWON,수원 KT 위즈파크,KT,정지영커피로스터즈,2층,중앙,L1,,1,,OFFICIAL,OFFICIAL_GUIDE_MAP,S04,https://www.ktwiz.co.kr/ticket/store,2026-09-04,CONFIRMED,,[수원 KT 위즈 파크] stadium_code: SUWON / stadium_name: 수원 KT 위즈파크 / home_team: KT / store_facility: 정지영커피로스터즈 / floor: 2층 / zone_location: 중앙 / map_label: L1 / location_qty: 1
F167,SUWON,수원 KT 위즈파크,KT,본수원갈비,2층,중앙,L1,,1,,OFFICIAL,OFFICIAL_GUIDE_MAP,S04,https://www.ktwiz.co.kr/ticket/store,2026-09-04,CONFIRMED,,[수원 KT 위즈 파크] stadium_code: SUWON / stadium_name: 수원 KT 위즈파크 / home_team: KT / store_facility: 본수원갈비 / floor: 2층 / zone_location: 중앙 / map_label: L1 / location_qty: 1
F168,SUWON,수원 KT 위즈파크,KT,보영만두,2층,중앙,L1,,1,,OFFICIAL,OFFICIAL_GUIDE_MAP,S04,https://www.ktwiz.co.kr/ticket/store,2026-09-04,CONFIRMED,,[수원 KT 위즈 파크] stadium_code: SUWON / stadium_name: 수원 KT 위즈파크 / home_team: KT / store_facility: 보영만두 / floor: 2층 / zone_location: 중앙 / map_label: L1 / location_qty: 1
F169,SUWON,수원 KT 위즈파크,KT,진미통닭,2층,중앙,L1,,1,,OFFICIAL,OFFICIAL_GUIDE_MAP,S04,https://www.ktwiz.co.kr/ticket/store,2026-09-04,CONFIRMED,,[수원 KT 위즈 파크] stadium_code: SUWON / stadium_name: 수원 KT 위즈파크 / home_team: KT / store_facility: 진미통닭 / floor: 2층 / zone_location: 중앙 / map_label: L1 / location_qty: 1
F170,SUWON,수원 KT 위즈파크,KT,요아정,2층,중앙,L1,,1,,OFFICIAL,OFFICIAL_GUIDE_MAP,S04,https://www.ktwiz.co.kr/ticket/store,2026-09-04,CONFIRMED,,[수원 KT 위즈 파크] stadium_code: SUWON / stadium_name: 수원 KT 위즈파크 / home_team: KT / store_facility: 요아정 / floor: 2층 / zone_location: 중앙 / map_label: L1 / location_qty: 1
F171,SUWON,수원 KT 위즈파크,KT,롯데리아,2층,1루,L2,,1,,OFFICIAL,OFFICIAL_GUIDE_MAP,S04,https://www.ktwiz.co.kr/ticket/store,2026-09-04,CONFIRMED,,[수원 KT 위즈 파크] stadium_code: SUWON / stadium_name: 수원 KT 위즈파크 / home_team: KT / store_facility: 롯데리아 / floor: 2층 / zone_location: 1루 / map_label: L2 / location_qty: 1
F172,SUWON,수원 KT 위즈파크,KT,파파존스,2층,1루,L2,,1,,OFFICIAL,OFFICIAL_GUIDE_MAP,S04,https://www.ktwiz.co.kr/ticket/store,2026-09-04,CONFIRMED,,[수원 KT 위즈 파크] stadium_code: SUWON / stadium_name: 수원 KT 위즈파크 / home_team: KT / store_facility: 파파존스 / floor: 2층 / zone_location: 1루 / map_label: L2 / location_qty: 1
F173,SUWON,수원 KT 위즈파크,KT,또리펍 내야 1루점,2층,1루,L1,,1,,OFFICIAL,OFFICIAL_GUIDE_MAP,S04,https://www.ktwiz.co.kr/ticket/store,2026-09-04,CONFIRMED,,[수원 KT 위즈 파크] stadium_code: SUWON / stadium_name: 수원 KT 위즈파크 / home_team: KT / store_facility: 또리펍 내야 1루점 / floor: 2층 / zone_location: 1루 / map_label: L1 / location_qty: 1
F174,SUWON,수원 KT 위즈파크,KT,세븐일레븐 1루점,2층,1루,L1,,1,,OFFICIAL,OFFICIAL_GUIDE_MAP,S04,https://www.ktwiz.co.kr/ticket/store,2026-09-04,CONFIRMED,,[수원 KT 위즈 파크] stadium_code: SUWON / stadium_name: 수원 KT 위즈파크 / home_team: KT / store_facility: 세븐일레븐 1루점 / floor: 2층 / zone_location: 1루 / map_label: L1 / location_qty: 1
F175,SUWON,수원 KT 위즈파크,KT,이대로 통삼겹,2층,1루,L1,,1,,OFFICIAL,OFFICIAL_GUIDE_MAP,S04,https://www.ktwiz.co.kr/ticket/store,2026-09-04,CONFIRMED,,[수원 KT 위즈 파크] stadium_code: SUWON / stadium_name: 수원 KT 위즈파크 / home_team: KT / store_facility: 이대로 통삼겹 / floor: 2층 / zone_location: 1루 / map_label: L1 / location_qty: 1
F176,SUWON,수원 KT 위즈파크,KT,또리펍 1루점,2층,1루,L1,,1,,OFFICIAL,OFFICIAL_GUIDE_MAP,S04,https://www.ktwiz.co.kr/ticket/store,2026-09-04,CONFIRMED,,[수원 KT 위즈 파크] stadium_code: SUWON / stadium_name: 수원 KT 위즈파크 / home_team: KT / store_facility: 또리펍 1루점 / floor: 2층 / zone_location: 1루 / map_label: L1 / location_qty: 1
F177,SUWON,수원 KT 위즈파크,KT,끼부리또(후면 매장),2층,1루,L1,,1,,OFFICIAL,OFFICIAL_GUIDE_MAP,S04,https://www.ktwiz.co.kr/ticket/store,2026-09-04,CONFIRMED,,[수원 KT 위즈 파크] stadium_code: SUWON / stadium_name: 수원 KT 위즈파크 / home_team: KT / store_facility: 끼부리또(후면 매장) / floor: 2층 / zone_location: 1루 / map_label: L1 / location_qty: 1
F178,SUWON,수원 KT 위즈파크,KT,빅카페 1루점(후면 매장),2층,1루,L1,,1,,OFFICIAL,OFFICIAL_GUIDE_MAP,S04,https://www.ktwiz.co.kr/ticket/store,2026-09-04,CONFIRMED,,[수원 KT 위즈 파크] stadium_code: SUWON / stadium_name: 수원 KT 위즈파크 / home_team: KT / store_facility: 빅카페 1루점(후면 매장) / floor: 2층 / zone_location: 1루 / map_label: L1 / location_qty: 1
F179,SUWON,수원 KT 위즈파크,KT,세븐일레븐,1층,,안내도 표기 위치,,1,,OFFICIAL,OFFICIAL_GUIDE_MAP,S04,https://www.ktwiz.co.kr/ticket/store,2026-09-04,CONFIRMED,,[수원 KT 위즈 파크] stadium_code: SUWON / stadium_name: 수원 KT 위즈파크 / home_team: KT / store_facility: 세븐일레븐 / floor: 1층 / map_label: 안내도 표기 위치 / location_qty: 1
F180,SUWON,수원 KT 위즈파크,KT,빅또리카페,1층,,위즈홀 인근,,1,,OFFICIAL,OFFICIAL_GUIDE_MAP,S04,https://www.ktwiz.co.kr/ticket/store,2026-09-04,CONFIRMED,,[수원 KT 위즈 파크] stadium_code: SUWON / stadium_name: 수원 KT 위즈파크 / home_team: KT / store_facility: 빅또리카페 / floor: 1층 / map_label: 위즈홀 인근 / location_qty: 1
F181,SUWON,수원 KT 위즈파크,KT,세븐일레븐,5층,,상단,,1,,OFFICIAL,OFFICIAL_GUIDE_MAP,S04,https://www.ktwiz.co.kr/ticket/store,2026-09-04,CONFIRMED,,[수원 KT 위즈 파크] stadium_code: SUWON / stadium_name: 수원 KT 위즈파크 / home_team: KT / store_facility: 세븐일레븐 / floor: 5층 / map_label: 상단 / location_qty: 1
F182,SUWON,수원 KT 위즈파크,KT,또리펍&빅카페,5층,,좌측,,1,,OFFICIAL,OFFICIAL_GUIDE_MAP,S04,https://www.ktwiz.co.kr/ticket/store,2026-09-04,CONFIRMED,,[수원 KT 위즈 파크] stadium_code: SUWON / stadium_name: 수원 KT 위즈파크 / home_team: KT / store_facility: 또리펍&빅카페 / floor: 5층 / map_label: 좌측 / location_qty: 1
F183,SUWON,수원 KT 위즈파크,KT,세븐일레븐,5층,,좌측,,1,,OFFICIAL,OFFICIAL_GUIDE_MAP,S04,https://www.ktwiz.co.kr/ticket/store,2026-09-04,CONFIRMED,,[수원 KT 위즈 파크] stadium_code: SUWON / stadium_name: 수원 KT 위즈파크 / home_team: KT / store_facility: 세븐일레븐 / floor: 5층 / map_label: 좌측 / location_qty: 1
F184,SUWON,수원 KT 위즈파크,KT,뉴욕양꼬치&쏘쏘사라다,5층,,우측,,1,,OFFICIAL,OFFICIAL_GUIDE_MAP,S04,https://www.ktwiz.co.kr/ticket/store,2026-09-04,CONFIRMED,,[수원 KT 위즈 파크] stadium_code: SUWON / stadium_name: 수원 KT 위즈파크 / home_team: KT / store_facility: 뉴욕양꼬치&쏘쏘사라다 / floor: 5층 / map_label: 우측 / location_qty: 1
F185,SUWON,수원 KT 위즈파크,KT,브뤼셀프라이,5층,,우측,,1,,OFFICIAL,OFFICIAL_GUIDE_MAP,S04,https://www.ktwiz.co.kr/ticket/store,2026-09-04,CONFIRMED,,[수원 KT 위즈 파크] stadium_code: SUWON / stadium_name: 수원 KT 위즈파크 / home_team: KT / store_facility: 브뤼셀프라이 / floor: 5층 / map_label: 우측 / location_qty: 1
F186,SUWON,수원 KT 위즈파크,KT,또리펍&빅카페,5층,,우측,,1,,OFFICIAL,OFFICIAL_GUIDE_MAP,S04,https://www.ktwiz.co.kr/ticket/store,2026-09-04,CONFIRMED,,[수원 KT 위즈 파크] stadium_code: SUWON / stadium_name: 수원 KT 위즈파크 / home_team: KT / store_facility: 또리펍&빅카페 / floor: 5층 / map_label: 우측 / location_qty: 1
F187,SUWON,수원 KT 위즈파크,KT,세븐일레븐,5층,,하단,,1,,OFFICIAL,OFFICIAL_GUIDE_MAP,S04,https://www.ktwiz.co.kr/ticket/store,2026-09-04,CONFIRMED,,[수원 KT 위즈 파크] stadium_code: SUWON / stadium_name: 수원 KT 위즈파크 / home_team: KT / store_facility: 세븐일레븐 / floor: 5층 / map_label: 하단 / location_qty: 1
F188,GWANGJU,광주-기아 챔피언스필드,KIA,CU,3층,1루,,편의점,1,,OFFICIAL,OFFICIAL_GUIDE_MAP,S07,https://tigers.co.kr/tigers/champions-field/facility-guide,2026-09-04,CONFIRMED,,[광주-KIA 챔피언스 필드] stadium_code: GWANGJU / stadium_name: 광주-기아 챔피언스필드 / home_team: KIA / store_facility: CU / floor: 3층 / zone_location: 1루 / menu_category_official: 편의점 / location_qty: 1
F189,GWANGJU,광주-기아 챔피언스필드,KIA,CU,3층,3루,,편의점,1,,OFFICIAL,OFFICIAL_GUIDE_MAP,S07,https://tigers.co.kr/tigers/champions-field/facility-guide,2026-09-04,CONFIRMED,,[광주-KIA 챔피언스 필드] stadium_code: GWANGJU / stadium_name: 광주-기아 챔피언스필드 / home_team: KIA / store_facility: CU / floor: 3층 / zone_location: 3루 / menu_category_official: 편의점 / location_qty: 1
F190,GWANGJU,광주-기아 챔피언스필드,KIA,CU,5층,3루,,편의점,1,,OFFICIAL,OFFICIAL_GUIDE_MAP,S07,https://tigers.co.kr/tigers/champions-field/facility-guide,2026-09-04,CONFIRMED,,[광주-KIA 챔피언스 필드] stadium_code: GWANGJU / stadium_name: 광주-기아 챔피언스필드 / home_team: KIA / store_facility: CU / floor: 5층 / zone_location: 3루 / menu_category_official: 편의점 / location_qty: 1
F191,GWANGJU,광주-기아 챔피언스필드,KIA,CU,,외야,,편의점,1,,OFFICIAL,OFFICIAL_GUIDE_MAP,S07,https://tigers.co.kr/tigers/champions-field/facility-guide,2026-09-04,CONFIRMED,,[광주-KIA 챔피언스 필드] stadium_code: GWANGJU / stadium_name: 광주-기아 챔피언스필드 / home_team: KIA / store_facility: CU / zone_location: 외야 / menu_category_official: 편의점 / location_qty: 1
F192,GWANGJU,광주-기아 챔피언스필드,KIA,CU,,8출입구 옆,,편의점,1,,OFFICIAL,OFFICIAL_GUIDE_MAP,S07,https://tigers.co.kr/tigers/champions-field/facility-guide,2026-09-04,CONFIRMED,,[광주-KIA 챔피언스 필드] stadium_code: GWANGJU / stadium_name: 광주-기아 챔피언스필드 / home_team: KIA / store_facility: CU / zone_location: 8출입구 옆 / menu_category_official: 편의점 / location_qty: 1
F193,GWANGJU,광주-기아 챔피언스필드,KIA,BHC,3층,1루,,치킨,1,,OFFICIAL,OFFICIAL_GUIDE_MAP,S07,https://tigers.co.kr/tigers/champions-field/facility-guide,2026-09-04,CONFIRMED,,[광주-KIA 챔피언스 필드] stadium_code: GWANGJU / stadium_name: 광주-기아 챔피언스필드 / home_team: KIA / store_facility: BHC / floor: 3층 / zone_location: 1루 / menu_category_official: 치킨 / location_qty: 1
F194,GWANGJU,광주-기아 챔피언스필드,KIA,BHC,3층,3루,,치킨,1,,OFFICIAL,OFFICIAL_GUIDE_MAP,S07,https://tigers.co.kr/tigers/champions-field/facility-guide,2026-09-04,CONFIRMED,,[광주-KIA 챔피언스 필드] stadium_code: GWANGJU / stadium_name: 광주-기아 챔피언스필드 / home_team: KIA / store_facility: BHC / floor: 3층 / zone_location: 3루 / menu_category_official: 치킨 / location_qty: 1
F195,GWANGJU,광주-기아 챔피언스필드,KIA,BHC,5층,1루,,치킨,1,,OFFICIAL,OFFICIAL_GUIDE_MAP,S07,https://tigers.co.kr/tigers/champions-field/facility-guide,2026-09-04,CONFIRMED,,[광주-KIA 챔피언스 필드] stadium_code: GWANGJU / stadium_name: 광주-기아 챔피언스필드 / home_team: KIA / store_facility: BHC / floor: 5층 / zone_location: 1루 / menu_category_official: 치킨 / location_qty: 1
F196,GWANGJU,광주-기아 챔피언스필드,KIA,원샷치킨,,1루 클럽라운지,,치킨,1,,OFFICIAL,OFFICIAL_GUIDE_MAP,S07,https://tigers.co.kr/tigers/champions-field/facility-guide,2026-09-04,CONFIRMED,,[광주-KIA 챔피언스 필드] stadium_code: GWANGJU / stadium_name: 광주-기아 챔피언스필드 / home_team: KIA / store_facility: 원샷치킨 / zone_location: 1루 클럽라운지 / menu_category_official: 치킨 / location_qty: 1
F197,GWANGJU,광주-기아 챔피언스필드,KIA,원샷치킨,,3루 클럽라운지,,치킨,1,,OFFICIAL,OFFICIAL_GUIDE_MAP,S07,https://tigers.co.kr/tigers/champions-field/facility-guide,2026-09-04,CONFIRMED,,[광주-KIA 챔피언스 필드] stadium_code: GWANGJU / stadium_name: 광주-기아 챔피언스필드 / home_team: KIA / store_facility: 원샷치킨 / zone_location: 3루 클럽라운지 / menu_category_official: 치킨 / location_qty: 1
F198,GWANGJU,광주-기아 챔피언스필드,KIA,원샷치킨,3층,3루,,치킨,1,,OFFICIAL,OFFICIAL_GUIDE_MAP,S07,https://tigers.co.kr/tigers/champions-field/facility-guide,2026-09-04,CONFIRMED,,[광주-KIA 챔피언스 필드] stadium_code: GWANGJU / stadium_name: 광주-기아 챔피언스필드 / home_team: KIA / store_facility: 원샷치킨 / floor: 3층 / zone_location: 3루 / menu_category_official: 치킨 / location_qty: 1
F199,GWANGJU,광주-기아 챔피언스필드,KIA,프랭크버거,,3루 클럽라운지,,햄버거,1,,OFFICIAL,OFFICIAL_GUIDE_MAP,S07,https://tigers.co.kr/tigers/champions-field/facility-guide,2026-09-04,CONFIRMED,,[광주-KIA 챔피언스 필드] stadium_code: GWANGJU / stadium_name: 광주-기아 챔피언스필드 / home_team: KIA / store_facility: 프랭크버거 / zone_location: 3루 클럽라운지 / menu_category_official: 햄버거 / location_qty: 1
F200,GWANGJU,광주-기아 챔피언스필드,KIA,프랭크버거,3층,1루,,햄버거,1,,OFFICIAL,OFFICIAL_GUIDE_MAP,S07,https://tigers.co.kr/tigers/champions-field/facility-guide,2026-09-04,CONFIRMED,,[광주-KIA 챔피언스 필드] stadium_code: GWANGJU / stadium_name: 광주-기아 챔피언스필드 / home_team: KIA / store_facility: 프랭크버거 / floor: 3층 / zone_location: 1루 / menu_category_official: 햄버거 / location_qty: 1
F201,GWANGJU,광주-기아 챔피언스필드,KIA,요아정,3층,3루,,요거트 아이스크림,1,,OFFICIAL,OFFICIAL_GUIDE_MAP,S07,https://tigers.co.kr/tigers/champions-field/facility-guide,2026-09-04,CONFIRMED,,[광주-KIA 챔피언스 필드] stadium_code: GWANGJU / stadium_name: 광주-기아 챔피언스필드 / home_team: KIA / store_facility: 요아정 / floor: 3층 / zone_location: 3루 / menu_category_official: 요거트 아이스크림 / location_qty: 1
F202,GWANGJU,광주-기아 챔피언스필드,KIA,XOXO핫도그,3층,1루,,핫도그,1,,OFFICIAL,OFFICIAL_GUIDE_MAP,S07,https://tigers.co.kr/tigers/champions-field/facility-guide,2026-09-04,CONFIRMED,,[광주-KIA 챔피언스 필드] stadium_code: GWANGJU / stadium_name: 광주-기아 챔피언스필드 / home_team: KIA / store_facility: XOXO핫도그 / floor: 3층 / zone_location: 1루 / menu_category_official: 핫도그 / location_qty: 1
F203,GWANGJU,광주-기아 챔피언스필드,KIA,XOXO핫도그,,1루 클럽라운지,,핫도그,1,,OFFICIAL,OFFICIAL_GUIDE_MAP,S07,https://tigers.co.kr/tigers/champions-field/facility-guide,2026-09-04,CONFIRMED,,[광주-KIA 챔피언스 필드] stadium_code: GWANGJU / stadium_name: 광주-기아 챔피언스필드 / home_team: KIA / store_facility: XOXO핫도그 / zone_location: 1루 클럽라운지 / menu_category_official: 핫도그 / location_qty: 1
F204,GWANGJU,광주-기아 챔피언스필드,KIA,파파존스,3층,1루,,피자,1,,OFFICIAL,OFFICIAL_GUIDE_MAP,S07,https://tigers.co.kr/tigers/champions-field/facility-guide,2026-09-04,CONFIRMED,,[광주-KIA 챔피언스 필드] stadium_code: GWANGJU / stadium_name: 광주-기아 챔피언스필드 / home_team: KIA / store_facility: 파파존스 / floor: 3층 / zone_location: 1루 / menu_category_official: 피자 / location_qty: 1
F205,GWANGJU,광주-기아 챔피언스필드,KIA,파파존스,5층,3루,,피자,1,,OFFICIAL,OFFICIAL_GUIDE_MAP,S07,https://tigers.co.kr/tigers/champions-field/facility-guide,2026-09-04,CONFIRMED,,[광주-KIA 챔피언스 필드] stadium_code: GWANGJU / stadium_name: 광주-기아 챔피언스필드 / home_team: KIA / store_facility: 파파존스 / floor: 5층 / zone_location: 3루 / menu_category_official: 피자 / location_qty: 1
F206,GWANGJU,광주-기아 챔피언스필드,KIA,자문밖,,1루 클럽라운지,,한식,1,,OFFICIAL,OFFICIAL_GUIDE_MAP,S07,https://tigers.co.kr/tigers/champions-field/facility-guide,2026-09-04,CONFIRMED,,[광주-KIA 챔피언스 필드] stadium_code: GWANGJU / stadium_name: 광주-기아 챔피언스필드 / home_team: KIA / store_facility: 자문밖 / zone_location: 1루 클럽라운지 / menu_category_official: 한식 / location_qty: 1
F207,GWANGJU,광주-기아 챔피언스필드,KIA,자문밖,,3루 클럽라운지,,한식,1,,OFFICIAL,OFFICIAL_GUIDE_MAP,S07,https://tigers.co.kr/tigers/champions-field/facility-guide,2026-09-04,CONFIRMED,,[광주-KIA 챔피언스 필드] stadium_code: GWANGJU / stadium_name: 광주-기아 챔피언스필드 / home_team: KIA / store_facility: 자문밖 / zone_location: 3루 클럽라운지 / menu_category_official: 한식 / location_qty: 1
F208,GWANGJU,광주-기아 챔피언스필드,KIA,스트릿츄러스,3층,1루,,츄러스,1,,OFFICIAL,OFFICIAL_GUIDE_MAP,S07,https://tigers.co.kr/tigers/champions-field/facility-guide,2026-09-04,CONFIRMED,,[광주-KIA 챔피언스 필드] stadium_code: GWANGJU / stadium_name: 광주-기아 챔피언스필드 / home_team: KIA / store_facility: 스트릿츄러스 / floor: 3층 / zone_location: 1루 / menu_category_official: 츄러스 / location_qty: 1
F209,GWANGJU,광주-기아 챔피언스필드,KIA,스트릿츄러스,3층,3루,,츄러스,1,,OFFICIAL,OFFICIAL_GUIDE_MAP,S07,https://tigers.co.kr/tigers/champions-field/facility-guide,2026-09-04,CONFIRMED,,[광주-KIA 챔피언스 필드] stadium_code: GWANGJU / stadium_name: 광주-기아 챔피언스필드 / home_team: KIA / store_facility: 스트릿츄러스 / floor: 3층 / zone_location: 3루 / menu_category_official: 츄러스 / location_qty: 1
F210,GWANGJU,광주-기아 챔피언스필드,KIA,갑타떡볶이,3층,1루,,떡볶이,1,,OFFICIAL,OFFICIAL_GUIDE_MAP,S07,https://tigers.co.kr/tigers/champions-field/facility-guide,2026-09-04,CONFIRMED,,[광주-KIA 챔피언스 필드] stadium_code: GWANGJU / stadium_name: 광주-기아 챔피언스필드 / home_team: KIA / store_facility: 갑타떡볶이 / floor: 3층 / zone_location: 1루 / menu_category_official: 떡볶이 / location_qty: 1
F211,GWANGJU,광주-기아 챔피언스필드,KIA,갑타떡볶이,3층,3루,,떡볶이,1,,OFFICIAL,OFFICIAL_GUIDE_MAP,S07,https://tigers.co.kr/tigers/champions-field/facility-guide,2026-09-04,CONFIRMED,,[광주-KIA 챔피언스 필드] stadium_code: GWANGJU / stadium_name: 광주-기아 챔피언스필드 / home_team: KIA / store_facility: 갑타떡볶이 / floor: 3층 / zone_location: 3루 / menu_category_official: 떡볶이 / location_qty: 1
F212,GWANGJU,광주-기아 챔피언스필드,KIA,갑타떡볶이,5층,3루,,떡볶이,1,,OFFICIAL,OFFICIAL_GUIDE_MAP,S07,https://tigers.co.kr/tigers/champions-field/facility-guide,2026-09-04,CONFIRMED,,[광주-KIA 챔피언스 필드] stadium_code: GWANGJU / stadium_name: 광주-기아 챔피언스필드 / home_team: KIA / store_facility: 갑타떡볶이 / floor: 5층 / zone_location: 3루 / menu_category_official: 떡볶이 / location_qty: 1
F213,GWANGJU,광주-기아 챔피언스필드,KIA,스테이션,3층,1루,,크림새우,1,,OFFICIAL,OFFICIAL_GUIDE_MAP,S07,https://tigers.co.kr/tigers/champions-field/facility-guide,2026-09-04,CONFIRMED,,[광주-KIA 챔피언스 필드] stadium_code: GWANGJU / stadium_name: 광주-기아 챔피언스필드 / home_team: KIA / store_facility: 스테이션 / floor: 3층 / zone_location: 1루 / menu_category_official: 크림새우 / location_qty: 1
F214,GWANGJU,광주-기아 챔피언스필드,KIA,타코잇,,1루 클럽라운지,,타코,1,,OFFICIAL,OFFICIAL_GUIDE_MAP,S07,https://tigers.co.kr/tigers/champions-field/facility-guide,2026-09-04,CONFIRMED,,[광주-KIA 챔피언스 필드] stadium_code: GWANGJU / stadium_name: 광주-기아 챔피언스필드 / home_team: KIA / store_facility: 타코잇 / zone_location: 1루 클럽라운지 / menu_category_official: 타코 / location_qty: 1
F215,GWANGJU,광주-기아 챔피언스필드,KIA,타코잇,3층,3루,,타코,1,,OFFICIAL,OFFICIAL_GUIDE_MAP,S07,https://tigers.co.kr/tigers/champions-field/facility-guide,2026-09-04,CONFIRMED,,[광주-KIA 챔피언스 필드] stadium_code: GWANGJU / stadium_name: 광주-기아 챔피언스필드 / home_team: KIA / store_facility: 타코잇 / floor: 3층 / zone_location: 3루 / menu_category_official: 타코 / location_qty: 1
F216,GWANGJU,광주-기아 챔피언스필드,KIA,보영만두,3층,클럽라운지,,만두,1,,OFFICIAL,OFFICIAL_GUIDE_MAP,S07,https://tigers.co.kr/tigers/champions-field/facility-guide,2026-09-04,CONFIRMED,,[광주-KIA 챔피언스 필드] stadium_code: GWANGJU / stadium_name: 광주-기아 챔피언스필드 / home_team: KIA / store_facility: 보영만두 / floor: 3층 / zone_location: 클럽라운지 / menu_category_official: 만두 / location_qty: 1
F217,GWANGJU,광주-기아 챔피언스필드,KIA,보영만두,3층,3루,,만두,1,,OFFICIAL,OFFICIAL_GUIDE_MAP,S07,https://tigers.co.kr/tigers/champions-field/facility-guide,2026-09-04,CONFIRMED,,[광주-KIA 챔피언스 필드] stadium_code: GWANGJU / stadium_name: 광주-기아 챔피언스필드 / home_team: KIA / store_facility: 보영만두 / floor: 3층 / zone_location: 3루 / menu_category_official: 만두 / location_qty: 1
F218,SAJIK,사직야구장,LOTTE,스탠브루,1층(외부),,안내도 1번,,1,,OFFICIAL,OFFICIAL_GUIDE_MAP,S08,https://www.giantsclub.com/html/?pcode=909,2026-09-04,CONFIRMED,,[사직야구장] stadium_code: SAJIK / stadium_name: 사직야구장 / home_team: LOTTE / store_facility: 스탠브루 / floor: 1층(외부) / map_label: 안내도 1번 / location_qty: 1
F219,SAJIK,사직야구장,LOTTE,세븐일레븐,1층(외부),,안내도 2번,,1,,OFFICIAL,OFFICIAL_GUIDE_MAP,S08,https://www.giantsclub.com/html/?pcode=909,2026-09-04,CONFIRMED,,[사직야구장] stadium_code: SAJIK / stadium_name: 사직야구장 / home_team: LOTTE / store_facility: 세븐일레븐 / floor: 1층(외부) / map_label: 안내도 2번 / location_qty: 1
F220,SAJIK,사직야구장,LOTTE,땅땅치킨,1층(외부),,안내도 3번,,1,,OFFICIAL,OFFICIAL_GUIDE_MAP,S08,https://www.giantsclub.com/html/?pcode=909,2026-09-04,CONFIRMED,,[사직야구장] stadium_code: SAJIK / stadium_name: 사직야구장 / home_team: LOTTE / store_facility: 땅땅치킨 / floor: 1층(외부) / map_label: 안내도 3번 / location_qty: 1
F221,SAJIK,사직야구장,LOTTE,세븐일레븐,2층,,안내도 4번,,1,,OFFICIAL,OFFICIAL_GUIDE_MAP,S08,https://www.giantsclub.com/html/?pcode=909,2026-09-04,CONFIRMED,,[사직야구장] stadium_code: SAJIK / stadium_name: 사직야구장 / home_team: LOTTE / store_facility: 세븐일레븐 / floor: 2층 / map_label: 안내도 4번 / location_qty: 1
F222,SAJIK,사직야구장,LOTTE,동래라거,2층,,안내도 5번,,1,,OFFICIAL,OFFICIAL_GUIDE_MAP,S08,https://www.giantsclub.com/html/?pcode=909,2026-09-04,CONFIRMED,,[사직야구장] stadium_code: SAJIK / stadium_name: 사직야구장 / home_team: LOTTE / store_facility: 동래라거 / floor: 2층 / map_label: 안내도 5번 / location_qty: 1
F223,SAJIK,사직야구장,LOTTE,밀락당,2층,,안내도 6번,,1,,OFFICIAL,OFFICIAL_GUIDE_MAP,S08,https://www.giantsclub.com/html/?pcode=909,2026-09-04,CONFIRMED,,[사직야구장] stadium_code: SAJIK / stadium_name: 사직야구장 / home_team: LOTTE / store_facility: 밀락당 / floor: 2층 / map_label: 안내도 6번 / location_qty: 1
F224,SAJIK,사직야구장,LOTTE,가온밀면,2층,,안내도 7번,,1,,OFFICIAL,OFFICIAL_GUIDE_MAP,S08,https://www.giantsclub.com/html/?pcode=909,2026-09-04,CONFIRMED,,[사직야구장] stadium_code: SAJIK / stadium_name: 사직야구장 / home_team: LOTTE / store_facility: 가온밀면 / floor: 2층 / map_label: 안내도 7번 / location_qty: 1
F225,SAJIK,사직야구장,LOTTE,반할크림새우,2층,,안내도 8번,,1,,OFFICIAL,OFFICIAL_GUIDE_MAP,S08,https://www.giantsclub.com/html/?pcode=909,2026-09-04,CONFIRMED,,[사직야구장] stadium_code: SAJIK / stadium_name: 사직야구장 / home_team: LOTTE / store_facility: 반할크림새우 / floor: 2층 / map_label: 안내도 8번 / location_qty: 1
F226,SAJIK,사직야구장,LOTTE,파파존스,2층,,안내도 9번,,1,,OFFICIAL,OFFICIAL_GUIDE_MAP,S08,https://www.giantsclub.com/html/?pcode=909,2026-09-04,CONFIRMED,,[사직야구장] stadium_code: SAJIK / stadium_name: 사직야구장 / home_team: LOTTE / store_facility: 파파존스 / floor: 2층 / map_label: 안내도 9번 / location_qty: 1
F227,SAJIK,사직야구장,LOTTE,크리스피크림,2층,,안내도 10번,,1,,OFFICIAL,OFFICIAL_GUIDE_MAP,S08,https://www.giantsclub.com/html/?pcode=909,2026-09-04,CONFIRMED,,[사직야구장] stadium_code: SAJIK / stadium_name: 사직야구장 / home_team: LOTTE / store_facility: 크리스피크림 / floor: 2층 / map_label: 안내도 10번 / location_qty: 1
F228,SAJIK,사직야구장,LOTTE,남도포차,2층,,안내도 11번,,1,,OFFICIAL,OFFICIAL_GUIDE_MAP,S08,https://www.giantsclub.com/html/?pcode=909,2026-09-04,CONFIRMED,,[사직야구장] stadium_code: SAJIK / stadium_name: 사직야구장 / home_team: LOTTE / store_facility: 남도포차 / floor: 2층 / map_label: 안내도 11번 / location_qty: 1
F229,SAJIK,사직야구장,LOTTE,땅땅치킨,2층,,안내도 12번,,1,,OFFICIAL,OFFICIAL_GUIDE_MAP,S08,https://www.giantsclub.com/html/?pcode=909,2026-09-04,CONFIRMED,,[사직야구장] stadium_code: SAJIK / stadium_name: 사직야구장 / home_team: LOTTE / store_facility: 땅땅치킨 / floor: 2층 / map_label: 안내도 12번 / location_qty: 1
F230,SAJIK,사직야구장,LOTTE,세븐일레븐,2층,,안내도 13번,,1,,OFFICIAL,OFFICIAL_GUIDE_MAP,S08,https://www.giantsclub.com/html/?pcode=909,2026-09-04,CONFIRMED,,[사직야구장] stadium_code: SAJIK / stadium_name: 사직야구장 / home_team: LOTTE / store_facility: 세븐일레븐 / floor: 2층 / map_label: 안내도 13번 / location_qty: 1
F231,SAJIK,사직야구장,LOTTE,상하이마라꼬치,2층,,안내도 14번,,1,,OFFICIAL,OFFICIAL_GUIDE_MAP,S08,https://www.giantsclub.com/html/?pcode=909,2026-09-04,CONFIRMED,,[사직야구장] stadium_code: SAJIK / stadium_name: 사직야구장 / home_team: LOTTE / store_facility: 상하이마라꼬치 / floor: 2층 / map_label: 안내도 14번 / location_qty: 1
F232,SAJIK,사직야구장,LOTTE,코카모메,2층,,안내도 15번,,1,,OFFICIAL,OFFICIAL_GUIDE_MAP,S08,https://www.giantsclub.com/html/?pcode=909,2026-09-04,CONFIRMED,,[사직야구장] stadium_code: SAJIK / stadium_name: 사직야구장 / home_team: LOTTE / store_facility: 코카모메 / floor: 2층 / map_label: 안내도 15번 / location_qty: 1
F233,SAJIK,사직야구장,LOTTE,보영만두,2층,,안내도 16번,,1,,OFFICIAL,OFFICIAL_GUIDE_MAP,S08,https://www.giantsclub.com/html/?pcode=909,2026-09-04,CONFIRMED,,[사직야구장] stadium_code: SAJIK / stadium_name: 사직야구장 / home_team: LOTTE / store_facility: 보영만두 / floor: 2층 / map_label: 안내도 16번 / location_qty: 1
F234,SAJIK,사직야구장,LOTTE,반할크림새우,2층,,안내도 17번,,1,,OFFICIAL,OFFICIAL_GUIDE_MAP,S08,https://www.giantsclub.com/html/?pcode=909,2026-09-04,CONFIRMED,,[사직야구장] stadium_code: SAJIK / stadium_name: 사직야구장 / home_team: LOTTE / store_facility: 반할크림새우 / floor: 2층 / map_label: 안내도 17번 / location_qty: 1
F235,SAJIK,사직야구장,LOTTE,보영만두,2층,,안내도 18번,,1,,OFFICIAL,OFFICIAL_GUIDE_MAP,S08,https://www.giantsclub.com/html/?pcode=909,2026-09-04,CONFIRMED,,[사직야구장] stadium_code: SAJIK / stadium_name: 사직야구장 / home_team: LOTTE / store_facility: 보영만두 / floor: 2층 / map_label: 안내도 18번 / location_qty: 1
F236,SAJIK,사직야구장,LOTTE,계란빵클럽,2층,,안내도 19번,,1,,OFFICIAL,OFFICIAL_GUIDE_MAP,S08,https://www.giantsclub.com/html/?pcode=909,2026-09-04,CONFIRMED,,[사직야구장] stadium_code: SAJIK / stadium_name: 사직야구장 / home_team: LOTTE / store_facility: 계란빵클럽 / floor: 2층 / map_label: 안내도 19번 / location_qty: 1
F237,SAJIK,사직야구장,LOTTE,다리집,2층,,안내도 20번,,1,,OFFICIAL,OFFICIAL_GUIDE_MAP,S08,https://www.giantsclub.com/html/?pcode=909,2026-09-04,CONFIRMED,,[사직야구장] stadium_code: SAJIK / stadium_name: 사직야구장 / home_team: LOTTE / store_facility: 다리집 / floor: 2층 / map_label: 안내도 20번 / location_qty: 1
F238,SAJIK,사직야구장,LOTTE,세븐일레븐,2층,,안내도 21번,,1,,OFFICIAL,OFFICIAL_GUIDE_MAP,S08,https://www.giantsclub.com/html/?pcode=909,2026-09-04,CONFIRMED,,[사직야구장] stadium_code: SAJIK / stadium_name: 사직야구장 / home_team: LOTTE / store_facility: 세븐일레븐 / floor: 2층 / map_label: 안내도 21번 / location_qty: 1
F239,SAJIK,사직야구장,LOTTE,스테프핫도그,3층,,안내도 22번,,1,,OFFICIAL,OFFICIAL_GUIDE_MAP,S08,https://www.giantsclub.com/html/?pcode=909,2026-09-04,CONFIRMED,,[사직야구장] stadium_code: SAJIK / stadium_name: 사직야구장 / home_team: LOTTE / store_facility: 스테프핫도그 / floor: 3층 / map_label: 안내도 22번 / location_qty: 1
F240,SAJIK,사직야구장,LOTTE,세븐일레븐,3층,,안내도 23번,,1,,OFFICIAL,OFFICIAL_GUIDE_MAP,S08,https://www.giantsclub.com/html/?pcode=909,2026-09-04,CONFIRMED,,[사직야구장] stadium_code: SAJIK / stadium_name: 사직야구장 / home_team: LOTTE / store_facility: 세븐일레븐 / floor: 3층 / map_label: 안내도 23번 / location_qty: 1
F241,SAJIK,사직야구장,LOTTE,땅땅치킨,3층,,안내도 24번,,1,,OFFICIAL,OFFICIAL_GUIDE_MAP,S08,https://www.giantsclub.com/html/?pcode=909,2026-09-04,CONFIRMED,,[사직야구장] stadium_code: SAJIK / stadium_name: 사직야구장 / home_team: LOTTE / store_facility: 땅땅치킨 / floor: 3층 / map_label: 안내도 24번 / location_qty: 1
F242,SAJIK,사직야구장,LOTTE,심바다,3층,,안내도 25번,,1,,OFFICIAL,OFFICIAL_GUIDE_MAP,S08,https://www.giantsclub.com/html/?pcode=909,2026-09-04,CONFIRMED,2026 사직 F&B 지도 전사 오류 수정: '실바나'→'심바다' (최종 QA 대조),[사직야구장] stadium_code: SAJIK / stadium_name: 사직야구장 / home_team: LOTTE / store_facility: 심바다 / floor: 3층 / map_label: 안내도 25번 / location_qty: 1 / notes: 2026 사직 F&B 지도 전사 오류 수정: '실바나'→'심바다' (최종 QA 대조)
F243,SAJIK,사직야구장,LOTTE,트레져스,3층,,안내도 26번,,1,,OFFICIAL,OFFICIAL_GUIDE_MAP,S08,https://www.giantsclub.com/html/?pcode=909,2026-09-04,CONFIRMED,,[사직야구장] stadium_code: SAJIK / stadium_name: 사직야구장 / home_team: LOTTE / store_facility: 트레져스 / floor: 3층 / map_label: 안내도 26번 / location_qty: 1
F244,SAJIK,사직야구장,LOTTE,버거샵,3층,,안내도 27번,,1,,OFFICIAL,OFFICIAL_GUIDE_MAP,S08,https://www.giantsclub.com/html/?pcode=909,2026-09-04,CONFIRMED,,[사직야구장] stadium_code: SAJIK / stadium_name: 사직야구장 / home_team: LOTTE / store_facility: 버거샵 / floor: 3층 / map_label: 안내도 27번 / location_qty: 1
F245,SAJIK,사직야구장,LOTTE,박수식당,3층,,안내도 28번,,1,,OFFICIAL,OFFICIAL_GUIDE_MAP,S08,https://www.giantsclub.com/html/?pcode=909,2026-09-04,CONFIRMED,,[사직야구장] stadium_code: SAJIK / stadium_name: 사직야구장 / home_team: LOTTE / store_facility: 박수식당 / floor: 3층 / map_label: 안내도 28번 / location_qty: 1
F246,SAJIK,사직야구장,LOTTE,포도X베이커스,3층,,안내도 29번,,1,,OFFICIAL,OFFICIAL_GUIDE_MAP,S08,https://www.giantsclub.com/html/?pcode=909,2026-09-04,CONFIRMED,,[사직야구장] stadium_code: SAJIK / stadium_name: 사직야구장 / home_team: LOTTE / store_facility: 포도X베이커스 / floor: 3층 / map_label: 안내도 29번 / location_qty: 1
F247,SAJIK,사직야구장,LOTTE,송헌집,3층,,안내도 30번,,1,,OFFICIAL,OFFICIAL_GUIDE_MAP,S08,https://www.giantsclub.com/html/?pcode=909,2026-09-04,CONFIRMED,2026 사직 F&B 지도 전사 오류 수정: '송현집'→'송헌집' (2026 입점 브랜드 교차검증),[사직야구장] stadium_code: SAJIK / stadium_name: 사직야구장 / home_team: LOTTE / store_facility: 송헌집 / floor: 3층 / map_label: 안내도 30번 / location_qty: 1 / notes: 2026 사직 F&B 지도 전사 오류 수정: '송현집'→'송헌집' (2026 입점 브랜드 교차검증)
F248,SAJIK,사직야구장,LOTTE,다리집,3층,,안내도 31번,,1,,OFFICIAL,OFFICIAL_GUIDE_MAP,S08,https://www.giantsclub.com/html/?pcode=909,2026-09-04,CONFIRMED,,[사직야구장] stadium_code: SAJIK / stadium_name: 사직야구장 / home_team: LOTTE / store_facility: 다리집 / floor: 3층 / map_label: 안내도 31번 / location_qty: 1
F249,SAJIK,사직야구장,LOTTE,정선수제닭강정,3층,,안내도 32번,,1,,OFFICIAL,OFFICIAL_GUIDE_MAP,S08,https://www.giantsclub.com/html/?pcode=909,2026-09-04,CONFIRMED,,[사직야구장] stadium_code: SAJIK / stadium_name: 사직야구장 / home_team: LOTTE / store_facility: 정선수제닭강정 / floor: 3층 / map_label: 안내도 32번 / location_qty: 1
F250,SAJIK,사직야구장,LOTTE,동래라거,3층,,안내도 33번,,1,,OFFICIAL,OFFICIAL_GUIDE_MAP,S08,https://www.giantsclub.com/html/?pcode=909,2026-09-04,CONFIRMED,,[사직야구장] stadium_code: SAJIK / stadium_name: 사직야구장 / home_team: LOTTE / store_facility: 동래라거 / floor: 3층 / map_label: 안내도 33번 / location_qty: 1
F251,SAJIK,사직야구장,LOTTE,프루토프루타,3층,,안내도 34번,,1,,OFFICIAL,OFFICIAL_GUIDE_MAP,S08,https://www.giantsclub.com/html/?pcode=909,2026-09-04,CONFIRMED,,[사직야구장] stadium_code: SAJIK / stadium_name: 사직야구장 / home_team: LOTTE / store_facility: 프루토프루타 / floor: 3층 / map_label: 안내도 34번 / location_qty: 1
F252,SAJIK,사직야구장,LOTTE,남도포차,4층,,안내도 35번,,1,,OFFICIAL,OFFICIAL_GUIDE_MAP,S08,https://www.giantsclub.com/html/?pcode=909,2026-09-04,CONFIRMED,,[사직야구장] stadium_code: SAJIK / stadium_name: 사직야구장 / home_team: LOTTE / store_facility: 남도포차 / floor: 4층 / map_label: 안내도 35번 / location_qty: 1
F253,SAJIK,사직야구장,LOTTE,세븐일레븐,4층,,안내도 36번,,1,,OFFICIAL,OFFICIAL_GUIDE_MAP,S08,https://www.giantsclub.com/html/?pcode=909,2026-09-04,CONFIRMED,,[사직야구장] stadium_code: SAJIK / stadium_name: 사직야구장 / home_team: LOTTE / store_facility: 세븐일레븐 / floor: 4층 / map_label: 안내도 36번 / location_qty: 1
F254,CHANGWON,창원 NC파크,NC,요거트월드,1층,GATE 1 인근,,,1,,OFFICIAL,OFFICIAL_GUIDE_MAP,S11,https://www.ncdinos.com/dinos/stadium.do,2026-09-04,CONFIRMED,,[창원 NC 파크] stadium_code: CHANGWON / stadium_name: 창원 NC파크 / home_team: NC / store_facility: 요거트월드 / floor: 1층 / zone_location: GATE 1 인근 / location_qty: 1
F255,CHANGWON,창원 NC파크,NC,상하이 마라꼬치,1층,GATE 1 인근,,,1,,OFFICIAL,OFFICIAL_GUIDE_MAP,S11,https://www.ncdinos.com/dinos/stadium.do,2026-09-04,CONFIRMED,,[창원 NC 파크] stadium_code: CHANGWON / stadium_name: 창원 NC파크 / home_team: NC / store_facility: 상하이 마라꼬치 / floor: 1층 / zone_location: GATE 1 인근 / location_qty: 1
F256,CHANGWON,창원 NC파크,NC,수내닭꼬치,1층,GATE 1~2 사이,,,1,,OFFICIAL,OFFICIAL_GUIDE_MAP,S11,https://www.ncdinos.com/dinos/stadium.do,2026-09-04,CONFIRMED,,[창원 NC 파크] stadium_code: CHANGWON / stadium_name: 창원 NC파크 / home_team: NC / store_facility: 수내닭꼬치 / floor: 1층 / zone_location: GATE 1~2 사이 / location_qty: 1
F257,CHANGWON,창원 NC파크,NC,브뤼셀프라이,1층,GATE 1~2 사이,,,1,,OFFICIAL,OFFICIAL_GUIDE_MAP,S11,https://www.ncdinos.com/dinos/stadium.do,2026-09-04,CONFIRMED,,[창원 NC 파크] stadium_code: CHANGWON / stadium_name: 창원 NC파크 / home_team: NC / store_facility: 브뤼셀프라이 / floor: 1층 / zone_location: GATE 1~2 사이 / location_qty: 1
F258,CHANGWON,창원 NC파크,NC,BHC,1층,GATE 1 인근,,,1,,OFFICIAL,OFFICIAL_GUIDE_MAP,S11,https://www.ncdinos.com/dinos/stadium.do,2026-09-04,CONFIRMED,,[창원 NC 파크] stadium_code: CHANGWON / stadium_name: 창원 NC파크 / home_team: NC / store_facility: BHC / floor: 1층 / zone_location: GATE 1 인근 / location_qty: 1
F259,CHANGWON,창원 NC파크,NC,비어배트,1층,GATE 1 인근,,,1,,OFFICIAL,OFFICIAL_GUIDE_MAP,S11,https://www.ncdinos.com/dinos/stadium.do,2026-09-04,CONFIRMED,,[창원 NC 파크] stadium_code: CHANGWON / stadium_name: 창원 NC파크 / home_team: NC / store_facility: 비어배트 / floor: 1층 / zone_location: GATE 1 인근 / location_qty: 1
F260,CHANGWON,창원 NC파크,NC,만재네,1층,GATE 1 인근,,,1,,OFFICIAL,OFFICIAL_GUIDE_MAP,S11,https://www.ncdinos.com/dinos/stadium.do,2026-09-04,CONFIRMED,,[창원 NC 파크] stadium_code: CHANGWON / stadium_name: 창원 NC파크 / home_team: NC / store_facility: 만재네 / floor: 1층 / zone_location: GATE 1 인근 / location_qty: 1
F261,CHANGWON,창원 NC파크,NC,스타벅스,1층,3루 측,,,1,,OFFICIAL,OFFICIAL_GUIDE_MAP,S11,https://www.ncdinos.com/dinos/stadium.do,2026-09-04,CONFIRMED,,[창원 NC 파크] stadium_code: CHANGWON / stadium_name: 창원 NC파크 / home_team: NC / store_facility: 스타벅스 / floor: 1층 / zone_location: 3루 측 / location_qty: 1
F262,CHANGWON,창원 NC파크,NC,반올림피자,1층,GATE 5 인근,,,1,,OFFICIAL,OFFICIAL_GUIDE_MAP,S11,https://www.ncdinos.com/dinos/stadium.do,2026-09-04,CONFIRMED,,[창원 NC 파크] stadium_code: CHANGWON / stadium_name: 창원 NC파크 / home_team: NC / store_facility: 반올림피자 / floor: 1층 / zone_location: GATE 5 인근 / location_qty: 1
F263,CHANGWON,창원 NC파크,NC,세븐일레븐,1층,GATE 5 인근,,,1,,OFFICIAL,OFFICIAL_GUIDE_MAP,S11,https://www.ncdinos.com/dinos/stadium.do,2026-09-04,CONFIRMED,,[창원 NC 파크] stadium_code: CHANGWON / stadium_name: 창원 NC파크 / home_team: NC / store_facility: 세븐일레븐 / floor: 1층 / zone_location: GATE 5 인근 / location_qty: 1
F264,CHANGWON,창원 NC파크,NC,코아양과,1층,GATE 5~4 사이,,,1,,OFFICIAL,OFFICIAL_GUIDE_MAP,S11,https://www.ncdinos.com/dinos/stadium.do,2026-09-04,CONFIRMED,,[창원 NC 파크] stadium_code: CHANGWON / stadium_name: 창원 NC파크 / home_team: NC / store_facility: 코아양과 / floor: 1층 / zone_location: GATE 5~4 사이 / location_qty: 1
F265,CHANGWON,창원 NC파크,NC,스테이션,1층,GATE 5~4 사이,,,1,,OFFICIAL,OFFICIAL_GUIDE_MAP,S11,https://www.ncdinos.com/dinos/stadium.do,2026-09-04,CONFIRMED,,[창원 NC 파크] stadium_code: CHANGWON / stadium_name: 창원 NC파크 / home_team: NC / store_facility: 스테이션 / floor: 1층 / zone_location: GATE 5~4 사이 / location_qty: 1
F266,CHANGWON,창원 NC파크,NC,호남원조식당,1층,GATE 5~4 사이,,,1,,OFFICIAL,OFFICIAL_GUIDE_MAP,S11,https://www.ncdinos.com/dinos/stadium.do,2026-09-04,CONFIRMED,,[창원 NC 파크] stadium_code: CHANGWON / stadium_name: 창원 NC파크 / home_team: NC / store_facility: 호남원조식당 / floor: 1층 / zone_location: GATE 5~4 사이 / location_qty: 1
F267,CHANGWON,창원 NC파크,NC,노랑통닭,1층,GATE 4 인근,,,1,,OFFICIAL,OFFICIAL_GUIDE_MAP,S11,https://www.ncdinos.com/dinos/stadium.do,2026-09-04,CONFIRMED,,[창원 NC 파크] stadium_code: CHANGWON / stadium_name: 창원 NC파크 / home_team: NC / store_facility: 노랑통닭 / floor: 1층 / zone_location: GATE 4 인근 / location_qty: 1
F268,CHANGWON,창원 NC파크,NC,북촌손만두,1층,GATE 4 인근,,,1,,OFFICIAL,OFFICIAL_GUIDE_MAP,S11,https://www.ncdinos.com/dinos/stadium.do,2026-09-04,CONFIRMED,,[창원 NC 파크] stadium_code: CHANGWON / stadium_name: 창원 NC파크 / home_team: NC / store_facility: 북촌손만두 / floor: 1층 / zone_location: GATE 4 인근 / location_qty: 1
F269,CHANGWON,창원 NC파크,NC,BHC,1층,GATE 4 인근,,,1,,OFFICIAL,OFFICIAL_GUIDE_MAP,S11,https://www.ncdinos.com/dinos/stadium.do,2026-09-04,CONFIRMED,,[창원 NC 파크] stadium_code: CHANGWON / stadium_name: 창원 NC파크 / home_team: NC / store_facility: BHC / floor: 1층 / zone_location: GATE 4 인근 / location_qty: 1
F270,CHANGWON,창원 NC파크,NC,알통떡강정,1층,GATE 4~3 사이,,,1,,OFFICIAL,OFFICIAL_GUIDE_MAP,S11,https://www.ncdinos.com/dinos/stadium.do,2026-09-04,CONFIRMED,,[창원 NC 파크] stadium_code: CHANGWON / stadium_name: 창원 NC파크 / home_team: NC / store_facility: 알통떡강정 / floor: 1층 / zone_location: GATE 4~3 사이 / location_qty: 1
F271,CHANGWON,창원 NC파크,NC,세븐일레븐,1층,GATE 4~3 사이,,,1,,OFFICIAL,OFFICIAL_GUIDE_MAP,S11,https://www.ncdinos.com/dinos/stadium.do,2026-09-04,CONFIRMED,,[창원 NC 파크] stadium_code: CHANGWON / stadium_name: 창원 NC파크 / home_team: NC / store_facility: 세븐일레븐 / floor: 1층 / zone_location: GATE 4~3 사이 / location_qty: 1
F272,CHANGWON,창원 NC파크,NC,세븐일레븐,1층,GATE 2 인근,,,1,,OFFICIAL,OFFICIAL_GUIDE_MAP,S11,https://www.ncdinos.com/dinos/stadium.do,2026-09-04,CONFIRMED,,[창원 NC 파크] stadium_code: CHANGWON / stadium_name: 창원 NC파크 / home_team: NC / store_facility: 세븐일레븐 / floor: 1층 / zone_location: GATE 2 인근 / location_qty: 1
F273,CHANGWON,창원 NC파크,NC,하바네로 타코,1층,GATE 2 인근,,,1,,OFFICIAL,OFFICIAL_GUIDE_MAP,S11,https://www.ncdinos.com/dinos/stadium.do,2026-09-04,CONFIRMED,,[창원 NC 파크] stadium_code: CHANGWON / stadium_name: 창원 NC파크 / home_team: NC / store_facility: 하바네로 타코 / floor: 1층 / zone_location: GATE 2 인근 / location_qty: 1
F274,CHANGWON,창원 NC파크,NC,만재네,1층,GATE 2 인근,,,1,,OFFICIAL,OFFICIAL_GUIDE_MAP,S11,https://www.ncdinos.com/dinos/stadium.do,2026-09-04,CONFIRMED,,[창원 NC 파크] stadium_code: CHANGWON / stadium_name: 창원 NC파크 / home_team: NC / store_facility: 만재네 / floor: 1층 / zone_location: GATE 2 인근 / location_qty: 1
F275,CHANGWON,창원 NC파크,NC,반올림피자,1층,GATE 2 인근,,,1,,OFFICIAL,OFFICIAL_GUIDE_MAP,S11,https://www.ncdinos.com/dinos/stadium.do,2026-09-04,CONFIRMED,,[창원 NC 파크] stadium_code: CHANGWON / stadium_name: 창원 NC파크 / home_team: NC / store_facility: 반올림피자 / floor: 1층 / zone_location: GATE 2 인근 / location_qty: 1
F276,CHANGWON,창원 NC파크,NC,알통떡강정,1층,GATE 2 인근,,,1,,OFFICIAL,OFFICIAL_GUIDE_MAP,S11,https://www.ncdinos.com/dinos/stadium.do,2026-09-04,CONFIRMED,,[창원 NC 파크] stadium_code: CHANGWON / stadium_name: 창원 NC파크 / home_team: NC / store_facility: 알통떡강정 / floor: 1층 / zone_location: GATE 2 인근 / location_qty: 1
F277,CHANGWON,창원 NC파크,NC,우이락,1층,GATE 3 인근,,,1,,OFFICIAL,OFFICIAL_GUIDE_MAP,S11,https://www.ncdinos.com/dinos/stadium.do,2026-09-04,CONFIRMED,,[창원 NC 파크] stadium_code: CHANGWON / stadium_name: 창원 NC파크 / home_team: NC / store_facility: 우이락 / floor: 1층 / zone_location: GATE 3 인근 / location_qty: 1
F278,CHANGWON,창원 NC파크,NC,빙동댕,1층,GATE 3 인근,,,1,,OFFICIAL,OFFICIAL_GUIDE_MAP,S11,https://www.ncdinos.com/dinos/stadium.do,2026-09-04,CONFIRMED,,[창원 NC 파크] stadium_code: CHANGWON / stadium_name: 창원 NC파크 / home_team: NC / store_facility: 빙동댕 / floor: 1층 / zone_location: GATE 3 인근 / location_qty: 1
F279,CHANGWON,창원 NC파크,NC,스타벅스,2층,3루 측,,,1,,OFFICIAL,OFFICIAL_GUIDE_MAP,S11,https://www.ncdinos.com/dinos/stadium.do,2026-09-04,CONFIRMED,,[창원 NC 파크] stadium_code: CHANGWON / stadium_name: 창원 NC파크 / home_team: NC / store_facility: 스타벅스 / floor: 2층 / zone_location: 3루 측 / location_qty: 1
F280,CHANGWON,창원 NC파크,NC,BHC,2층,1루 측,,,1,,OFFICIAL,OFFICIAL_GUIDE_MAP,S11,https://www.ncdinos.com/dinos/stadium.do,2026-09-04,CONFIRMED,,[창원 NC 파크] stadium_code: CHANGWON / stadium_name: 창원 NC파크 / home_team: NC / store_facility: BHC / floor: 2층 / zone_location: 1루 측 / location_qty: 1
F281,CHANGWON,창원 NC파크,NC,세븐일레븐,2층,중앙,,,1,,OFFICIAL,OFFICIAL_GUIDE_MAP,S11,https://www.ncdinos.com/dinos/stadium.do,2026-09-04,CONFIRMED,,[창원 NC 파크] stadium_code: CHANGWON / stadium_name: 창원 NC파크 / home_team: NC / store_facility: 세븐일레븐 / floor: 2층 / zone_location: 중앙 / location_qty: 1
F282,DAEJEON,대전 한화생명 볼파크,HANWHA,아라마크 식음 서비스 구역,,1루측,,미국식 핫도그·햄버거·나초,1,,OFFICIAL,OFFICIAL_PRESS_RELEASE,S19,https://www.hanwhaeagles.co.kr/FA/CN/PCFACN02.do?id=1720,2026-09-04,PARTIAL,정확한 개별 점포명이 아닌 공식 발표상 운영사/구역 레코드. 30여개 식음 브랜드 중 일부 공개,[대전 한화생명 볼파크] stadium_code: DAEJEON / stadium_name: 대전 한화생명 볼파크 / home_team: HANWHA / store_facility: 아라마크 식음 서비스 구역 / zone_location: 1루측 / menu_category_official: 미국식 핫도그·햄버거·나초 / location_qty: 1 / notes: 정확한 개별 점포명이 아닌 공식 발표상 운영사/구역 레코드. 30여개 식음 브랜드 중 일부 공개 (공식 확인 전 정보로 정확하지 않을 수 있습니다.)
F284,DAEGU,대구 삼성 라이온즈파크,SAMSUNG,HOUSE OF LIONS (하우스 오브 라이온즈),1층,외부 매장,,왕조재건 V9 플래터·라이온즈 핫 블루치즈버거·강민호 Nice catch 미트 샌드위치·원태인 PICK 막창타코,1,경기 없는 날·비시즌에도 운영(세부 영업시간 미공개),OFFICIAL,OFFICIAL_OPERATOR_PAGE,S21,https://www.story-w.co.kr/story-w/3721/Basball_HouseofLions,2026-09-04,CONFIRMED,"삼성웰스토리 공식 운영 콘텐츠. 2026-03-21 오픈, 약 100석 규모 팬펍","[대구 삼성 라이온즈 파크] stadium_code: DAEGU / stadium_name: 대구 삼성 라이온즈파크 / home_team: SAMSUNG / store_facility: HOUSE OF LIONS (하우스 오브 라이온즈) / floor: 1층 / zone_location: 외부 매장 / menu_category_official: 왕조재건 V9 플래터·라이온즈 핫 블루치즈버거·강민호 Nice catch 미트 샌드위치·원태인 PICK 막창타코 / location_qty: 1 / operating_hours_official: 경기 없는 날·비시즌에도 운영(세부 영업시간 미공개) / notes: 삼성웰스토리 공식 운영 콘텐츠. 2026-03-21 오픈, 약 100석 규모 팬펍"
F285,DAEJEON,대전 한화생명 볼파크,HANWHA,빽다방빵연구소,,3루측,,최강한화 홈런볼빵 등 베이커리류,1,,OFFICIAL,OFFICIAL_PRESS_RELEASE,S29,,2025-03-04,PARTIAL,"더본코리아 공식 보도자료 기준(2025-03-04 확인, 2026시즌 유지 여부 재확인 필요). backlog 보충.xlsx 신규확보데이터 No.10 경유로 확보 — 원 보도자료 URL은 미기재.","[대전 한화생명 볼파크] stadium_code: DAEJEON / stadium_name: 대전 한화생명 볼파크 / home_team: HANWHA / store_facility: 빽다방빵연구소 / zone_location: 3루측 / menu_category_official: 최강한화 홈런볼빵 등 베이커리류 / location_qty: 1 / notes: 더본코리아 공식 보도자료 기준(2025-03-04 확인, 2026시즌 유지 여부 재확인 필요). backlog 보충.xlsx 신규확보데이터 No.10 경유로 확보 — 원 보도자료 URL은 미기재. (공식 확인 전 정보로 정확하지 않을 수 있습니다.)"
F286,DAEJEON,대전 한화생명 볼파크,HANWHA,새마을식당,,3루측,,"다양한 메뉴(브랜드 대표 메뉴, 세부 미공개)",1,,OFFICIAL,OFFICIAL_PRESS_RELEASE,S29,,2025-03-04,PARTIAL,"더본코리아 공식 보도자료 기준(2025-03-04 확인, 2026시즌 유지 여부 재확인 필요). backlog 보충.xlsx 신규확보데이터 No.10 경유로 확보 — 원 보도자료 URL은 미기재.","[대전 한화생명 볼파크] stadium_code: DAEJEON / stadium_name: 대전 한화생명 볼파크 / home_team: HANWHA / store_facility: 새마을식당 / zone_location: 3루측 / menu_category_official: 다양한 메뉴(브랜드 대표 메뉴, 세부 미공개) / location_qty: 1 / notes: 더본코리아 공식 보도자료 기준(2025-03-04 확인, 2026시즌 유지 여부 재확인 필요). backlog 보충.xlsx 신규확보데이터 No.10 경유로 확보 — 원 보도자료 URL은 미기재. (공식 확인 전 정보로 정확하지 않을 수 있습니다.)"
F287,DAEJEON,대전 한화생명 볼파크,HANWHA,역전우동,,3루측,,컵 우동·비빔면,1,,OFFICIAL,OFFICIAL_PRESS_RELEASE,S29,,2025-03-04,PARTIAL,"더본코리아 공식 보도자료 기준(2025-03-04 확인, 2026시즌 유지 여부 재확인 필요). backlog 보충.xlsx 신규확보데이터 No.10 경유로 확보 — 원 보도자료 URL은 미기재.","[대전 한화생명 볼파크] stadium_code: DAEJEON / stadium_name: 대전 한화생명 볼파크 / home_team: HANWHA / store_facility: 역전우동 / zone_location: 3루측 / menu_category_official: 컵 우동·비빔면 / location_qty: 1 / notes: 더본코리아 공식 보도자료 기준(2025-03-04 확인, 2026시즌 유지 여부 재확인 필요). backlog 보충.xlsx 신규확보데이터 No.10 경유로 확보 — 원 보도자료 URL은 미기재. (공식 확인 전 정보로 정확하지 않을 수 있습니다.)"
F288,DAEJEON,대전 한화생명 볼파크,HANWHA,빽보이피자,,3루측,,"다양한 메뉴(브랜드 대표 메뉴, 세부 미공개)",1,,OFFICIAL,OFFICIAL_PRESS_RELEASE,S29,,2025-03-04,PARTIAL,"더본코리아 공식 보도자료 기준(2025-03-04 확인, 2026시즌 유지 여부 재확인 필요). backlog 보충.xlsx 신규확보데이터 No.10 경유로 확보 — 원 보도자료 URL은 미기재.","[대전 한화생명 볼파크] stadium_code: DAEJEON / stadium_name: 대전 한화생명 볼파크 / home_team: HANWHA / store_facility: 빽보이피자 / zone_location: 3루측 / menu_category_official: 다양한 메뉴(브랜드 대표 메뉴, 세부 미공개) / location_qty: 1 / notes: 더본코리아 공식 보도자료 기준(2025-03-04 확인, 2026시즌 유지 여부 재확인 필요). backlog 보충.xlsx 신규확보데이터 No.10 경유로 확보 — 원 보도자료 URL은 미기재. (공식 확인 전 정보로 정확하지 않을 수 있습니다.)"
F289,DAEJEON,대전 한화생명 볼파크,HANWHA,한신포차,,3루측,,"다양한 메뉴(브랜드 대표 메뉴, 세부 미공개)",1,,OFFICIAL,OFFICIAL_PRESS_RELEASE,S29,,2025-03-04,PARTIAL,"더본코리아 공식 보도자료 기준(2025-03-04 확인, 2026시즌 유지 여부 재확인 필요). backlog 보충.xlsx 신규확보데이터 No.10 경유로 확보 — 원 보도자료 URL은 미기재.","[대전 한화생명 볼파크] stadium_code: DAEJEON / stadium_name: 대전 한화생명 볼파크 / home_team: HANWHA / store_facility: 한신포차 / zone_location: 3루측 / menu_category_official: 다양한 메뉴(브랜드 대표 메뉴, 세부 미공개) / location_qty: 1 / notes: 더본코리아 공식 보도자료 기준(2025-03-04 확인, 2026시즌 유지 여부 재확인 필요). backlog 보충.xlsx 신규확보데이터 No.10 경유로 확보 — 원 보도자료 URL은 미기재. (공식 확인 전 정보로 정확하지 않을 수 있습니다.)"
F290,DAEJEON,대전 한화생명 볼파크,HANWHA,연돈볼카츠,,3루측,,"다양한 메뉴(브랜드 대표 메뉴, 세부 미공개)",1,,OFFICIAL,OFFICIAL_PRESS_RELEASE,S29,,2025-03-04,PARTIAL,"더본코리아 공식 보도자료 기준(2025-03-04 확인, 2026시즌 유지 여부 재확인 필요). backlog 보충.xlsx 신규확보데이터 No.10 경유로 확보 — 원 보도자료 URL은 미기재.","[대전 한화생명 볼파크] stadium_code: DAEJEON / stadium_name: 대전 한화생명 볼파크 / home_team: HANWHA / store_facility: 연돈볼카츠 / zone_location: 3루측 / menu_category_official: 다양한 메뉴(브랜드 대표 메뉴, 세부 미공개) / location_qty: 1 / notes: 더본코리아 공식 보도자료 기준(2025-03-04 확인, 2026시즌 유지 여부 재확인 필요). backlog 보충.xlsx 신규확보데이터 No.10 경유로 확보 — 원 보도자료 URL은 미기재. (공식 확인 전 정보로 정확하지 않을 수 있습니다.)"
F291,DAEJEON,대전 한화생명 볼파크,HANWHA,백스비어,,3루측,,홈플레이트 세트메뉴 등,1,,OFFICIAL,OFFICIAL_PRESS_RELEASE,S29,,2025-03-04,PARTIAL,"더본코리아 공식 보도자료 기준(2025-03-04 확인, 2026시즌 유지 여부 재확인 필요). backlog 보충.xlsx 신규확보데이터 No.10 경유로 확보 — 원 보도자료 URL은 미기재.","[대전 한화생명 볼파크] stadium_code: DAEJEON / stadium_name: 대전 한화생명 볼파크 / home_team: HANWHA / store_facility: 백스비어 / zone_location: 3루측 / menu_category_official: 홈플레이트 세트메뉴 등 / location_qty: 1 / notes: 더본코리아 공식 보도자료 기준(2025-03-04 확인, 2026시즌 유지 여부 재확인 필요). backlog 보충.xlsx 신규확보데이터 No.10 경유로 확보 — 원 보도자료 URL은 미기재. (공식 확인 전 정보로 정확하지 않을 수 있습니다.)"
F292,DAEJEON,대전 한화생명 볼파크,HANWHA,고투웍,,3루측,,"다양한 메뉴(브랜드 대표 메뉴, 세부 미공개)",1,,OFFICIAL,OFFICIAL_PRESS_RELEASE,S29,,2025-03-04,PARTIAL,"더본코리아 공식 보도자료 기준(2025-03-04 확인, 2026시즌 유지 여부 재확인 필요). backlog 보충.xlsx 신규확보데이터 No.10 경유로 확보 — 원 보도자료 URL은 미기재.","[대전 한화생명 볼파크] stadium_code: DAEJEON / stadium_name: 대전 한화생명 볼파크 / home_team: HANWHA / store_facility: 고투웍 / zone_location: 3루측 / menu_category_official: 다양한 메뉴(브랜드 대표 메뉴, 세부 미공개) / location_qty: 1 / notes: 더본코리아 공식 보도자료 기준(2025-03-04 확인, 2026시즌 유지 여부 재확인 필요). backlog 보충.xlsx 신규확보데이터 No.10 경유로 확보 — 원 보도자료 URL은 미기재. (공식 확인 전 정보로 정확하지 않을 수 있습니다.)"
