season,team_code,stadium_code,zone_code,zone_name_ko,price_tier,day_type,customer_type,group_size,price_krw,valid_from,valid_to,discount_condition,evidence_type,source_id,verified_at,status,notes
2026,LG,JAMSIL,PREMIUM,프리미엄석,STANDARD,WEEKDAY,GENERAL,,100000,,,,OFFICIAL,S037,2026-09-03,CONFIRMED,
2026,LG,JAMSIL,PREMIUM,프리미엄석,STANDARD,WEEKEND_HOLIDAY,GENERAL,,100000,,,,OFFICIAL,S037,2026-09-03,CONFIRMED,
2026,LG,JAMSIL,TABLE,테이블석,STANDARD,WEEKDAY,GENERAL,,56000,,,,OFFICIAL,S037,2026-09-03,CONFIRMED,
2026,LG,JAMSIL,TABLE,테이블석,STANDARD,WEEKEND_HOLIDAY,GENERAL,,62000,,,,OFFICIAL,S037,2026-09-03,CONFIRMED,
2026,LG,JAMSIL,EXCITING,익사이팅존,STANDARD,WEEKDAY,GENERAL,,30000,,,,OFFICIAL,S037,2026-09-03,CONFIRMED,
2026,LG,JAMSIL,EXCITING,익사이팅존,STANDARD,WEEKEND_HOLIDAY,GENERAL,,35000,,,,OFFICIAL,S037,2026-09-03,CONFIRMED,
2026,LG,JAMSIL,BLUE,블루석,STANDARD,WEEKDAY,GENERAL,,24000,,,,OFFICIAL,S037,2026-09-03,CONFIRMED,
2026,LG,JAMSIL,BLUE,블루석,STANDARD,WEEKEND_HOLIDAY,GENERAL,,26000,,,,OFFICIAL,S037,2026-09-03,CONFIRMED,
2026,LG,JAMSIL,ORANGE,오렌지석,STANDARD,WEEKDAY,GENERAL,,22000,,,,OFFICIAL,S037,2026-09-03,CONFIRMED,
2026,LG,JAMSIL,ORANGE,오렌지석,STANDARD,WEEKEND_HOLIDAY,GENERAL,,24000,,,,OFFICIAL,S037,2026-09-03,CONFIRMED,
2026,LG,JAMSIL,RED,레드석,STANDARD,WEEKDAY,GENERAL,,19000,,,,OFFICIAL,S037,2026-09-03,CONFIRMED,
2026,LG,JAMSIL,RED,레드석,STANDARD,WEEKEND_HOLIDAY,GENERAL,,21000,,,,OFFICIAL,S037,2026-09-03,CONFIRMED,
2026,LG,JAMSIL,NAVY,네이비석,STANDARD,WEEKDAY,GENERAL,,16000,,,,OFFICIAL,S037,2026-09-03,CONFIRMED,
2026,LG,JAMSIL,NAVY,네이비석,STANDARD,WEEKEND_HOLIDAY,GENERAL,,18000,,,,OFFICIAL,S037,2026-09-03,CONFIRMED,
2026,LG,JAMSIL,GREEN_CHEER,그린응원석(외야),STANDARD,WEEKDAY,GENERAL,,11000,,,,OFFICIAL,S037,2026-09-03,CONFIRMED,
2026,LG,JAMSIL,GREEN_CHEER,그린응원석(외야),STANDARD,WEEKEND_HOLIDAY,GENERAL,,12000,,,,OFFICIAL,S037,2026-09-03,CONFIRMED,
2026,LG,JAMSIL,GREEN_OUTFIELD,그린석(외야),STANDARD,WEEKDAY,GENERAL,,10000,,,,OFFICIAL,S037,2026-09-03,CONFIRMED,
2026,LG,JAMSIL,GREEN_OUTFIELD,그린석(외야),STANDARD,WEEKEND_HOLIDAY,GENERAL,,11000,,,,OFFICIAL,S037,2026-09-03,CONFIRMED,
2026,LG,JAMSIL,BLUE,블루석,STANDARD,WEEKDAY,ADULT_MEMBER,,23000,,,LG 성인회원 요금,OFFICIAL,S037,2026-09-03,CONFIRMED,
2026,LG,JAMSIL,BLUE,블루석,STANDARD,WEEKEND_HOLIDAY,ADULT_MEMBER,,25000,,,LG 성인회원 요금,OFFICIAL,S037,2026-09-03,CONFIRMED,
2026,LG,JAMSIL,BLUE,블루석,STANDARD,WEEKDAY,ELINI,,12000,,,엘린이 요금,OFFICIAL,S037,2026-09-03,CONFIRMED,
2026,LG,JAMSIL,BLUE,블루석,STANDARD,WEEKEND_HOLIDAY,ELINI,,13000,,,엘린이 요금,OFFICIAL,S037,2026-09-03,CONFIRMED,
2026,LG,JAMSIL,ORANGE,오렌지석,STANDARD,WEEKDAY,ADULT_MEMBER,,21000,,,LG 성인회원 요금,OFFICIAL,S037,2026-09-03,CONFIRMED,
2026,LG,JAMSIL,ORANGE,오렌지석,STANDARD,WEEKEND_HOLIDAY,ADULT_MEMBER,,23000,,,LG 성인회원 요금,OFFICIAL,S037,2026-09-03,CONFIRMED,
2026,LG,JAMSIL,ORANGE,오렌지석,STANDARD,WEEKDAY,ELINI,,11000,,,엘린이 요금,OFFICIAL,S037,2026-09-03,CONFIRMED,
2026,LG,JAMSIL,ORANGE,오렌지석,STANDARD,WEEKEND_HOLIDAY,ELINI,,12000,,,엘린이 요금,OFFICIAL,S037,2026-09-03,CONFIRMED,
2026,LG,JAMSIL,RED,레드석,STANDARD,WEEKDAY,ADULT_MEMBER,,18000,,,LG 성인회원 요금,OFFICIAL,S037,2026-09-03,CONFIRMED,
2026,LG,JAMSIL,RED,레드석,STANDARD,WEEKEND_HOLIDAY,ADULT_MEMBER,,20000,,,LG 성인회원 요금,OFFICIAL,S037,2026-09-03,CONFIRMED,
2026,LG,JAMSIL,RED,레드석,STANDARD,WEEKDAY,ELINI,,9500,,,엘린이 요금,OFFICIAL,S037,2026-09-03,CONFIRMED,
2026,LG,JAMSIL,RED,레드석,STANDARD,WEEKEND_HOLIDAY,ELINI,,10500,,,엘린이 요금,OFFICIAL,S037,2026-09-03,CONFIRMED,
2026,LG,JAMSIL,NAVY,네이비석,STANDARD,WEEKDAY,ADULT_MEMBER,,15000,,,LG 성인회원 요금,OFFICIAL,S037,2026-09-03,CONFIRMED,
2026,LG,JAMSIL,NAVY,네이비석,STANDARD,WEEKEND_HOLIDAY,ADULT_MEMBER,,17000,,,LG 성인회원 요금,OFFICIAL,S037,2026-09-03,CONFIRMED,
2026,LG,JAMSIL,NAVY,네이비석,STANDARD,WEEKDAY,ELINI,,8000,,,엘린이 요금,OFFICIAL,S037,2026-09-03,CONFIRMED,
2026,LG,JAMSIL,NAVY,네이비석,STANDARD,WEEKEND_HOLIDAY,ELINI,,9000,,,엘린이 요금,OFFICIAL,S037,2026-09-03,CONFIRMED,
2026,LG,JAMSIL,GREEN_CHEER,그린응원석(외야),STANDARD,WEEKDAY,ADULT_MEMBER,,10000,,,LG 성인회원 요금,OFFICIAL,S037,2026-09-03,CONFIRMED,
2026,LG,JAMSIL,GREEN_CHEER,그린응원석(외야),STANDARD,WEEKEND_HOLIDAY,ADULT_MEMBER,,11000,,,LG 성인회원 요금,OFFICIAL,S037,2026-09-03,CONFIRMED,
2026,LG,JAMSIL,GREEN_CHEER,그린응원석(외야),STANDARD,WEEKDAY,ELINI,,5500,,,엘린이 요금,OFFICIAL,S037,2026-09-03,CONFIRMED,
2026,LG,JAMSIL,GREEN_CHEER,그린응원석(외야),STANDARD,WEEKEND_HOLIDAY,ELINI,,6000,,,엘린이 요금,OFFICIAL,S037,2026-09-03,CONFIRMED,
2026,LG,JAMSIL,GREEN_OUTFIELD,그린석(외야),STANDARD,WEEKDAY,ADULT_MEMBER,,9000,,,LG 성인회원 요금,OFFICIAL,S037,2026-09-03,CONFIRMED,
2026,LG,JAMSIL,GREEN_OUTFIELD,그린석(외야),STANDARD,WEEKEND_HOLIDAY,ADULT_MEMBER,,10000,,,LG 성인회원 요금,OFFICIAL,S037,2026-09-03,CONFIRMED,
2026,LG,JAMSIL,GREEN_OUTFIELD,그린석(외야),STANDARD,WEEKDAY,ELINI,,0,,,엘린이 요금,OFFICIAL,S037,2026-09-03,CONFIRMED,
2026,LG,JAMSIL,GREEN_OUTFIELD,그린석(외야),STANDARD,WEEKEND_HOLIDAY,ELINI,,0,,,엘린이 요금,OFFICIAL,S037,2026-09-03,CONFIRMED,
2026,DOOSAN,JAMSIL,CENTER_VIP,중앙석(VIP석),STANDARD,WEEKDAY,GENERAL,,90000,,,,OFFICIAL,S076,2026-09-03,CONFIRMED,
2026,DOOSAN,JAMSIL,CENTER_VIP,중앙석(VIP석),STANDARD,WEEKEND_HOLIDAY,GENERAL,,90000,,,,OFFICIAL,S076,2026-09-03,CONFIRMED,
2026,DOOSAN,JAMSIL,TABLE,테이블석,STANDARD,WEEKDAY,GENERAL,,56000,,,,OFFICIAL,S076,2026-09-03,CONFIRMED,
2026,DOOSAN,JAMSIL,TABLE,테이블석,STANDARD,WEEKEND_HOLIDAY,GENERAL,,62000,,,,OFFICIAL,S076,2026-09-03,CONFIRMED,
2026,DOOSAN,JAMSIL,NOL_EXCITING,NOL존(익사이팅존),STANDARD,WEEKDAY,GENERAL,,30000,,,,OFFICIAL,S076,2026-09-03,CONFIRMED,
2026,DOOSAN,JAMSIL,NOL_EXCITING,NOL존(익사이팅존),STANDARD,WEEKEND_HOLIDAY,GENERAL,,35000,,,,OFFICIAL,S076,2026-09-03,CONFIRMED,
2026,DOOSAN,JAMSIL,BLUE,블루지정석,STANDARD,WEEKDAY,GENERAL,,24000,,,,OFFICIAL,S076,2026-09-03,CONFIRMED,
2026,DOOSAN,JAMSIL,BLUE,블루지정석,STANDARD,WEEKEND_HOLIDAY,GENERAL,,26000,,,,OFFICIAL,S076,2026-09-03,CONFIRMED,
2026,DOOSAN,JAMSIL,ORANGE,오렌지지정석(응원석),STANDARD,WEEKDAY,GENERAL,,22000,,,,OFFICIAL,S076,2026-09-03,CONFIRMED,
2026,DOOSAN,JAMSIL,ORANGE,오렌지지정석(응원석),STANDARD,WEEKEND_HOLIDAY,GENERAL,,24000,,,,OFFICIAL,S076,2026-09-03,CONFIRMED,
2026,DOOSAN,JAMSIL,RED,레드지정석,STANDARD,WEEKDAY,GENERAL,,19000,,,,OFFICIAL,S076,2026-09-03,CONFIRMED,
2026,DOOSAN,JAMSIL,RED,레드지정석,STANDARD,WEEKEND_HOLIDAY,GENERAL,,21000,,,,OFFICIAL,S076,2026-09-03,CONFIRMED,
2026,DOOSAN,JAMSIL,NAVY,네이비지정석,STANDARD,WEEKDAY,GENERAL,,16000,,,,OFFICIAL,S076,2026-09-03,CONFIRMED,
2026,DOOSAN,JAMSIL,NAVY,네이비지정석,STANDARD,WEEKEND_HOLIDAY,GENERAL,,18000,,,,OFFICIAL,S076,2026-09-03,CONFIRMED,
2026,DOOSAN,JAMSIL,OUTFIELD_CHEER,외야응원석,STANDARD,WEEKDAY,GENERAL,,11000,,,,OFFICIAL,S076,2026-09-03,CONFIRMED,
2026,DOOSAN,JAMSIL,OUTFIELD_CHEER,외야응원석,STANDARD,WEEKEND_HOLIDAY,GENERAL,,12000,,,,OFFICIAL,S076,2026-09-03,CONFIRMED,
2026,DOOSAN,JAMSIL,OUTFIELD_GENERAL,외야일반석,STANDARD,WEEKDAY,GENERAL,,10000,,,,OFFICIAL,S076,2026-09-03,CONFIRMED,
2026,DOOSAN,JAMSIL,OUTFIELD_GENERAL,외야일반석,STANDARD,WEEKEND_HOLIDAY,GENERAL,,11000,,,,OFFICIAL,S076,2026-09-03,CONFIRMED,
2026,DOOSAN,JAMSIL,OUTFIELD_CHEER,외야응원석,STANDARD,WEEKDAY,YOUTH_MILITARY,,9000,,,,OFFICIAL,S076,2026-09-03,CONFIRMED,
2026,DOOSAN,JAMSIL,OUTFIELD_CHEER,외야응원석,STANDARD,WEEKEND_HOLIDAY,YOUTH_MILITARY,,10000,,,,OFFICIAL,S076,2026-09-03,CONFIRMED,
2026,DOOSAN,JAMSIL,OUTFIELD_CHEER,외야응원석,STANDARD,WEEKDAY,CHILD_VETERAN_SENIOR,,5500,,,,OFFICIAL,S076,2026-09-03,CONFIRMED,
2026,DOOSAN,JAMSIL,OUTFIELD_CHEER,외야응원석,STANDARD,WEEKEND_HOLIDAY,CHILD_VETERAN_SENIOR,,6000,,,,OFFICIAL,S076,2026-09-03,CONFIRMED,
2026,DOOSAN,JAMSIL,OUTFIELD_GENERAL,외야일반석,STANDARD,WEEKDAY,YOUTH_MILITARY,,8000,,,,OFFICIAL,S076,2026-09-03,CONFIRMED,
2026,DOOSAN,JAMSIL,OUTFIELD_GENERAL,외야일반석,STANDARD,WEEKEND_HOLIDAY,YOUTH_MILITARY,,9000,,,,OFFICIAL,S076,2026-09-03,CONFIRMED,
2026,DOOSAN,JAMSIL,OUTFIELD_GENERAL,외야일반석,STANDARD,WEEKDAY,CHILD_VETERAN_SENIOR,,5000,,,,OFFICIAL,S076,2026-09-03,CONFIRMED,
2026,DOOSAN,JAMSIL,OUTFIELD_GENERAL,외야일반석,STANDARD,WEEKEND_HOLIDAY,CHILD_VETERAN_SENIOR,,5500,,,,OFFICIAL,S076,2026-09-03,CONFIRMED,
2026,KIWOOM,GOCHEOK,R_D_CLUB,요기요 R.d-club석,STANDARD,WEEKDAY,GENERAL,,60000,,,,OFFICIAL,S077,2026-09-03,CONFIRMED,
2026,KIWOOM,GOCHEOK,R_D_CLUB,요기요 R.d-club석,STANDARD,WEEKEND_HOLIDAY,GENERAL,,99000,,,,OFFICIAL,S077,2026-09-03,CONFIRMED,
2026,KIWOOM,GOCHEOK,R_D_CLUB,요기요 R.d-club석,SUMMER,WEEKDAY,GENERAL,,70000,2026-05-19,2026-09-06,,OFFICIAL,S077,2026-09-03,CONFIRMED,
2026,KIWOOM,GOCHEOK,R_D_CLUB,요기요 R.d-club석,SUMMER,WEEKEND_HOLIDAY,GENERAL,,115000,2026-05-19,2026-09-06,,OFFICIAL,S077,2026-09-03,CONFIRMED,
2026,KIWOOM,GOCHEOK,LEXUS_TABLE_1F,LEXUS 1층 테이블석,STANDARD,WEEKDAY,GENERAL,,55000,,,,OFFICIAL,S077,2026-09-03,CONFIRMED,
2026,KIWOOM,GOCHEOK,LEXUS_TABLE_1F,LEXUS 1층 테이블석,STANDARD,WEEKEND_HOLIDAY,GENERAL,,88000,,,,OFFICIAL,S077,2026-09-03,CONFIRMED,
2026,KIWOOM,GOCHEOK,LEXUS_TABLE_1F,LEXUS 1층 테이블석,SUMMER,WEEKDAY,GENERAL,,65000,2026-05-19,2026-09-06,,OFFICIAL,S077,2026-09-03,CONFIRMED,
2026,KIWOOM,GOCHEOK,LEXUS_TABLE_1F,LEXUS 1층 테이블석,SUMMER,WEEKEND_HOLIDAY,GENERAL,,100000,2026-05-19,2026-09-06,,OFFICIAL,S077,2026-09-03,CONFIRMED,
2026,KIWOOM,GOCHEOK,NAVER_TABLE_2F,NAVER 2층 테이블석,STANDARD,WEEKDAY,GENERAL,,45000,,,,OFFICIAL,S077,2026-09-03,CONFIRMED,
2026,KIWOOM,GOCHEOK,NAVER_TABLE_2F,NAVER 2층 테이블석,STANDARD,WEEKEND_HOLIDAY,GENERAL,,72000,,,,OFFICIAL,S077,2026-09-03,CONFIRMED,
2026,KIWOOM,GOCHEOK,NAVER_TABLE_2F,NAVER 2층 테이블석,SUMMER,WEEKDAY,GENERAL,,52000,2026-05-19,2026-09-06,,OFFICIAL,S077,2026-09-03,CONFIRMED,
2026,KIWOOM,GOCHEOK,NAVER_TABLE_2F,NAVER 2층 테이블석,SUMMER,WEEKEND_HOLIDAY,GENERAL,,83000,2026-05-19,2026-09-06,,OFFICIAL,S077,2026-09-03,CONFIRMED,
2026,KIWOOM,GOCHEOK,INFIELD_COUPLE,내야커플석,STANDARD,WEEKDAY,GENERAL,2,33000,,,,OFFICIAL,S077,2026-09-03,CONFIRMED,
2026,KIWOOM,GOCHEOK,INFIELD_COUPLE,내야커플석,STANDARD,WEEKEND_HOLIDAY,GENERAL,2,50000,,,,OFFICIAL,S077,2026-09-03,CONFIRMED,
2026,KIWOOM,GOCHEOK,INFIELD_COUPLE,내야커플석,SUMMER,WEEKDAY,GENERAL,2,40000,2026-05-19,2026-09-06,,OFFICIAL,S077,2026-09-03,CONFIRMED,
2026,KIWOOM,GOCHEOK,INFIELD_COUPLE,내야커플석,SUMMER,WEEKEND_HOLIDAY,GENERAL,2,60000,2026-05-19,2026-09-06,,OFFICIAL,S077,2026-09-03,CONFIRMED,
2026,KIWOOM,GOCHEOK,OUTFIELD_COUPLE,외야커플석,STANDARD,WEEKDAY,GENERAL,2,20000,,,,OFFICIAL,S077,2026-09-03,CONFIRMED,
2026,KIWOOM,GOCHEOK,OUTFIELD_COUPLE,외야커플석,STANDARD,WEEKEND_HOLIDAY,GENERAL,2,30000,,,,OFFICIAL,S077,2026-09-03,CONFIRMED,
2026,KIWOOM,GOCHEOK,OUTFIELD_COUPLE,외야커플석,SUMMER,WEEKDAY,GENERAL,2,25000,2026-05-19,2026-09-06,,OFFICIAL,S077,2026-09-03,CONFIRMED,
2026,KIWOOM,GOCHEOK,OUTFIELD_COUPLE,외야커플석,SUMMER,WEEKEND_HOLIDAY,GENERAL,2,40000,2026-05-19,2026-09-06,,OFFICIAL,S077,2026-09-03,CONFIRMED,
2026,KIWOOM,GOCHEOK,DARK_BURGUNDY,다크버건디석,STANDARD,WEEKDAY,ADULT,,20000,,,,OFFICIAL,S077,2026-09-03,CONFIRMED,
2026,KIWOOM,GOCHEOK,DARK_BURGUNDY,다크버건디석,STANDARD,WEEKEND_HOLIDAY,ADULT,,28000,,,,OFFICIAL,S077,2026-09-03,CONFIRMED,
2026,KIWOOM,GOCHEOK,DARK_BURGUNDY,다크버건디석,SUMMER,WEEKDAY,ADULT,,22500,2026-05-19,2026-09-06,,OFFICIAL,S077,2026-09-03,CONFIRMED,
2026,KIWOOM,GOCHEOK,DARK_BURGUNDY,다크버건디석,SUMMER,WEEKEND_HOLIDAY,ADULT,,32000,2026-05-19,2026-09-06,,OFFICIAL,S077,2026-09-03,CONFIRMED,
2026,KIWOOM,GOCHEOK,DARK_BURGUNDY,다크버건디석,STANDARD,WEEKDAY,CHILD,,9000,,,,OFFICIAL,S077,2026-09-03,CONFIRMED,
2026,KIWOOM,GOCHEOK,DARK_BURGUNDY,다크버건디석,STANDARD,WEEKEND_HOLIDAY,CHILD,,13000,,,,OFFICIAL,S077,2026-09-03,CONFIRMED,
2026,KIWOOM,GOCHEOK,DARK_BURGUNDY,다크버건디석,SUMMER,WEEKDAY,CHILD,,10000,2026-05-19,2026-09-06,,OFFICIAL,S077,2026-09-03,CONFIRMED,
2026,KIWOOM,GOCHEOK,DARK_BURGUNDY,다크버건디석,SUMMER,WEEKEND_HOLIDAY,CHILD,,14500,2026-05-19,2026-09-06,,OFFICIAL,S077,2026-09-03,CONFIRMED,
2026,KIWOOM,GOCHEOK,BURGUNDY,버건디석,STANDARD,WEEKDAY,ADULT,,18000,,,,OFFICIAL,S077,2026-09-03,CONFIRMED,
2026,KIWOOM,GOCHEOK,BURGUNDY,버건디석,STANDARD,WEEKEND_HOLIDAY,ADULT,,25000,,,,OFFICIAL,S077,2026-09-03,CONFIRMED,
2026,KIWOOM,GOCHEOK,BURGUNDY,버건디석,SUMMER,WEEKDAY,ADULT,,20000,2026-05-19,2026-09-06,,OFFICIAL,S077,2026-09-03,CONFIRMED,
2026,KIWOOM,GOCHEOK,BURGUNDY,버건디석,SUMMER,WEEKEND_HOLIDAY,ADULT,,29000,2026-05-19,2026-09-06,,OFFICIAL,S077,2026-09-03,CONFIRMED,
2026,KIWOOM,GOCHEOK,BURGUNDY,버건디석,STANDARD,WEEKDAY,CHILD,,8000,,,,OFFICIAL,S077,2026-09-03,CONFIRMED,
2026,KIWOOM,GOCHEOK,BURGUNDY,버건디석,STANDARD,WEEKEND_HOLIDAY,CHILD,,12000,,,,OFFICIAL,S077,2026-09-03,CONFIRMED,
2026,KIWOOM,GOCHEOK,BURGUNDY,버건디석,SUMMER,WEEKDAY,CHILD,,10000,2026-05-19,2026-09-06,,OFFICIAL,S077,2026-09-03,CONFIRMED,
2026,KIWOOM,GOCHEOK,BURGUNDY,버건디석,SUMMER,WEEKEND_HOLIDAY,CHILD,,14000,2026-05-19,2026-09-06,,OFFICIAL,S077,2026-09-03,CONFIRMED,
2026,KIWOOM,GOCHEOK,RESERVED_3F,3층 지정석,STANDARD,WEEKDAY,ADULT,,14000,,,,OFFICIAL,S077,2026-09-03,CONFIRMED,
2026,KIWOOM,GOCHEOK,RESERVED_3F,3층 지정석,STANDARD,WEEKEND_HOLIDAY,ADULT,,21000,,,,OFFICIAL,S077,2026-09-03,CONFIRMED,
2026,KIWOOM,GOCHEOK,RESERVED_3F,3층 지정석,SUMMER,WEEKDAY,ADULT,,17000,2026-05-19,2026-09-06,,OFFICIAL,S077,2026-09-03,CONFIRMED,
2026,KIWOOM,GOCHEOK,RESERVED_3F,3층 지정석,SUMMER,WEEKEND_HOLIDAY,ADULT,,24000,2026-05-19,2026-09-06,,OFFICIAL,S077,2026-09-03,CONFIRMED,
2026,KIWOOM,GOCHEOK,RESERVED_3F,3층 지정석,STANDARD,WEEKDAY,CHILD,,7000,,,,OFFICIAL,S077,2026-09-03,CONFIRMED,
2026,KIWOOM,GOCHEOK,RESERVED_3F,3층 지정석,STANDARD,WEEKEND_HOLIDAY,CHILD,,10000,,,,OFFICIAL,S077,2026-09-03,CONFIRMED,
2026,KIWOOM,GOCHEOK,RESERVED_3F,3층 지정석,SUMMER,WEEKDAY,CHILD,,8000,2026-05-19,2026-09-06,,OFFICIAL,S077,2026-09-03,CONFIRMED,
2026,KIWOOM,GOCHEOK,RESERVED_3F,3층 지정석,SUMMER,WEEKEND_HOLIDAY,CHILD,,11000,2026-05-19,2026-09-06,,OFFICIAL,S077,2026-09-03,CONFIRMED,
2026,KIWOOM,GOCHEOK,RESERVED_4F,4층 지정석,STANDARD,WEEKDAY,ADULT,,9000,,,,OFFICIAL,S077,2026-09-03,CONFIRMED,
2026,KIWOOM,GOCHEOK,RESERVED_4F,4층 지정석,STANDARD,WEEKEND_HOLIDAY,ADULT,,13000,,,,OFFICIAL,S077,2026-09-03,CONFIRMED,
2026,KIWOOM,GOCHEOK,RESERVED_4F,4층 지정석,SUMMER,WEEKDAY,ADULT,,10000,2026-05-19,2026-09-06,,OFFICIAL,S077,2026-09-03,CONFIRMED,
2026,KIWOOM,GOCHEOK,RESERVED_4F,4층 지정석,SUMMER,WEEKEND_HOLIDAY,ADULT,,15000,2026-05-19,2026-09-06,,OFFICIAL,S077,2026-09-03,CONFIRMED,
2026,KIWOOM,GOCHEOK,RESERVED_4F,4층 지정석,STANDARD,WEEKDAY,YOUTH,,7000,,,,OFFICIAL,S077,2026-09-03,CONFIRMED,
2026,KIWOOM,GOCHEOK,RESERVED_4F,4층 지정석,STANDARD,WEEKEND_HOLIDAY,YOUTH,,10000,,,,OFFICIAL,S077,2026-09-03,CONFIRMED,
2026,KIWOOM,GOCHEOK,RESERVED_4F,4층 지정석,SUMMER,WEEKDAY,YOUTH,,8000,2026-05-19,2026-09-06,,OFFICIAL,S077,2026-09-03,CONFIRMED,
2026,KIWOOM,GOCHEOK,RESERVED_4F,4층 지정석,SUMMER,WEEKEND_HOLIDAY,YOUTH,,11000,2026-05-19,2026-09-06,,OFFICIAL,S077,2026-09-03,CONFIRMED,
2026,KIWOOM,GOCHEOK,RESERVED_4F,4층 지정석,STANDARD,WEEKDAY,DISCOUNTED,,4000,,,장애인·국가유공자·군경·경로 등 공식 할인 대상,OFFICIAL,S077,2026-09-03,CONFIRMED,
2026,KIWOOM,GOCHEOK,RESERVED_4F,4층 지정석,STANDARD,WEEKEND_HOLIDAY,DISCOUNTED,,6000,,,장애인·국가유공자·군경·경로 등 공식 할인 대상,OFFICIAL,S077,2026-09-03,CONFIRMED,
2026,KIWOOM,GOCHEOK,RESERVED_4F,4층 지정석,SUMMER,WEEKDAY,DISCOUNTED,,4500,2026-05-19,2026-09-06,장애인·국가유공자·군경·경로 등 공식 할인 대상,OFFICIAL,S077,2026-09-03,CONFIRMED,
2026,KIWOOM,GOCHEOK,RESERVED_4F,4층 지정석,SUMMER,WEEKEND_HOLIDAY,DISCOUNTED,,7000,2026-05-19,2026-09-06,장애인·국가유공자·군경·경로 등 공식 할인 대상,OFFICIAL,S077,2026-09-03,CONFIRMED,
2026,KIWOOM,GOCHEOK,WHEELCHAIR,휠체어석,STANDARD,WEEKDAY,WHEELCHAIR_PLUS_1,2,10000,,,,OFFICIAL,S077,2026-09-03,CONFIRMED,
2026,KIWOOM,GOCHEOK,WHEELCHAIR,휠체어석,STANDARD,WEEKEND_HOLIDAY,WHEELCHAIR_PLUS_1,2,15000,,,,OFFICIAL,S077,2026-09-03,CONFIRMED,
2026,KIWOOM,GOCHEOK,WHEELCHAIR,휠체어석,SUMMER,WEEKDAY,WHEELCHAIR_PLUS_1,2,11000,2026-05-19,2026-09-06,,OFFICIAL,S077,2026-09-03,CONFIRMED,
2026,KIWOOM,GOCHEOK,WHEELCHAIR,휠체어석,SUMMER,WEEKEND_HOLIDAY,WHEELCHAIR_PLUS_1,2,16500,2026-05-19,2026-09-06,,OFFICIAL,S077,2026-09-03,CONFIRMED,
2026,KIWOOM,GOCHEOK,OUTFIELD_RESERVED,외야 지정석,STANDARD,WEEKDAY,ADULT,,9000,,,,OFFICIAL,S077,2026-09-03,CONFIRMED,
2026,KIWOOM,GOCHEOK,OUTFIELD_RESERVED,외야 지정석,STANDARD,WEEKEND_HOLIDAY,ADULT,,13000,,,,OFFICIAL,S077,2026-09-03,CONFIRMED,
2026,KIWOOM,GOCHEOK,OUTFIELD_RESERVED,외야 지정석,SUMMER,WEEKDAY,ADULT,,10000,2026-05-19,2026-09-06,,OFFICIAL,S077,2026-09-03,CONFIRMED,
2026,KIWOOM,GOCHEOK,OUTFIELD_RESERVED,외야 지정석,SUMMER,WEEKEND_HOLIDAY,ADULT,,15000,2026-05-19,2026-09-06,,OFFICIAL,S077,2026-09-03,CONFIRMED,
2026,KIWOOM,GOCHEOK,OUTFIELD_RESERVED,외야 지정석,STANDARD,WEEKDAY,YOUTH,,7000,,,,OFFICIAL,S077,2026-09-03,CONFIRMED,
2026,KIWOOM,GOCHEOK,OUTFIELD_RESERVED,외야 지정석,STANDARD,WEEKEND_HOLIDAY,YOUTH,,10000,,,,OFFICIAL,S077,2026-09-03,CONFIRMED,
2026,KIWOOM,GOCHEOK,OUTFIELD_RESERVED,외야 지정석,SUMMER,WEEKDAY,YOUTH,,8000,2026-05-19,2026-09-06,,OFFICIAL,S077,2026-09-03,CONFIRMED,
2026,KIWOOM,GOCHEOK,OUTFIELD_RESERVED,외야 지정석,SUMMER,WEEKEND_HOLIDAY,YOUTH,,11000,2026-05-19,2026-09-06,,OFFICIAL,S077,2026-09-03,CONFIRMED,
2026,KIWOOM,GOCHEOK,OUTFIELD_RESERVED,외야 지정석,STANDARD,WEEKDAY,DISCOUNTED,,4000,,,장애인·국가유공자·군경·경로 등 공식 할인 대상,OFFICIAL,S077,2026-09-03,CONFIRMED,
2026,KIWOOM,GOCHEOK,OUTFIELD_RESERVED,외야 지정석,STANDARD,WEEKEND_HOLIDAY,DISCOUNTED,,6000,,,장애인·국가유공자·군경·경로 등 공식 할인 대상,OFFICIAL,S077,2026-09-03,CONFIRMED,
2026,KIWOOM,GOCHEOK,OUTFIELD_RESERVED,외야 지정석,SUMMER,WEEKDAY,DISCOUNTED,,4500,2026-05-19,2026-09-06,장애인·국가유공자·군경·경로 등 공식 할인 대상,OFFICIAL,S077,2026-09-03,CONFIRMED,
2026,KIWOOM,GOCHEOK,OUTFIELD_RESERVED,외야 지정석,SUMMER,WEEKEND_HOLIDAY,DISCOUNTED,,7000,2026-05-19,2026-09-06,장애인·국가유공자·군경·경로 등 공식 할인 대상,OFFICIAL,S077,2026-09-03,CONFIRMED,
2026,KIWOOM,GOCHEOK,D_CLUB,d-club(다이아몬드 클럽),STANDARD,WEEKDAY,GENERAL,,50000,,,,OFFICIAL,S077,2026-09-03,CONFIRMED,
2026,KIWOOM,GOCHEOK,D_CLUB,d-club(다이아몬드 클럽),STANDARD,WEEKEND_HOLIDAY,GENERAL,,75000,,,,OFFICIAL,S077,2026-09-03,CONFIRMED,
2026,KIWOOM,GOCHEOK,OUTFIELD_UPPER,외야 지정석(상단),STANDARD,WEEKDAY,ADULT,,7000,,,,OFFICIAL,S077,2026-09-03,CONFIRMED,
2026,KIWOOM,GOCHEOK,OUTFIELD_UPPER,외야 지정석(상단),STANDARD,WEEKEND_HOLIDAY,ADULT,,10000,,,,OFFICIAL,S077,2026-09-03,CONFIRMED,
2026,KIWOOM,GOCHEOK,OUTFIELD_UPPER,외야 지정석(상단),STANDARD,WEEKDAY,DISCOUNTED,,3000,,,,OFFICIAL,S077,2026-09-03,CONFIRMED,
2026,KIWOOM,GOCHEOK,OUTFIELD_UPPER,외야 지정석(상단),STANDARD,WEEKEND_HOLIDAY,DISCOUNTED,,5000,,,,OFFICIAL,S077,2026-09-03,CONFIRMED,
2026,KIWOOM,GOCHEOK,OUTFIELD_UPPER,외야 지정석(상단),STANDARD,WEEKDAY,PRESCHOOL_CHILD_MEMBER_LITTLE_LEAGUE,무료 대상 증빙 필요,0,,,,OFFICIAL,S077,2026-09-03,CONFIRMED,
2026,KIWOOM,GOCHEOK,OUTFIELD_UPPER,외야 지정석(상단),STANDARD,WEEKEND_HOLIDAY,PRESCHOOL_CHILD_MEMBER_LITTLE_LEAGUE,무료 대상 증빙 필요,0,,,,OFFICIAL,S077,2026-09-03,CONFIRMED,
2026,KIWOOM,GOCHEOK,SKYBOX,스카이박스,STANDARD,PER_GAME,GROUP,9,1080000,,,실 단위 요금,OFFICIAL,S077,2026-09-03,CONFIRMED,
2026,KIWOOM,GOCHEOK,SKYBOX,스카이박스,STANDARD,PER_GAME,GROUP,14,1680000,,,실 단위 요금,OFFICIAL,S077,2026-09-03,CONFIRMED,
2026,KIWOOM,GOCHEOK,SKYBOX,스카이박스,STANDARD,PER_GAME,GROUP,20,2400000,,,실 단위 요금,OFFICIAL,S077,2026-09-03,CONFIRMED,
2026,KIWOOM,GOCHEOK,OUTFIELD_FAMILY,외야 패밀리석,STANDARD,WEEKDAY,GROUP,4,88000,,,그룹 총액,OFFICIAL,S077,2026-09-03,CONFIRMED,
2026,KIWOOM,GOCHEOK,OUTFIELD_FAMILY,외야 패밀리석,STANDARD,WEEKEND_HOLIDAY,GROUP,4,120000,,,그룹 총액,OFFICIAL,S077,2026-09-03,CONFIRMED,
2026,KIWOOM,GOCHEOK,OUTFIELD_FAMILY,외야 패밀리석,SUMMER,WEEKDAY,GROUP,4,100000,2026-05-19,2026-09-06,그룹 총액,OFFICIAL,S077,2026-09-03,CONFIRMED,
2026,KIWOOM,GOCHEOK,OUTFIELD_FAMILY,외야 패밀리석,SUMMER,WEEKEND_HOLIDAY,GROUP,4,140000,2026-05-19,2026-09-06,그룹 총액,OFFICIAL,S077,2026-09-03,CONFIRMED,
2026,KIWOOM,GOCHEOK,OUTFIELD_FAMILY,외야 패밀리석,STANDARD,WEEKDAY,GROUP,5,112000,,,그룹 총액,OFFICIAL,S077,2026-09-03,CONFIRMED,
2026,KIWOOM,GOCHEOK,OUTFIELD_FAMILY,외야 패밀리석,STANDARD,WEEKEND_HOLIDAY,GROUP,5,150000,,,그룹 총액,OFFICIAL,S077,2026-09-03,CONFIRMED,
2026,KIWOOM,GOCHEOK,OUTFIELD_FAMILY,외야 패밀리석,SUMMER,WEEKDAY,GROUP,5,130000,2026-05-19,2026-09-06,그룹 총액,OFFICIAL,S077,2026-09-03,CONFIRMED,
2026,KIWOOM,GOCHEOK,OUTFIELD_FAMILY,외야 패밀리석,SUMMER,WEEKEND_HOLIDAY,GROUP,5,180000,2026-05-19,2026-09-06,그룹 총액,OFFICIAL,S077,2026-09-03,CONFIRMED,
2026,KIWOOM,GOCHEOK,INFANT_COMPANION,외야 유아동반석,STANDARD,WEEKDAY,GROUP,2,44000,,,2인 그룹 총액,OFFICIAL,S077,2026-09-03,CONFIRMED,
2026,KIWOOM,GOCHEOK,INFANT_COMPANION,외야 유아동반석,STANDARD,WEEKEND_HOLIDAY,GROUP,2,60000,,,2인 그룹 총액,OFFICIAL,S077,2026-09-03,CONFIRMED,
2026,KIWOOM,GOCHEOK,INFANT_COMPANION,외야 유아동반석,SUMMER,WEEKDAY,GROUP,2,50000,2026-05-19,2026-09-06,2인 그룹 총액,OFFICIAL,S077,2026-09-03,CONFIRMED,
2026,KIWOOM,GOCHEOK,INFANT_COMPANION,외야 유아동반석,SUMMER,WEEKEND_HOLIDAY,GROUP,2,70000,2026-05-19,2026-09-06,2인 그룹 총액,OFFICIAL,S077,2026-09-03,CONFIRMED,
2026,SSG,MUNHAK,SKY_VIEW_4F,4층 SKY뷰석,STANDARD,WEEKDAY,GENERAL,,13000,,,,OFFICIAL,S087,2026-09-03,CONFIRMED,
2026,SSG,MUNHAK,SKY_VIEW_4F,4층 SKY뷰석,STANDARD,WEEKEND_HOLIDAY,GENERAL,,15000,,,,OFFICIAL,S087,2026-09-03,CONFIRMED,
2026,SSG,MUNHAK,OUTFIELD_FIELD,외야 필드석,STANDARD,WEEKDAY,GENERAL,,15000,,,,OFFICIAL,S087,2026-09-03,CONFIRMED,
2026,SSG,MUNHAK,OUTFIELD_FIELD,외야 필드석,STANDARD,WEEKEND_HOLIDAY,GENERAL,,18000,,,,OFFICIAL,S087,2026-09-03,CONFIRMED,
2026,SSG,MUNHAK,INFIELD_FIELD,내야 필드석,STANDARD,WEEKDAY,GENERAL,,16000,,,,OFFICIAL,S087,2026-09-03,CONFIRMED,
2026,SSG,MUNHAK,INFIELD_FIELD,내야 필드석,STANDARD,WEEKEND_HOLIDAY,GENERAL,,19000,,,,OFFICIAL,S087,2026-09-03,CONFIRMED,
2026,SSG,MUNHAK,MOLLY_GREEN,몰리스 그린존,STANDARD,WEEKDAY,GENERAL,,20000,,,,OFFICIAL,S087,2026-09-03,CONFIRMED,
2026,SSG,MUNHAK,MOLLY_GREEN,몰리스 그린존,STANDARD,WEEKEND_HOLIDAY,GENERAL,,28000,,,,OFFICIAL,S087,2026-09-03,CONFIRMED,
2026,SSG,MUNHAK,CHOI_400,최정 400홈런 기념존,STANDARD,WEEKDAY,GENERAL,,400,,,,OFFICIAL,S087,2026-09-03,CONFIRMED,
2026,SSG,MUNHAK,CHOI_400,최정 400홈런 기념존,STANDARD,WEEKEND_HOLIDAY,GENERAL,,400,,,,OFFICIAL,S087,2026-09-03,CONFIRMED,
2026,SSG,MUNHAK,WHEELCHAIR,휠체어 장애인석,STANDARD,WEEKDAY,GENERAL,,5000,,,,OFFICIAL,S087,2026-09-03,CONFIRMED,
2026,SSG,MUNHAK,WHEELCHAIR,휠체어 장애인석,STANDARD,WEEKEND_HOLIDAY,GENERAL,,5000,,,,OFFICIAL,S087,2026-09-03,CONFIRMED,
2026,SSG,MUNHAK,EUSSEUK,으쓱이존,STANDARD,WEEKDAY,GENERAL,,19000,,,,OFFICIAL,S087,2026-09-03,CONFIRMED,
2026,SSG,MUNHAK,EUSSEUK,으쓱이존,STANDARD,WEEKEND_HOLIDAY,GENERAL,,22000,,,,OFFICIAL,S087,2026-09-03,CONFIRMED,
2026,SSG,MUNHAK,AWAY_CHEER,원정응원석,STANDARD,WEEKDAY,GENERAL,,19000,,,,OFFICIAL,S087,2026-09-03,CONFIRMED,
2026,SSG,MUNHAK,AWAY_CHEER,원정응원석,STANDARD,WEEKEND_HOLIDAY,GENERAL,,22000,,,,OFFICIAL,S087,2026-09-03,CONFIRMED,
2026,SSG,MUNHAK,DUGOUT_UPPER,덕아웃 상단석,STANDARD,WEEKDAY,GENERAL,,21000,,,,OFFICIAL,S087,2026-09-03,CONFIRMED,
2026,SSG,MUNHAK,DUGOUT_UPPER,덕아웃 상단석,STANDARD,WEEKEND_HOLIDAY,GENERAL,,25000,,,,OFFICIAL,S087,2026-09-03,CONFIRMED,
2026,SSG,MUNHAK,CHOGAJUNGJA,초가정자,STANDARD,WEEKDAY,GENERAL,,23000,,,,OFFICIAL,S087,2026-09-03,CONFIRMED,
2026,SSG,MUNHAK,CHOGAJUNGJA,초가정자,STANDARD,WEEKEND_HOLIDAY,GENERAL,,31000,,,,OFFICIAL,S087,2026-09-03,CONFIRMED,
2026,SSG,MUNHAK,ROCKET_OUTFIELD_PARTY,로켓배터리 외야파티덱,STANDARD,WEEKDAY,GENERAL,,25000,,,,OFFICIAL,S087,2026-09-03,CONFIRMED,
2026,SSG,MUNHAK,ROCKET_OUTFIELD_PARTY,로켓배터리 외야파티덱,STANDARD,WEEKEND_HOLIDAY,GENERAL,,31000,,,,OFFICIAL,S087,2026-09-03,CONFIRMED,
2026,SSG,MUNHAK,SKY_TABLE,SKY탁자석,STANDARD,WEEKDAY,GENERAL,,26000,,,,OFFICIAL,S087,2026-09-03,CONFIRMED,
2026,SSG,MUNHAK,SKY_TABLE,SKY탁자석,STANDARD,WEEKEND_HOLIDAY,GENERAL,,36000,,,,OFFICIAL,S087,2026-09-03,CONFIRMED,
2026,SSG,MUNHAK,OUTFIELD_FAMILY,외야패밀리존,STANDARD,WEEKDAY,GENERAL,,27000,,,,OFFICIAL,S087,2026-09-03,CONFIRMED,
2026,SSG,MUNHAK,OUTFIELD_FAMILY,외야패밀리존,STANDARD,WEEKEND_HOLIDAY,GENERAL,,37000,,,,OFFICIAL,S087,2026-09-03,CONFIRMED,
2026,SSG,MUNHAK,HOME_RUN_COUPLE,홈런커플존,STANDARD,WEEKDAY,GENERAL,,32000,,,,OFFICIAL,S087,2026-09-03,CONFIRMED,
2026,SSG,MUNHAK,HOME_RUN_COUPLE,홈런커플존,STANDARD,WEEKEND_HOLIDAY,GENERAL,,41000,,,,OFFICIAL,S087,2026-09-03,CONFIRMED,
2026,SSG,MUNHAK,EMART_FRIENDLY,이마트 프렌들리존,STANDARD,WEEKDAY,GENERAL,,34000,,,,OFFICIAL,S087,2026-09-03,CONFIRMED,
2026,SSG,MUNHAK,EMART_FRIENDLY,이마트 프렌들리존,STANDARD,WEEKEND_HOLIDAY,GENERAL,,41000,,,,OFFICIAL,S087,2026-09-03,CONFIRMED,
2026,SSG,MUNHAK,EMART_BBQ,이마트 바비큐존,STANDARD,WEEKDAY,GENERAL,,37000,,,,OFFICIAL,S087,2026-09-03,CONFIRMED,
2026,SSG,MUNHAK,EMART_BBQ,이마트 바비큐존,STANDARD,WEEKEND_HOLIDAY,GENERAL,,48000,,,,OFFICIAL,S087,2026-09-03,CONFIRMED,
2026,SSG,MUNHAK,DODORAM_BBQ,도드람한돈 바비큐존,STANDARD,WEEKDAY,GENERAL,,37000,,,,OFFICIAL,S087,2026-09-03,CONFIRMED,
2026,SSG,MUNHAK,DODORAM_BBQ,도드람한돈 바비큐존,STANDARD,WEEKEND_HOLIDAY,GENERAL,,48000,,,,OFFICIAL,S087,2026-09-03,CONFIRMED,
2026,SSG,MUNHAK,YOGIYO_INFIELD_FAMILY,요기요 내야패밀리존,STANDARD,WEEKDAY,GENERAL,,40000,,,,OFFICIAL,S087,2026-09-03,CONFIRMED,
2026,SSG,MUNHAK,YOGIYO_INFIELD_FAMILY,요기요 내야패밀리존,STANDARD,WEEKEND_HOLIDAY,GENERAL,,53000,,,,OFFICIAL,S087,2026-09-03,CONFIRMED,
2026,SSG,MUNHAK,NOBRAND_TABLE_2F,노브랜드 테이블석(2층),STANDARD,WEEKDAY,GENERAL,,47000,,,,OFFICIAL,S087,2026-09-03,CONFIRMED,
2026,SSG,MUNHAK,NOBRAND_TABLE_2F,노브랜드 테이블석(2층),STANDARD,WEEKEND_HOLIDAY,GENERAL,,55000,,,,OFFICIAL,S087,2026-09-03,CONFIRMED,
2026,SSG,MUNHAK,PEACOCK_TABLE_1F,피코크 테이블석(1층),STANDARD,WEEKDAY,GENERAL,,53000,,,,OFFICIAL,S087,2026-09-03,CONFIRMED,
2026,SSG,MUNHAK,PEACOCK_TABLE_1F,피코크 테이블석(1층),STANDARD,WEEKEND_HOLIDAY,GENERAL,,64000,,,,OFFICIAL,S087,2026-09-03,CONFIRMED,
2026,SSG,MUNHAK,LANDERS_LIVE,랜더스 라이브존,STANDARD,WEEKDAY,GENERAL,,60000,,,,OFFICIAL,S087,2026-09-03,CONFIRMED,
2026,SSG,MUNHAK,LANDERS_LIVE,랜더스 라이브존,STANDARD,WEEKEND_HOLIDAY,GENERAL,,75000,,,,OFFICIAL,S087,2026-09-03,CONFIRMED,
2026,SSG,MUNHAK,MINI_SKYBOX,미니스카이박스,STANDARD,WEEKDAY,GENERAL,,67000,,,,OFFICIAL,S087,2026-09-03,CONFIRMED,
2026,SSG,MUNHAK,MINI_SKYBOX,미니스카이박스,STANDARD,WEEKEND_HOLIDAY,GENERAL,,86000,,,,OFFICIAL,S087,2026-09-03,CONFIRMED,
2026,SSG,MUNHAK,SKYBOX,스카이박스,STANDARD,WEEKDAY,GENERAL,,83000,,,,OFFICIAL,S087,2026-09-03,CONFIRMED,
2026,SSG,MUNHAK,SKYBOX,스카이박스,STANDARD,WEEKEND_HOLIDAY,GENERAL,,91000,,,,OFFICIAL,S087,2026-09-03,CONFIRMED,
2026,SSG,MUNHAK,SKY_VIEW_4F,4층 SKY뷰석,STANDARD,WEEKDAY,YOUTH,,9000,,,공식 할인 대상 및 증빙 조건 적용,OFFICIAL,S087,2026-09-03,CONFIRMED,
2026,SSG,MUNHAK,SKY_VIEW_4F,4층 SKY뷰석,STANDARD,WEEKEND_HOLIDAY,YOUTH,,10500,,,공식 할인 대상 및 증빙 조건 적용,OFFICIAL,S087,2026-09-03,CONFIRMED,
2026,SSG,MUNHAK,SKY_VIEW_4F,4층 SKY뷰석,STANDARD,WEEKDAY,DISCOUNTED,,6500,,,공식 할인 대상 및 증빙 조건 적용,OFFICIAL,S087,2026-09-03,CONFIRMED,
2026,SSG,MUNHAK,SKY_VIEW_4F,4층 SKY뷰석,STANDARD,WEEKEND_HOLIDAY,DISCOUNTED,,7500,,,공식 할인 대상 및 증빙 조건 적용,OFFICIAL,S087,2026-09-03,CONFIRMED,
2026,SSG,MUNHAK,OUTFIELD_FIELD,외야 필드석,STANDARD,WEEKDAY,YOUTH,,10500,,,공식 할인 대상 및 증빙 조건 적용,OFFICIAL,S087,2026-09-03,CONFIRMED,
2026,SSG,MUNHAK,OUTFIELD_FIELD,외야 필드석,STANDARD,WEEKEND_HOLIDAY,YOUTH,,12500,,,공식 할인 대상 및 증빙 조건 적용,OFFICIAL,S087,2026-09-03,CONFIRMED,
2026,SSG,MUNHAK,OUTFIELD_FIELD,외야 필드석,STANDARD,WEEKDAY,DISCOUNTED,,7500,,,공식 할인 대상 및 증빙 조건 적용,OFFICIAL,S087,2026-09-03,CONFIRMED,
2026,SSG,MUNHAK,OUTFIELD_FIELD,외야 필드석,STANDARD,WEEKEND_HOLIDAY,DISCOUNTED,,9000,,,공식 할인 대상 및 증빙 조건 적용,OFFICIAL,S087,2026-09-03,CONFIRMED,
2026,SSG,MUNHAK,INFIELD_FIELD,내야 필드석,STANDARD,WEEKDAY,YOUTH,,11000,,,공식 할인 대상 및 증빙 조건 적용,OFFICIAL,S087,2026-09-03,CONFIRMED,
2026,SSG,MUNHAK,INFIELD_FIELD,내야 필드석,STANDARD,WEEKEND_HOLIDAY,YOUTH,,13000,,,공식 할인 대상 및 증빙 조건 적용,OFFICIAL,S087,2026-09-03,CONFIRMED,
2026,SSG,MUNHAK,INFIELD_FIELD,내야 필드석,STANDARD,WEEKDAY,DISCOUNTED,,8000,,,공식 할인 대상 및 증빙 조건 적용,OFFICIAL,S087,2026-09-03,CONFIRMED,
2026,SSG,MUNHAK,INFIELD_FIELD,내야 필드석,STANDARD,WEEKEND_HOLIDAY,DISCOUNTED,,9500,,,공식 할인 대상 및 증빙 조건 적용,OFFICIAL,S087,2026-09-03,CONFIRMED,
2026,SSG,MUNHAK,MOLLY_GREEN,몰리스 그린존,STANDARD,WEEKDAY,YOUTH,,14000,,,공식 할인 대상 및 증빙 조건 적용,OFFICIAL,S087,2026-09-03,CONFIRMED,
2026,SSG,MUNHAK,MOLLY_GREEN,몰리스 그린존,STANDARD,WEEKEND_HOLIDAY,YOUTH,,19500,,,공식 할인 대상 및 증빙 조건 적용,OFFICIAL,S087,2026-09-03,CONFIRMED,
2026,SSG,MUNHAK,MOLLY_GREEN,몰리스 그린존,STANDARD,WEEKDAY,CHILD,,10000,,,공식 할인 대상 및 증빙 조건 적용,OFFICIAL,S087,2026-09-03,CONFIRMED,
2026,SSG,MUNHAK,MOLLY_GREEN,몰리스 그린존,STANDARD,WEEKEND_HOLIDAY,CHILD,,14000,,,공식 할인 대상 및 증빙 조건 적용,OFFICIAL,S087,2026-09-03,CONFIRMED,
2026,HANWHA,DAEJEON,CATCHER_BACK,포수후면석,TIER_1,TIER_1,GENERAL,,52500,,,모든 표기 요금은 1인 기준,OFFICIAL,S088,2026-09-03,CONFIRMED,공식 2026 경기 구간별 요금
2026,HANWHA,DAEJEON,CATCHER_BACK,포수후면석,TIER_2,TIER_2,GENERAL,,58000,,,모든 표기 요금은 1인 기준,OFFICIAL,S088,2026-09-03,CONFIRMED,공식 2026 경기 구간별 요금
2026,HANWHA,DAEJEON,CATCHER_BACK,포수후면석,TIER_3,TIER_3,GENERAL,,71000,,,모든 표기 요금은 1인 기준,OFFICIAL,S088,2026-09-03,CONFIRMED,공식 2026 경기 구간별 요금
2026,HANWHA,DAEJEON,CATCHER_BACK,포수후면석,TIER_4,TIER_4,GENERAL,,81500,,,모든 표기 요금은 1인 기준,OFFICIAL,S088,2026-09-03,CONFIRMED,공식 2026 경기 구간별 요금
2026,HANWHA,DAEJEON,CATCHER_BACK,포수후면석,SPECIAL,SPECIAL,GENERAL,,86500,,,모든 표기 요금은 1인 기준,OFFICIAL,S088,2026-09-03,CONFIRMED,공식 2026 경기 구간별 요금
2026,HANWHA,DAEJEON,CENTER_RESERVED,중앙지정석,TIER_1,TIER_1,GENERAL,,44500,,,모든 표기 요금은 1인 기준,OFFICIAL,S088,2026-09-03,CONFIRMED,공식 2026 경기 구간별 요금
2026,HANWHA,DAEJEON,CENTER_RESERVED,중앙지정석,TIER_2,TIER_2,GENERAL,,44500,,,모든 표기 요금은 1인 기준,OFFICIAL,S088,2026-09-03,CONFIRMED,공식 2026 경기 구간별 요금
2026,HANWHA,DAEJEON,CENTER_RESERVED,중앙지정석,TIER_3,TIER_3,GENERAL,,48000,,,모든 표기 요금은 1인 기준,OFFICIAL,S088,2026-09-03,CONFIRMED,공식 2026 경기 구간별 요금
2026,HANWHA,DAEJEON,CENTER_RESERVED,중앙지정석,TIER_4,TIER_4,GENERAL,,54500,,,모든 표기 요금은 1인 기준,OFFICIAL,S088,2026-09-03,CONFIRMED,공식 2026 경기 구간별 요금
2026,HANWHA,DAEJEON,CENTER_RESERVED,중앙지정석,SPECIAL,SPECIAL,GENERAL,,58000,,,모든 표기 요금은 1인 기준,OFFICIAL,S088,2026-09-03,CONFIRMED,공식 2026 경기 구간별 요금
2026,HANWHA,DAEJEON,CENTER_TABLE,중앙탁자석,TIER_1,TIER_1,GENERAL,,52000,,,모든 표기 요금은 1인 기준,OFFICIAL,S088,2026-09-03,CONFIRMED,공식 2026 경기 구간별 요금
2026,HANWHA,DAEJEON,CENTER_TABLE,중앙탁자석,TIER_2,TIER_2,GENERAL,,52000,,,모든 표기 요금은 1인 기준,OFFICIAL,S088,2026-09-03,CONFIRMED,공식 2026 경기 구간별 요금
2026,HANWHA,DAEJEON,CENTER_TABLE,중앙탁자석,TIER_3,TIER_3,GENERAL,,56500,,,모든 표기 요금은 1인 기준,OFFICIAL,S088,2026-09-03,CONFIRMED,공식 2026 경기 구간별 요금
2026,HANWHA,DAEJEON,CENTER_TABLE,중앙탁자석,TIER_4,TIER_4,GENERAL,,64500,,,모든 표기 요금은 1인 기준,OFFICIAL,S088,2026-09-03,CONFIRMED,공식 2026 경기 구간별 요금
2026,HANWHA,DAEJEON,CENTER_TABLE,중앙탁자석,SPECIAL,SPECIAL,GENERAL,,68000,,,모든 표기 요금은 1인 기준,OFFICIAL,S088,2026-09-03,CONFIRMED,공식 2026 경기 구간별 요금
2026,HANWHA,DAEJEON,CENTER_WHEELCHAIR,중앙휠체어석,TIER_1,TIER_1,GENERAL,,22500,,,모든 표기 요금은 1인 기준,OFFICIAL,S088,2026-09-03,CONFIRMED,공식 2026 경기 구간별 요금
2026,HANWHA,DAEJEON,CENTER_WHEELCHAIR,중앙휠체어석,TIER_2,TIER_2,GENERAL,,22500,,,모든 표기 요금은 1인 기준,OFFICIAL,S088,2026-09-03,CONFIRMED,공식 2026 경기 구간별 요금
2026,HANWHA,DAEJEON,CENTER_WHEELCHAIR,중앙휠체어석,TIER_3,TIER_3,GENERAL,,24000,,,모든 표기 요금은 1인 기준,OFFICIAL,S088,2026-09-03,CONFIRMED,공식 2026 경기 구간별 요금
2026,HANWHA,DAEJEON,CENTER_WHEELCHAIR,중앙휠체어석,TIER_4,TIER_4,GENERAL,,27500,,,모든 표기 요금은 1인 기준,OFFICIAL,S088,2026-09-03,CONFIRMED,공식 2026 경기 구간별 요금
2026,HANWHA,DAEJEON,CENTER_WHEELCHAIR,중앙휠체어석,SPECIAL,SPECIAL,GENERAL,,29000,,,모든 표기 요금은 1인 기준,OFFICIAL,S088,2026-09-03,CONFIRMED,공식 2026 경기 구간별 요금
2026,HANWHA,DAEJEON,INFIELD_A,내야지정석A,TIER_1,TIER_1,GENERAL,,18000,,,모든 표기 요금은 1인 기준,OFFICIAL,S088,2026-09-03,CONFIRMED,공식 2026 경기 구간별 요금
2026,HANWHA,DAEJEON,INFIELD_A,내야지정석A,TIER_2,TIER_2,GENERAL,,18000,,,모든 표기 요금은 1인 기준,OFFICIAL,S088,2026-09-03,CONFIRMED,공식 2026 경기 구간별 요금
2026,HANWHA,DAEJEON,INFIELD_A,내야지정석A,TIER_3,TIER_3,GENERAL,,21500,,,모든 표기 요금은 1인 기준,OFFICIAL,S088,2026-09-03,CONFIRMED,공식 2026 경기 구간별 요금
2026,HANWHA,DAEJEON,INFIELD_A,내야지정석A,TIER_4,TIER_4,GENERAL,,25500,,,모든 표기 요금은 1인 기준,OFFICIAL,S088,2026-09-03,CONFIRMED,공식 2026 경기 구간별 요금
2026,HANWHA,DAEJEON,INFIELD_A,내야지정석A,SPECIAL,SPECIAL,GENERAL,,28500,,,모든 표기 요금은 1인 기준,OFFICIAL,S088,2026-09-03,CONFIRMED,공식 2026 경기 구간별 요금
2026,HANWHA,DAEJEON,CHEERING,응원단석,TIER_1,TIER_1,GENERAL,,20000,,,모든 표기 요금은 1인 기준,OFFICIAL,S088,2026-09-03,CONFIRMED,공식 2026 경기 구간별 요금
2026,HANWHA,DAEJEON,CHEERING,응원단석,TIER_2,TIER_2,GENERAL,,20000,,,모든 표기 요금은 1인 기준,OFFICIAL,S088,2026-09-03,CONFIRMED,공식 2026 경기 구간별 요금
2026,HANWHA,DAEJEON,CHEERING,응원단석,TIER_3,TIER_3,GENERAL,,25000,,,모든 표기 요금은 1인 기준,OFFICIAL,S088,2026-09-03,CONFIRMED,공식 2026 경기 구간별 요금
2026,HANWHA,DAEJEON,CHEERING,응원단석,TIER_4,TIER_4,GENERAL,,29000,,,모든 표기 요금은 1인 기준,OFFICIAL,S088,2026-09-03,CONFIRMED,공식 2026 경기 구간별 요금
2026,HANWHA,DAEJEON,CHEERING,응원단석,SPECIAL,SPECIAL,GENERAL,,32000,,,모든 표기 요금은 1인 기준,OFFICIAL,S088,2026-09-03,CONFIRMED,공식 2026 경기 구간별 요금
2026,HANWHA,DAEJEON,INFIELD_B,내야지정석B,TIER_1,TIER_1,GENERAL,,15500,,,모든 표기 요금은 1인 기준,OFFICIAL,S088,2026-09-03,CONFIRMED,공식 2026 경기 구간별 요금
2026,HANWHA,DAEJEON,INFIELD_B,내야지정석B,TIER_2,TIER_2,GENERAL,,17500,,,모든 표기 요금은 1인 기준,OFFICIAL,S088,2026-09-03,CONFIRMED,공식 2026 경기 구간별 요금
2026,HANWHA,DAEJEON,INFIELD_B,내야지정석B,TIER_3,TIER_3,GENERAL,,19000,,,모든 표기 요금은 1인 기준,OFFICIAL,S088,2026-09-03,CONFIRMED,공식 2026 경기 구간별 요금
2026,HANWHA,DAEJEON,INFIELD_B,내야지정석B,TIER_4,TIER_4,GENERAL,,21500,,,모든 표기 요금은 1인 기준,OFFICIAL,S088,2026-09-03,CONFIRMED,공식 2026 경기 구간별 요금
2026,HANWHA,DAEJEON,INFIELD_B,내야지정석B,SPECIAL,SPECIAL,GENERAL,,24000,,,모든 표기 요금은 1인 기준,OFFICIAL,S088,2026-09-03,CONFIRMED,공식 2026 경기 구간별 요금
2026,HANWHA,DAEJEON,INFIELD_BOX,내야박스석,TIER_1,TIER_1,GENERAL,,34000,,,모든 표기 요금은 1인 기준,OFFICIAL,S088,2026-09-03,CONFIRMED,공식 2026 경기 구간별 요금
2026,HANWHA,DAEJEON,INFIELD_BOX,내야박스석,TIER_2,TIER_2,GENERAL,,34000,,,모든 표기 요금은 1인 기준,OFFICIAL,S088,2026-09-03,CONFIRMED,공식 2026 경기 구간별 요금
2026,HANWHA,DAEJEON,INFIELD_BOX,내야박스석,TIER_3,TIER_3,GENERAL,,40500,,,모든 표기 요금은 1인 기준,OFFICIAL,S088,2026-09-03,CONFIRMED,공식 2026 경기 구간별 요금
2026,HANWHA,DAEJEON,INFIELD_BOX,내야박스석,TIER_4,TIER_4,GENERAL,,46000,,,모든 표기 요금은 1인 기준,OFFICIAL,S088,2026-09-03,CONFIRMED,공식 2026 경기 구간별 요금
2026,HANWHA,DAEJEON,INFIELD_BOX,내야박스석,SPECIAL,SPECIAL,GENERAL,,49000,,,모든 표기 요금은 1인 기준,OFFICIAL,S088,2026-09-03,CONFIRMED,공식 2026 경기 구간별 요금
2026,HANWHA,DAEJEON,INFIELD_TABLE_1F,내야탁자석(1층),TIER_1,TIER_1,GENERAL,,38500,,,모든 표기 요금은 1인 기준,OFFICIAL,S088,2026-09-03,CONFIRMED,공식 2026 경기 구간별 요금
2026,HANWHA,DAEJEON,INFIELD_TABLE_1F,내야탁자석(1층),TIER_2,TIER_2,GENERAL,,38500,,,모든 표기 요금은 1인 기준,OFFICIAL,S088,2026-09-03,CONFIRMED,공식 2026 경기 구간별 요금
2026,HANWHA,DAEJEON,INFIELD_TABLE_1F,내야탁자석(1층),TIER_3,TIER_3,GENERAL,,46500,,,모든 표기 요금은 1인 기준,OFFICIAL,S088,2026-09-03,CONFIRMED,공식 2026 경기 구간별 요금
2026,HANWHA,DAEJEON,INFIELD_TABLE_1F,내야탁자석(1층),TIER_4,TIER_4,GENERAL,,52500,,,모든 표기 요금은 1인 기준,OFFICIAL,S088,2026-09-03,CONFIRMED,공식 2026 경기 구간별 요금
2026,HANWHA,DAEJEON,INFIELD_TABLE_1F,내야탁자석(1층),SPECIAL,SPECIAL,GENERAL,,56000,,,모든 표기 요금은 1인 기준,OFFICIAL,S088,2026-09-03,CONFIRMED,공식 2026 경기 구간별 요금
2026,HANWHA,DAEJEON,INFIELD_TABLE_4F,내야탁자석(4층),TIER_1,TIER_1,GENERAL,,27000,,,모든 표기 요금은 1인 기준,OFFICIAL,S088,2026-09-03,CONFIRMED,공식 2026 경기 구간별 요금
2026,HANWHA,DAEJEON,INFIELD_TABLE_4F,내야탁자석(4층),TIER_2,TIER_2,GENERAL,,27000,,,모든 표기 요금은 1인 기준,OFFICIAL,S088,2026-09-03,CONFIRMED,공식 2026 경기 구간별 요금
2026,HANWHA,DAEJEON,INFIELD_TABLE_4F,내야탁자석(4층),TIER_3,TIER_3,GENERAL,,35500,,,모든 표기 요금은 1인 기준,OFFICIAL,S088,2026-09-03,CONFIRMED,공식 2026 경기 구간별 요금
2026,HANWHA,DAEJEON,INFIELD_TABLE_4F,내야탁자석(4층),TIER_4,TIER_4,GENERAL,,40000,,,모든 표기 요금은 1인 기준,OFFICIAL,S088,2026-09-03,CONFIRMED,공식 2026 경기 구간별 요금
2026,HANWHA,DAEJEON,INFIELD_TABLE_4F,내야탁자석(4층),SPECIAL,SPECIAL,GENERAL,,44000,,,모든 표기 요금은 1인 기준,OFFICIAL,S088,2026-09-03,CONFIRMED,공식 2026 경기 구간별 요금
2026,HANWHA,DAEJEON,INFIELD_WHEELCHAIR,내야휠체어석,TIER_1,TIER_1,GENERAL,,9000,,,모든 표기 요금은 1인 기준,OFFICIAL,S088,2026-09-03,CONFIRMED,공식 2026 경기 구간별 요금
2026,HANWHA,DAEJEON,INFIELD_WHEELCHAIR,내야휠체어석,TIER_2,TIER_2,GENERAL,,9000,,,모든 표기 요금은 1인 기준,OFFICIAL,S088,2026-09-03,CONFIRMED,공식 2026 경기 구간별 요금
2026,HANWHA,DAEJEON,INFIELD_WHEELCHAIR,내야휠체어석,TIER_3,TIER_3,GENERAL,,11000,,,모든 표기 요금은 1인 기준,OFFICIAL,S088,2026-09-03,CONFIRMED,공식 2026 경기 구간별 요금
2026,HANWHA,DAEJEON,INFIELD_WHEELCHAIR,내야휠체어석,TIER_4,TIER_4,GENERAL,,13000,,,모든 표기 요금은 1인 기준,OFFICIAL,S088,2026-09-03,CONFIRMED,공식 2026 경기 구간별 요금
2026,HANWHA,DAEJEON,INFIELD_WHEELCHAIR,내야휠체어석,SPECIAL,SPECIAL,GENERAL,,14500,,,모든 표기 요금은 1인 기준,OFFICIAL,S088,2026-09-03,CONFIRMED,공식 2026 경기 구간별 요금
2026,HANWHA,DAEJEON,INNINGS_VIP_LOUNGE,이닝스 VIP 라운지,TIER_1,TIER_1,GENERAL,,152000,,,모든 표기 요금은 1인 기준,OFFICIAL,S088,2026-09-03,CONFIRMED,공식 2026 경기 구간별 요금
2026,HANWHA,DAEJEON,INNINGS_VIP_LOUNGE,이닝스 VIP 라운지,TIER_2,TIER_2,GENERAL,,152000,,,모든 표기 요금은 1인 기준,OFFICIAL,S088,2026-09-03,CONFIRMED,공식 2026 경기 구간별 요금
2026,HANWHA,DAEJEON,INNINGS_VIP_LOUNGE,이닝스 VIP 라운지,TIER_3,TIER_3,GENERAL,,156500,,,모든 표기 요금은 1인 기준,OFFICIAL,S088,2026-09-03,CONFIRMED,공식 2026 경기 구간별 요금
2026,HANWHA,DAEJEON,INNINGS_VIP_LOUNGE,이닝스 VIP 라운지,TIER_4,TIER_4,GENERAL,,164500,,,모든 표기 요금은 1인 기준,OFFICIAL,S088,2026-09-03,CONFIRMED,공식 2026 경기 구간별 요금
2026,HANWHA,DAEJEON,INNINGS_VIP_LOUNGE,이닝스 VIP 라운지,SPECIAL,SPECIAL,GENERAL,,168000,,,모든 표기 요금은 1인 기준,OFFICIAL,S088,2026-09-03,CONFIRMED,공식 2026 경기 구간별 요금
2026,HANWHA,DAEJEON,INNINGS_VIP_TERRACE,이닝스 VIP 테라스,TIER_1,TIER_1,GENERAL,,116000,,,모든 표기 요금은 1인 기준,OFFICIAL,S088,2026-09-03,CONFIRMED,공식 2026 경기 구간별 요금
2026,HANWHA,DAEJEON,INNINGS_VIP_TERRACE,이닝스 VIP 테라스,TIER_2,TIER_2,GENERAL,,116000,,,모든 표기 요금은 1인 기준,OFFICIAL,S088,2026-09-03,CONFIRMED,공식 2026 경기 구간별 요금
2026,HANWHA,DAEJEON,INNINGS_VIP_TERRACE,이닝스 VIP 테라스,TIER_3,TIER_3,GENERAL,,122000,,,모든 표기 요금은 1인 기준,OFFICIAL,S088,2026-09-03,CONFIRMED,공식 2026 경기 구간별 요금
2026,HANWHA,DAEJEON,INNINGS_VIP_TERRACE,이닝스 VIP 테라스,TIER_4,TIER_4,GENERAL,,127500,,,모든 표기 요금은 1인 기준,OFFICIAL,S088,2026-09-03,CONFIRMED,공식 2026 경기 구간별 요금
2026,HANWHA,DAEJEON,INNINGS_VIP_TERRACE,이닝스 VIP 테라스,SPECIAL,SPECIAL,GENERAL,,130000,,,모든 표기 요금은 1인 기준,OFFICIAL,S088,2026-09-03,CONFIRMED,공식 2026 경기 구간별 요금
2026,HANWHA,DAEJEON,SPLASH_JACUZZI,스플래쉬 자쿠지,TIER_1,TIER_1,GENERAL,,65500,,,모든 표기 요금은 1인 기준,OFFICIAL,S088,2026-09-03,CONFIRMED,공식 2026 경기 구간별 요금
2026,HANWHA,DAEJEON,SPLASH_JACUZZI,스플래쉬 자쿠지,TIER_2,TIER_2,GENERAL,,67500,,,모든 표기 요금은 1인 기준,OFFICIAL,S088,2026-09-03,CONFIRMED,공식 2026 경기 구간별 요금
2026,HANWHA,DAEJEON,SPLASH_JACUZZI,스플래쉬 자쿠지,TIER_3,TIER_3,GENERAL,,69000,,,모든 표기 요금은 1인 기준,OFFICIAL,S088,2026-09-03,CONFIRMED,공식 2026 경기 구간별 요금
2026,HANWHA,DAEJEON,SPLASH_JACUZZI,스플래쉬 자쿠지,TIER_4,TIER_4,GENERAL,,71500,,,모든 표기 요금은 1인 기준,OFFICIAL,S088,2026-09-03,CONFIRMED,공식 2026 경기 구간별 요금
2026,HANWHA,DAEJEON,SPLASH_JACUZZI,스플래쉬 자쿠지,SPECIAL,SPECIAL,GENERAL,,74000,,,모든 표기 요금은 1인 기준,OFFICIAL,S088,2026-09-03,CONFIRMED,공식 2026 경기 구간별 요금
2026,HANWHA,DAEJEON,SPLASH_GENERAL,스플래쉬 일반,TIER_1,TIER_1,GENERAL,,45500,,,모든 표기 요금은 1인 기준,OFFICIAL,S088,2026-09-03,CONFIRMED,공식 2026 경기 구간별 요금
2026,HANWHA,DAEJEON,SPLASH_GENERAL,스플래쉬 일반,TIER_2,TIER_2,GENERAL,,47500,,,모든 표기 요금은 1인 기준,OFFICIAL,S088,2026-09-03,CONFIRMED,공식 2026 경기 구간별 요금
2026,HANWHA,DAEJEON,SPLASH_GENERAL,스플래쉬 일반,TIER_3,TIER_3,GENERAL,,49000,,,모든 표기 요금은 1인 기준,OFFICIAL,S088,2026-09-03,CONFIRMED,공식 2026 경기 구간별 요금
2026,HANWHA,DAEJEON,SPLASH_GENERAL,스플래쉬 일반,TIER_4,TIER_4,GENERAL,,51500,,,모든 표기 요금은 1인 기준,OFFICIAL,S088,2026-09-03,CONFIRMED,공식 2026 경기 구간별 요금
2026,HANWHA,DAEJEON,SPLASH_GENERAL,스플래쉬 일반,SPECIAL,SPECIAL,GENERAL,,54000,,,모든 표기 요금은 1인 기준,OFFICIAL,S088,2026-09-03,CONFIRMED,공식 2026 경기 구간별 요금
2026,HANWHA,DAEJEON,SPLASH_TABLE,스플래쉬 탁자,TIER_1,TIER_1,GENERAL,,57000,,,모든 표기 요금은 1인 기준,OFFICIAL,S088,2026-09-03,CONFIRMED,공식 2026 경기 구간별 요금
2026,HANWHA,DAEJEON,SPLASH_TABLE,스플래쉬 탁자,TIER_2,TIER_2,GENERAL,,57000,,,모든 표기 요금은 1인 기준,OFFICIAL,S088,2026-09-03,CONFIRMED,공식 2026 경기 구간별 요금
2026,HANWHA,DAEJEON,SPLASH_TABLE,스플래쉬 탁자,TIER_3,TIER_3,GENERAL,,65500,,,모든 표기 요금은 1인 기준,OFFICIAL,S088,2026-09-03,CONFIRMED,공식 2026 경기 구간별 요금
2026,HANWHA,DAEJEON,SPLASH_TABLE,스플래쉬 탁자,TIER_4,TIER_4,GENERAL,,70000,,,모든 표기 요금은 1인 기준,OFFICIAL,S088,2026-09-03,CONFIRMED,공식 2026 경기 구간별 요금
2026,HANWHA,DAEJEON,SPLASH_TABLE,스플래쉬 탁자,SPECIAL,SPECIAL,GENERAL,,74000,,,모든 표기 요금은 1인 기준,OFFICIAL,S088,2026-09-03,CONFIRMED,공식 2026 경기 구간별 요금
2026,HANWHA,DAEJEON,OUTFIELD_RESERVED,외야지정석,TIER_1,TIER_1,GENERAL,,12000,,,모든 표기 요금은 1인 기준,OFFICIAL,S088,2026-09-03,CONFIRMED,공식 2026 경기 구간별 요금
2026,HANWHA,DAEJEON,OUTFIELD_RESERVED,외야지정석,TIER_2,TIER_2,GENERAL,,13000,,,모든 표기 요금은 1인 기준,OFFICIAL,S088,2026-09-03,CONFIRMED,공식 2026 경기 구간별 요금
2026,HANWHA,DAEJEON,OUTFIELD_RESERVED,외야지정석,TIER_3,TIER_3,GENERAL,,14500,,,모든 표기 요금은 1인 기준,OFFICIAL,S088,2026-09-03,CONFIRMED,공식 2026 경기 구간별 요금
2026,HANWHA,DAEJEON,OUTFIELD_RESERVED,외야지정석,TIER_4,TIER_4,GENERAL,,16000,,,모든 표기 요금은 1인 기준,OFFICIAL,S088,2026-09-03,CONFIRMED,공식 2026 경기 구간별 요금
2026,HANWHA,DAEJEON,OUTFIELD_RESERVED,외야지정석,SPECIAL,SPECIAL,GENERAL,,18000,,,모든 표기 요금은 1인 기준,OFFICIAL,S088,2026-09-03,CONFIRMED,공식 2026 경기 구간별 요금
2026,HANWHA,DAEJEON,GRASS,잔디석,TIER_1,TIER_1,GENERAL,,23000,,,모든 표기 요금은 1인 기준,OFFICIAL,S088,2026-09-03,CONFIRMED,공식 2026 경기 구간별 요금
2026,HANWHA,DAEJEON,GRASS,잔디석,TIER_2,TIER_2,GENERAL,,23000,,,모든 표기 요금은 1인 기준,OFFICIAL,S088,2026-09-03,CONFIRMED,공식 2026 경기 구간별 요금
2026,HANWHA,DAEJEON,GRASS,잔디석,TIER_3,TIER_3,GENERAL,,27000,,,모든 표기 요금은 1인 기준,OFFICIAL,S088,2026-09-03,CONFIRMED,공식 2026 경기 구간별 요금
2026,HANWHA,DAEJEON,GRASS,잔디석,TIER_4,TIER_4,GENERAL,,31000,,,모든 표기 요금은 1인 기준,OFFICIAL,S088,2026-09-03,CONFIRMED,공식 2026 경기 구간별 요금
2026,HANWHA,DAEJEON,GRASS,잔디석,SPECIAL,SPECIAL,GENERAL,,34000,,,모든 표기 요금은 1인 기준,OFFICIAL,S088,2026-09-03,CONFIRMED,공식 2026 경기 구간별 요금
2026,HANWHA,DAEJEON,OUTFIELD_COUPLE,외야커플석,TIER_1,TIER_1,GENERAL,,34000,,,모든 표기 요금은 1인 기준,OFFICIAL,S088,2026-09-03,CONFIRMED,공식 2026 경기 구간별 요금
2026,HANWHA,DAEJEON,OUTFIELD_COUPLE,외야커플석,TIER_2,TIER_2,GENERAL,,34000,,,모든 표기 요금은 1인 기준,OFFICIAL,S088,2026-09-03,CONFIRMED,공식 2026 경기 구간별 요금
2026,HANWHA,DAEJEON,OUTFIELD_COUPLE,외야커플석,TIER_3,TIER_3,GENERAL,,40500,,,모든 표기 요금은 1인 기준,OFFICIAL,S088,2026-09-03,CONFIRMED,공식 2026 경기 구간별 요금
2026,HANWHA,DAEJEON,OUTFIELD_COUPLE,외야커플석,TIER_4,TIER_4,GENERAL,,46000,,,모든 표기 요금은 1인 기준,OFFICIAL,S088,2026-09-03,CONFIRMED,공식 2026 경기 구간별 요금
2026,HANWHA,DAEJEON,OUTFIELD_COUPLE,외야커플석,SPECIAL,SPECIAL,GENERAL,,49000,,,모든 표기 요금은 1인 기준,OFFICIAL,S088,2026-09-03,CONFIRMED,공식 2026 경기 구간별 요금
2026,HANWHA,DAEJEON,OUTFIELD_TABLE,외야탁자석,TIER_1,TIER_1,GENERAL,,29000,,,모든 표기 요금은 1인 기준,OFFICIAL,S088,2026-09-03,CONFIRMED,공식 2026 경기 구간별 요금
2026,HANWHA,DAEJEON,OUTFIELD_TABLE,외야탁자석,TIER_2,TIER_2,GENERAL,,29000,,,모든 표기 요금은 1인 기준,OFFICIAL,S088,2026-09-03,CONFIRMED,공식 2026 경기 구간별 요금
2026,HANWHA,DAEJEON,OUTFIELD_TABLE,외야탁자석,TIER_3,TIER_3,GENERAL,,36500,,,모든 표기 요금은 1인 기준,OFFICIAL,S088,2026-09-03,CONFIRMED,공식 2026 경기 구간별 요금
2026,HANWHA,DAEJEON,OUTFIELD_TABLE,외야탁자석,TIER_4,TIER_4,GENERAL,,41000,,,모든 표기 요금은 1인 기준,OFFICIAL,S088,2026-09-03,CONFIRMED,공식 2026 경기 구간별 요금
2026,HANWHA,DAEJEON,OUTFIELD_TABLE,외야탁자석,SPECIAL,SPECIAL,GENERAL,,45000,,,모든 표기 요금은 1인 기준,OFFICIAL,S088,2026-09-03,CONFIRMED,공식 2026 경기 구간별 요금
2026,HANWHA,DAEJEON,OUTFIELD_WHEELCHAIR,외야휠체어석,TIER_1,TIER_1,GENERAL,,6000,,,모든 표기 요금은 1인 기준,OFFICIAL,S088,2026-09-03,CONFIRMED,공식 2026 경기 구간별 요금
2026,HANWHA,DAEJEON,OUTFIELD_WHEELCHAIR,외야휠체어석,TIER_2,TIER_2,GENERAL,,6500,,,모든 표기 요금은 1인 기준,OFFICIAL,S088,2026-09-03,CONFIRMED,공식 2026 경기 구간별 요금
2026,HANWHA,DAEJEON,OUTFIELD_WHEELCHAIR,외야휠체어석,TIER_3,TIER_3,GENERAL,,7500,,,모든 표기 요금은 1인 기준,OFFICIAL,S088,2026-09-03,CONFIRMED,공식 2026 경기 구간별 요금
2026,HANWHA,DAEJEON,OUTFIELD_WHEELCHAIR,외야휠체어석,TIER_4,TIER_4,GENERAL,,8000,,,모든 표기 요금은 1인 기준,OFFICIAL,S088,2026-09-03,CONFIRMED,공식 2026 경기 구간별 요금
2026,HANWHA,DAEJEON,OUTFIELD_WHEELCHAIR,외야휠체어석,SPECIAL,SPECIAL,GENERAL,,9000,,,모든 표기 요금은 1인 기준,OFFICIAL,S088,2026-09-03,CONFIRMED,공식 2026 경기 구간별 요금
2026,HANWHA,DAEJEON,SKYBOX,스카이박스,TIER_1,TIER_1,GENERAL,,100000,,,모든 표기 요금은 1인 기준,OFFICIAL,S088,2026-09-03,CONFIRMED,공식 2026 경기 구간별 요금
2026,HANWHA,DAEJEON,SKYBOX,스카이박스,TIER_2,TIER_2,GENERAL,,100000,,,모든 표기 요금은 1인 기준,OFFICIAL,S088,2026-09-03,CONFIRMED,공식 2026 경기 구간별 요금
2026,HANWHA,DAEJEON,SKYBOX,스카이박스,TIER_3,TIER_3,GENERAL,,110000,,,모든 표기 요금은 1인 기준,OFFICIAL,S088,2026-09-03,CONFIRMED,공식 2026 경기 구간별 요금
2026,HANWHA,DAEJEON,SKYBOX,스카이박스,TIER_4,TIER_4,GENERAL,,116500,,,모든 표기 요금은 1인 기준,OFFICIAL,S088,2026-09-03,CONFIRMED,공식 2026 경기 구간별 요금
2026,HANWHA,DAEJEON,SKYBOX,스카이박스,SPECIAL,SPECIAL,GENERAL,,122000,,,모든 표기 요금은 1인 기준,OFFICIAL,S088,2026-09-03,CONFIRMED,공식 2026 경기 구간별 요금
2026,SAMSUNG,DAEGU,VIP,VIP석,GRAY,GRAY,GENERAL,,50000,,,,OFFICIAL,S089,2026-09-03,CONFIRMED,"GRAY=화~목 일반, WHITE=금·일 및 이벤트 평일, BLUE=토·공휴일 및 이벤트 주말"
2026,SAMSUNG,DAEGU,VIP,VIP석,WHITE,WHITE,GENERAL,,60000,,,,OFFICIAL,S089,2026-09-03,CONFIRMED,"GRAY=화~목 일반, WHITE=금·일 및 이벤트 평일, BLUE=토·공휴일 및 이벤트 주말"
2026,SAMSUNG,DAEGU,VIP,VIP석,BLUE,BLUE,GENERAL,,65000,,,,OFFICIAL,S089,2026-09-03,CONFIRMED,"GRAY=화~목 일반, WHITE=금·일 및 이벤트 평일, BLUE=토·공휴일 및 이벤트 주말"
2026,SAMSUNG,DAEGU,CENTER_TABLE,으뜸병원 중앙테이블석,GRAY,GRAY,GENERAL,,45000,,,,OFFICIAL,S089,2026-09-03,CONFIRMED,"GRAY=화~목 일반, WHITE=금·일 및 이벤트 평일, BLUE=토·공휴일 및 이벤트 주말"
2026,SAMSUNG,DAEGU,CENTER_TABLE,으뜸병원 중앙테이블석,WHITE,WHITE,GENERAL,,55000,,,,OFFICIAL,S089,2026-09-03,CONFIRMED,"GRAY=화~목 일반, WHITE=금·일 및 이벤트 평일, BLUE=토·공휴일 및 이벤트 주말"
2026,SAMSUNG,DAEGU,CENTER_TABLE,으뜸병원 중앙테이블석,BLUE,BLUE,GENERAL,,60000,,,,OFFICIAL,S089,2026-09-03,CONFIRMED,"GRAY=화~목 일반, WHITE=금·일 및 이벤트 평일, BLUE=토·공휴일 및 이벤트 주말"
2026,SAMSUNG,DAEGU,TABLE_1B3B,1·3루 테이블석,GRAY,GRAY,GENERAL,,40000,,,,OFFICIAL,S089,2026-09-03,CONFIRMED,"GRAY=화~목 일반, WHITE=금·일 및 이벤트 평일, BLUE=토·공휴일 및 이벤트 주말"
2026,SAMSUNG,DAEGU,TABLE_1B3B,1·3루 테이블석,WHITE,WHITE,GENERAL,,50000,,,,OFFICIAL,S089,2026-09-03,CONFIRMED,"GRAY=화~목 일반, WHITE=금·일 및 이벤트 평일, BLUE=토·공휴일 및 이벤트 주말"
2026,SAMSUNG,DAEGU,TABLE_1B3B,1·3루 테이블석,BLUE,BLUE,GENERAL,,55000,,,,OFFICIAL,S089,2026-09-03,CONFIRMED,"GRAY=화~목 일반, WHITE=금·일 및 이벤트 평일, BLUE=토·공휴일 및 이벤트 주말"
2026,SAMSUNG,DAEGU,EXCITING_1B3B,1·3루 익사이팅석,GRAY,GRAY,GENERAL,,22000,,,,OFFICIAL,S089,2026-09-03,CONFIRMED,"GRAY=화~목 일반, WHITE=금·일 및 이벤트 평일, BLUE=토·공휴일 및 이벤트 주말"
2026,SAMSUNG,DAEGU,EXCITING_1B3B,1·3루 익사이팅석,WHITE,WHITE,GENERAL,,27000,,,,OFFICIAL,S089,2026-09-03,CONFIRMED,"GRAY=화~목 일반, WHITE=금·일 및 이벤트 평일, BLUE=토·공휴일 및 이벤트 주말"
2026,SAMSUNG,DAEGU,EXCITING_1B3B,1·3루 익사이팅석,BLUE,BLUE,GENERAL,,30000,,,,OFFICIAL,S089,2026-09-03,CONFIRMED,"GRAY=화~목 일반, WHITE=금·일 및 이벤트 평일, BLUE=토·공휴일 및 이벤트 주말"
2026,SAMSUNG,DAEGU,BLUE_ZONE,블루존,GRAY,GRAY,GENERAL,,19000,,,,OFFICIAL,S089,2026-09-03,CONFIRMED,"GRAY=화~목 일반, WHITE=금·일 및 이벤트 평일, BLUE=토·공휴일 및 이벤트 주말"
2026,SAMSUNG,DAEGU,BLUE_ZONE,블루존,WHITE,WHITE,GENERAL,,22000,,,,OFFICIAL,S089,2026-09-03,CONFIRMED,"GRAY=화~목 일반, WHITE=금·일 및 이벤트 평일, BLUE=토·공휴일 및 이벤트 주말"
2026,SAMSUNG,DAEGU,BLUE_ZONE,블루존,BLUE,BLUE,GENERAL,,25000,,,,OFFICIAL,S089,2026-09-03,CONFIRMED,"GRAY=화~목 일반, WHITE=금·일 및 이벤트 평일, BLUE=토·공휴일 및 이벤트 주말"
2026,SAMSUNG,DAEGU,INFIELD_3B,3루 내야지정석,GRAY,GRAY,GENERAL,,15000,,,,OFFICIAL,S089,2026-09-03,CONFIRMED,"GRAY=화~목 일반, WHITE=금·일 및 이벤트 평일, BLUE=토·공휴일 및 이벤트 주말"
2026,SAMSUNG,DAEGU,INFIELD_3B,3루 내야지정석,WHITE,WHITE,GENERAL,,17000,,,,OFFICIAL,S089,2026-09-03,CONFIRMED,"GRAY=화~목 일반, WHITE=금·일 및 이벤트 평일, BLUE=토·공휴일 및 이벤트 주말"
2026,SAMSUNG,DAEGU,INFIELD_3B,3루 내야지정석,BLUE,BLUE,GENERAL,,19000,,,,OFFICIAL,S089,2026-09-03,CONFIRMED,"GRAY=화~목 일반, WHITE=금·일 및 이벤트 평일, BLUE=토·공휴일 및 이벤트 주말"
2026,SAMSUNG,DAEGU,AWAY_CHEER,원정응원석,GRAY,GRAY,GENERAL,,19000,,,,OFFICIAL,S089,2026-09-03,CONFIRMED,"GRAY=화~목 일반, WHITE=금·일 및 이벤트 평일, BLUE=토·공휴일 및 이벤트 주말"
2026,SAMSUNG,DAEGU,AWAY_CHEER,원정응원석,WHITE,WHITE,GENERAL,,22000,,,,OFFICIAL,S089,2026-09-03,CONFIRMED,"GRAY=화~목 일반, WHITE=금·일 및 이벤트 평일, BLUE=토·공휴일 및 이벤트 주말"
2026,SAMSUNG,DAEGU,AWAY_CHEER,원정응원석,BLUE,BLUE,GENERAL,,25000,,,,OFFICIAL,S089,2026-09-03,CONFIRMED,"GRAY=화~목 일반, WHITE=금·일 및 이벤트 평일, BLUE=토·공휴일 및 이벤트 주말"
2026,SAMSUNG,DAEGU,INFIELD_1B,1루 내야지정석,GRAY,GRAY,GENERAL,,10000,,,,OFFICIAL,S089,2026-09-03,CONFIRMED,"GRAY=화~목 일반, WHITE=금·일 및 이벤트 평일, BLUE=토·공휴일 및 이벤트 주말"
2026,SAMSUNG,DAEGU,INFIELD_1B,1루 내야지정석,WHITE,WHITE,GENERAL,,13000,,,,OFFICIAL,S089,2026-09-03,CONFIRMED,"GRAY=화~목 일반, WHITE=금·일 및 이벤트 평일, BLUE=토·공휴일 및 이벤트 주말"
2026,SAMSUNG,DAEGU,INFIELD_1B,1루 내야지정석,BLUE,BLUE,GENERAL,,14000,,,,OFFICIAL,S089,2026-09-03,CONFIRMED,"GRAY=화~목 일반, WHITE=금·일 및 이벤트 평일, BLUE=토·공휴일 및 이벤트 주말"
2026,SAMSUNG,DAEGU,SKY_YOGIBO_FAMILY,SKY 요기보 패밀리존,GRAY,GRAY,GENERAL,4,140000,,,4인 상품 총액,OFFICIAL,S089,2026-09-03,CONFIRMED,"GRAY=화~목 일반, WHITE=금·일 및 이벤트 평일, BLUE=토·공휴일 및 이벤트 주말"
2026,SAMSUNG,DAEGU,SKY_YOGIBO_FAMILY,SKY 요기보 패밀리존,WHITE,WHITE,GENERAL,4,180000,,,4인 상품 총액,OFFICIAL,S089,2026-09-03,CONFIRMED,"GRAY=화~목 일반, WHITE=금·일 및 이벤트 평일, BLUE=토·공휴일 및 이벤트 주말"
2026,SAMSUNG,DAEGU,SKY_YOGIBO_FAMILY,SKY 요기보 패밀리존,BLUE,BLUE,GENERAL,4,200000,,,4인 상품 총액,OFFICIAL,S089,2026-09-03,CONFIRMED,"GRAY=화~목 일반, WHITE=금·일 및 이벤트 평일, BLUE=토·공휴일 및 이벤트 주말"
2026,SAMSUNG,DAEGU,SKY_BLUE,SKY 블루존,GRAY,GRAY,GENERAL,,10000,,,,OFFICIAL,S089,2026-09-03,CONFIRMED,"GRAY=화~목 일반, WHITE=금·일 및 이벤트 평일, BLUE=토·공휴일 및 이벤트 주말"
2026,SAMSUNG,DAEGU,SKY_BLUE,SKY 블루존,WHITE,WHITE,GENERAL,,12000,,,,OFFICIAL,S089,2026-09-03,CONFIRMED,"GRAY=화~목 일반, WHITE=금·일 및 이벤트 평일, BLUE=토·공휴일 및 이벤트 주말"
2026,SAMSUNG,DAEGU,SKY_BLUE,SKY 블루존,BLUE,BLUE,GENERAL,,15000,,,,OFFICIAL,S089,2026-09-03,CONFIRMED,"GRAY=화~목 일반, WHITE=금·일 및 이벤트 평일, BLUE=토·공휴일 및 이벤트 주말"
2026,SAMSUNG,DAEGU,SKY_LOWER,SKY 하단 지정석,GRAY,GRAY,GENERAL,,10000,,,,OFFICIAL,S089,2026-09-03,CONFIRMED,"GRAY=화~목 일반, WHITE=금·일 및 이벤트 평일, BLUE=토·공휴일 및 이벤트 주말"
2026,SAMSUNG,DAEGU,SKY_LOWER,SKY 하단 지정석,WHITE,WHITE,GENERAL,,11000,,,,OFFICIAL,S089,2026-09-03,CONFIRMED,"GRAY=화~목 일반, WHITE=금·일 및 이벤트 평일, BLUE=토·공휴일 및 이벤트 주말"
2026,SAMSUNG,DAEGU,SKY_LOWER,SKY 하단 지정석,BLUE,BLUE,GENERAL,,13000,,,,OFFICIAL,S089,2026-09-03,CONFIRMED,"GRAY=화~목 일반, WHITE=금·일 및 이벤트 평일, BLUE=토·공휴일 및 이벤트 주말"
2026,SAMSUNG,DAEGU,SKY_UPPER_1B3B,1·3루 SKY 상단 지정석,GRAY,GRAY,GENERAL,,8000,,,,OFFICIAL,S089,2026-09-03,CONFIRMED,"GRAY=화~목 일반, WHITE=금·일 및 이벤트 평일, BLUE=토·공휴일 및 이벤트 주말"
2026,SAMSUNG,DAEGU,SKY_UPPER_1B3B,1·3루 SKY 상단 지정석,WHITE,WHITE,GENERAL,,9000,,,,OFFICIAL,S089,2026-09-03,CONFIRMED,"GRAY=화~목 일반, WHITE=금·일 및 이벤트 평일, BLUE=토·공휴일 및 이벤트 주말"
2026,SAMSUNG,DAEGU,SKY_UPPER_1B3B,1·3루 SKY 상단 지정석,BLUE,BLUE,GENERAL,,11000,,,,OFFICIAL,S089,2026-09-03,CONFIRMED,"GRAY=화~목 일반, WHITE=금·일 및 이벤트 평일, BLUE=토·공휴일 및 이벤트 주말"
2026,SAMSUNG,DAEGU,SKY_UPPER_CENTER,중앙 SKY 상단 지정석,GRAY,GRAY,GENERAL,,9000,,,,OFFICIAL,S089,2026-09-03,CONFIRMED,"GRAY=화~목 일반, WHITE=금·일 및 이벤트 평일, BLUE=토·공휴일 및 이벤트 주말"
2026,SAMSUNG,DAEGU,SKY_UPPER_CENTER,중앙 SKY 상단 지정석,WHITE,WHITE,GENERAL,,10000,,,,OFFICIAL,S089,2026-09-03,CONFIRMED,"GRAY=화~목 일반, WHITE=금·일 및 이벤트 평일, BLUE=토·공휴일 및 이벤트 주말"
2026,SAMSUNG,DAEGU,SKY_UPPER_CENTER,중앙 SKY 상단 지정석,BLUE,BLUE,GENERAL,,12000,,,,OFFICIAL,S089,2026-09-03,CONFIRMED,"GRAY=화~목 일반, WHITE=금·일 및 이벤트 평일, BLUE=토·공휴일 및 이벤트 주말"
2026,SAMSUNG,DAEGU,OUTFIELD_RESERVED,외야지정석,GRAY,GRAY,GENERAL,,9000,,,,OFFICIAL,S089,2026-09-03,CONFIRMED,"GRAY=화~목 일반, WHITE=금·일 및 이벤트 평일, BLUE=토·공휴일 및 이벤트 주말"
2026,SAMSUNG,DAEGU,OUTFIELD_RESERVED,외야지정석,WHITE,WHITE,GENERAL,,10000,,,,OFFICIAL,S089,2026-09-03,CONFIRMED,"GRAY=화~목 일반, WHITE=금·일 및 이벤트 평일, BLUE=토·공휴일 및 이벤트 주말"
2026,SAMSUNG,DAEGU,OUTFIELD_RESERVED,외야지정석,BLUE,BLUE,GENERAL,,11000,,,,OFFICIAL,S089,2026-09-03,CONFIRMED,"GRAY=화~목 일반, WHITE=금·일 및 이벤트 평일, BLUE=토·공휴일 및 이벤트 주말"
2026,SAMSUNG,DAEGU,HABITAT_FAMILY,한국해비타트 외야패밀리석,GRAY,GRAY,GENERAL,,18000,,,,OFFICIAL,S089,2026-09-03,CONFIRMED,"GRAY=화~목 일반, WHITE=금·일 및 이벤트 평일, BLUE=토·공휴일 및 이벤트 주말"
2026,SAMSUNG,DAEGU,HABITAT_FAMILY,한국해비타트 외야패밀리석,WHITE,WHITE,GENERAL,,20000,,,,OFFICIAL,S089,2026-09-03,CONFIRMED,"GRAY=화~목 일반, WHITE=금·일 및 이벤트 평일, BLUE=토·공휴일 및 이벤트 주말"
2026,SAMSUNG,DAEGU,HABITAT_FAMILY,한국해비타트 외야패밀리석,BLUE,BLUE,GENERAL,,23000,,,,OFFICIAL,S089,2026-09-03,CONFIRMED,"GRAY=화~목 일반, WHITE=금·일 및 이벤트 평일, BLUE=토·공휴일 및 이벤트 주말"
2026,SAMSUNG,DAEGU,OUTFIELD_TABLE_4,외야테이블석(4인),GRAY,GRAY,GENERAL,4,72000,,,4인 상품 총액,OFFICIAL,S089,2026-09-03,CONFIRMED,"GRAY=화~목 일반, WHITE=금·일 및 이벤트 평일, BLUE=토·공휴일 및 이벤트 주말"
2026,SAMSUNG,DAEGU,OUTFIELD_TABLE_4,외야테이블석(4인),WHITE,WHITE,GENERAL,4,80000,,,4인 상품 총액,OFFICIAL,S089,2026-09-03,CONFIRMED,"GRAY=화~목 일반, WHITE=금·일 및 이벤트 평일, BLUE=토·공휴일 및 이벤트 주말"
2026,SAMSUNG,DAEGU,OUTFIELD_TABLE_4,외야테이블석(4인),BLUE,BLUE,GENERAL,4,92000,,,4인 상품 총액,OFFICIAL,S089,2026-09-03,CONFIRMED,"GRAY=화~목 일반, WHITE=금·일 및 이벤트 평일, BLUE=토·공휴일 및 이벤트 주말"
2026,SAMSUNG,DAEGU,OUTFIELD_TABLE_8,외야테이블석(8인),GRAY,GRAY,GENERAL,8,144000,,,8인 상품 총액,OFFICIAL,S089,2026-09-03,CONFIRMED,"GRAY=화~목 일반, WHITE=금·일 및 이벤트 평일, BLUE=토·공휴일 및 이벤트 주말"
2026,SAMSUNG,DAEGU,OUTFIELD_TABLE_8,외야테이블석(8인),WHITE,WHITE,GENERAL,8,160000,,,8인 상품 총액,OFFICIAL,S089,2026-09-03,CONFIRMED,"GRAY=화~목 일반, WHITE=금·일 및 이벤트 평일, BLUE=토·공휴일 및 이벤트 주말"
2026,SAMSUNG,DAEGU,OUTFIELD_TABLE_8,외야테이블석(8인),BLUE,BLUE,GENERAL,8,184000,,,8인 상품 총액,OFFICIAL,S089,2026-09-03,CONFIRMED,"GRAY=화~목 일반, WHITE=금·일 및 이벤트 평일, BLUE=토·공휴일 및 이벤트 주말"
2026,SAMSUNG,DAEGU,OUTFIELD_COUPLE_TABLE,외야커플테이블석,GRAY,GRAY,GENERAL,2,30000,,,2인 상품 총액,OFFICIAL,S089,2026-09-03,CONFIRMED,"GRAY=화~목 일반, WHITE=금·일 및 이벤트 평일, BLUE=토·공휴일 및 이벤트 주말"
2026,SAMSUNG,DAEGU,OUTFIELD_COUPLE_TABLE,외야커플테이블석,WHITE,WHITE,GENERAL,2,36000,,,2인 상품 총액,OFFICIAL,S089,2026-09-03,CONFIRMED,"GRAY=화~목 일반, WHITE=금·일 및 이벤트 평일, BLUE=토·공휴일 및 이벤트 주말"
2026,SAMSUNG,DAEGU,OUTFIELD_COUPLE_TABLE,외야커플테이블석,BLUE,BLUE,GENERAL,2,40000,,,2인 상품 총액,OFFICIAL,S089,2026-09-03,CONFIRMED,"GRAY=화~목 일반, WHITE=금·일 및 이벤트 평일, BLUE=토·공휴일 및 이벤트 주말"
2026,SAMSUNG,DAEGU,ROOFTOP_TABLE,루프탑테이블석,GRAY,GRAY,GENERAL,,20000,,,,OFFICIAL,S089,2026-09-03,CONFIRMED,"GRAY=화~목 일반, WHITE=금·일 및 이벤트 평일, BLUE=토·공휴일 및 이벤트 주말"
2026,SAMSUNG,DAEGU,ROOFTOP_TABLE,루프탑테이블석,WHITE,WHITE,GENERAL,,23000,,,,OFFICIAL,S089,2026-09-03,CONFIRMED,"GRAY=화~목 일반, WHITE=금·일 및 이벤트 평일, BLUE=토·공휴일 및 이벤트 주말"
2026,SAMSUNG,DAEGU,ROOFTOP_TABLE,루프탑테이블석,BLUE,BLUE,GENERAL,,25000,,,,OFFICIAL,S089,2026-09-03,CONFIRMED,"GRAY=화~목 일반, WHITE=금·일 및 이벤트 평일, BLUE=토·공휴일 및 이벤트 주말"
2026,SAMSUNG,DAEGU,PARTY_FLOOR_LIVE,파티플로어 라이브석,GRAY,GRAY,GENERAL,,65000,,,,OFFICIAL,S089,2026-09-03,CONFIRMED,"GRAY=화~목 일반, WHITE=금·일 및 이벤트 평일, BLUE=토·공휴일 및 이벤트 주말"
2026,SAMSUNG,DAEGU,PARTY_FLOOR_LIVE,파티플로어 라이브석,WHITE,WHITE,GENERAL,,70000,,,,OFFICIAL,S089,2026-09-03,CONFIRMED,"GRAY=화~목 일반, WHITE=금·일 및 이벤트 평일, BLUE=토·공휴일 및 이벤트 주말"
2026,SAMSUNG,DAEGU,PARTY_FLOOR_LIVE,파티플로어 라이브석,BLUE,BLUE,GENERAL,,75000,,,,OFFICIAL,S089,2026-09-03,CONFIRMED,"GRAY=화~목 일반, WHITE=금·일 및 이벤트 평일, BLUE=토·공휴일 및 이벤트 주말"
2026,SAMSUNG,DAEGU,GRASS_GREEN,잔디그린존,GRAY,GRAY,GENERAL,,10000,,,,OFFICIAL,S089,2026-09-03,CONFIRMED,"GRAY=화~목 일반, WHITE=금·일 및 이벤트 평일, BLUE=토·공휴일 및 이벤트 주말"
2026,SAMSUNG,DAEGU,GRASS_GREEN,잔디그린존,WHITE,WHITE,GENERAL,,11000,,,,OFFICIAL,S089,2026-09-03,CONFIRMED,"GRAY=화~목 일반, WHITE=금·일 및 이벤트 평일, BLUE=토·공휴일 및 이벤트 주말"
2026,SAMSUNG,DAEGU,GRASS_GREEN,잔디그린존,BLUE,BLUE,GENERAL,,13000,,,,OFFICIAL,S089,2026-09-03,CONFIRMED,"GRAY=화~목 일반, WHITE=금·일 및 이벤트 평일, BLUE=토·공휴일 및 이벤트 주말"
2026,SAMSUNG,DAEGU,IM_BANK_CAMPING,iM뱅크 캠핑존,GRAY,GRAY,GENERAL,6,180000,,,6인 상품 총액,OFFICIAL,S089,2026-09-03,CONFIRMED,"GRAY=화~목 일반, WHITE=금·일 및 이벤트 평일, BLUE=토·공휴일 및 이벤트 주말"
2026,SAMSUNG,DAEGU,IM_BANK_CAMPING,iM뱅크 캠핑존,WHITE,WHITE,GENERAL,6,240000,,,6인 상품 총액,OFFICIAL,S089,2026-09-03,CONFIRMED,"GRAY=화~목 일반, WHITE=금·일 및 이벤트 평일, BLUE=토·공휴일 및 이벤트 주말"
2026,SAMSUNG,DAEGU,IM_BANK_CAMPING,iM뱅크 캠핑존,BLUE,BLUE,GENERAL,6,270000,,,6인 상품 총액,OFFICIAL,S089,2026-09-03,CONFIRMED,"GRAY=화~목 일반, WHITE=금·일 및 이벤트 평일, BLUE=토·공휴일 및 이벤트 주말"
2026,SAMSUNG,DAEGU,WHEELCHAIR,장애인(휠체어)석,GRAY,GRAY,GENERAL,,5000,,,,OFFICIAL,S089,2026-09-03,CONFIRMED,"GRAY=화~목 일반, WHITE=금·일 및 이벤트 평일, BLUE=토·공휴일 및 이벤트 주말"
2026,SAMSUNG,DAEGU,WHEELCHAIR,장애인(휠체어)석,WHITE,WHITE,GENERAL,,5000,,,,OFFICIAL,S089,2026-09-03,CONFIRMED,"GRAY=화~목 일반, WHITE=금·일 및 이벤트 평일, BLUE=토·공휴일 및 이벤트 주말"
2026,SAMSUNG,DAEGU,WHEELCHAIR,장애인(휠체어)석,BLUE,BLUE,GENERAL,,5000,,,,OFFICIAL,S089,2026-09-03,CONFIRMED,"GRAY=화~목 일반, WHITE=금·일 및 이벤트 평일, BLUE=토·공휴일 및 이벤트 주말"
2026,SAMSUNG,DAEGU,SKY_BLUE,SKY 블루존,GRAY,GRAY,DISCOUNTED,,7000,,,공식 청소년·어린이·경로·장애인 등 대상별 조건 확인,OFFICIAL,S089,2026-09-03,CONFIRMED,
2026,SAMSUNG,DAEGU,SKY_BLUE,SKY 블루존,WHITE,WHITE,DISCOUNTED,,9000,,,공식 청소년·어린이·경로·장애인 등 대상별 조건 확인,OFFICIAL,S089,2026-09-03,CONFIRMED,
2026,SAMSUNG,DAEGU,SKY_BLUE,SKY 블루존,BLUE,BLUE,DISCOUNTED,,12000,,,공식 청소년·어린이·경로·장애인 등 대상별 조건 확인,OFFICIAL,S089,2026-09-03,CONFIRMED,
2026,SAMSUNG,DAEGU,SKY_LOWER,SKY 하단 지정석,GRAY,GRAY,DISCOUNTED,,7000,,,공식 청소년·어린이·경로·장애인 등 대상별 조건 확인,OFFICIAL,S089,2026-09-03,CONFIRMED,
2026,SAMSUNG,DAEGU,SKY_LOWER,SKY 하단 지정석,WHITE,WHITE,DISCOUNTED,,8000,,,공식 청소년·어린이·경로·장애인 등 대상별 조건 확인,OFFICIAL,S089,2026-09-03,CONFIRMED,
2026,SAMSUNG,DAEGU,SKY_LOWER,SKY 하단 지정석,BLUE,BLUE,DISCOUNTED,,10000,,,공식 청소년·어린이·경로·장애인 등 대상별 조건 확인,OFFICIAL,S089,2026-09-03,CONFIRMED,
2026,SAMSUNG,DAEGU,SKY_UPPER_1B3B,1·3루 SKY 상단 지정석,GRAY,GRAY,DISCOUNTED,,5000,,,공식 청소년·어린이·경로·장애인 등 대상별 조건 확인,OFFICIAL,S089,2026-09-03,CONFIRMED,
2026,SAMSUNG,DAEGU,SKY_UPPER_1B3B,1·3루 SKY 상단 지정석,WHITE,WHITE,DISCOUNTED,,6000,,,공식 청소년·어린이·경로·장애인 등 대상별 조건 확인,OFFICIAL,S089,2026-09-03,CONFIRMED,
2026,SAMSUNG,DAEGU,SKY_UPPER_1B3B,1·3루 SKY 상단 지정석,BLUE,BLUE,DISCOUNTED,,8000,,,공식 청소년·어린이·경로·장애인 등 대상별 조건 확인,OFFICIAL,S089,2026-09-03,CONFIRMED,
2026,SAMSUNG,DAEGU,SKY_UPPER_CENTER,중앙 SKY 상단 지정석,GRAY,GRAY,DISCOUNTED,,6000,,,공식 청소년·어린이·경로·장애인 등 대상별 조건 확인,OFFICIAL,S089,2026-09-03,CONFIRMED,
2026,SAMSUNG,DAEGU,SKY_UPPER_CENTER,중앙 SKY 상단 지정석,WHITE,WHITE,DISCOUNTED,,7000,,,공식 청소년·어린이·경로·장애인 등 대상별 조건 확인,OFFICIAL,S089,2026-09-03,CONFIRMED,
2026,SAMSUNG,DAEGU,SKY_UPPER_CENTER,중앙 SKY 상단 지정석,BLUE,BLUE,DISCOUNTED,,9000,,,공식 청소년·어린이·경로·장애인 등 대상별 조건 확인,OFFICIAL,S089,2026-09-03,CONFIRMED,
2026,SAMSUNG,DAEGU,OUTFIELD_RESERVED,외야지정석,GRAY,GRAY,DISCOUNTED,,6000,,,공식 청소년·어린이·경로·장애인 등 대상별 조건 확인,OFFICIAL,S089,2026-09-03,CONFIRMED,
2026,SAMSUNG,DAEGU,OUTFIELD_RESERVED,외야지정석,WHITE,WHITE,DISCOUNTED,,7000,,,공식 청소년·어린이·경로·장애인 등 대상별 조건 확인,OFFICIAL,S089,2026-09-03,CONFIRMED,
2026,SAMSUNG,DAEGU,OUTFIELD_RESERVED,외야지정석,BLUE,BLUE,DISCOUNTED,,8000,,,공식 청소년·어린이·경로·장애인 등 대상별 조건 확인,OFFICIAL,S089,2026-09-03,CONFIRMED,
2026,KIA,GWANGJU,K9,K9,STANDARD,WEEKDAY,GENERAL,,16000,,,공식 가격표는 1인 기준,OFFICIAL,S080,2026-09-03,CONFIRMED,
2026,KIA,GWANGJU,K9,K9,STANDARD,WEEKEND_HOLIDAY,GENERAL,,20000,,,공식 가격표는 1인 기준,OFFICIAL,S080,2026-09-03,CONFIRMED,
2026,KIA,GWANGJU,K8,K8,STANDARD,WEEKDAY,GENERAL,,14000,,,공식 가격표는 1인 기준,OFFICIAL,S080,2026-09-03,CONFIRMED,
2026,KIA,GWANGJU,K8,K8,STANDARD,WEEKEND_HOLIDAY,GENERAL,,18000,,,공식 가격표는 1인 기준,OFFICIAL,S080,2026-09-03,CONFIRMED,
2026,KIA,GWANGJU,K5,K5,STANDARD,WEEKDAY,GENERAL,,12000,,,공식 가격표는 1인 기준,OFFICIAL,S080,2026-09-03,CONFIRMED,
2026,KIA,GWANGJU,K5,K5,STANDARD,WEEKEND_HOLIDAY,GENERAL,,16000,,,공식 가격표는 1인 기준,OFFICIAL,S080,2026-09-03,CONFIRMED,
2026,KIA,GWANGJU,EV,EV석,STANDARD,WEEKDAY,GENERAL,,10000,,,공식 가격표는 1인 기준,OFFICIAL,S080,2026-09-03,CONFIRMED,
2026,KIA,GWANGJU,EV,EV석,STANDARD,WEEKEND_HOLIDAY,GENERAL,,13000,,,공식 가격표는 1인 기준,OFFICIAL,S080,2026-09-03,CONFIRMED,
2026,KIA,GWANGJU,OUTFIELD,외야석,STANDARD,WEEKDAY,GENERAL,,10000,,,공식 가격표는 1인 기준,OFFICIAL,S080,2026-09-03,CONFIRMED,
2026,KIA,GWANGJU,OUTFIELD,외야석,STANDARD,WEEKEND_HOLIDAY,GENERAL,,13000,,,공식 가격표는 1인 기준,OFFICIAL,S080,2026-09-03,CONFIRMED,
2026,KIA,GWANGJU,SKYBOX,스카이박스,STANDARD,WEEKDAY,GENERAL,,75000,,,공식 가격표는 1인 기준,OFFICIAL,S080,2026-09-03,CONFIRMED,
2026,KIA,GWANGJU,SKYBOX,스카이박스,STANDARD,WEEKEND_HOLIDAY,GENERAL,,85000,,,공식 가격표는 1인 기준,OFFICIAL,S080,2026-09-03,CONFIRMED,
2026,KIA,GWANGJU,CHAMPION,챔피언석,STANDARD,WEEKDAY,GENERAL,,50000,,,공식 가격표는 1인 기준,OFFICIAL,S080,2026-09-03,CONFIRMED,
2026,KIA,GWANGJU,CHAMPION,챔피언석,STANDARD,WEEKEND_HOLIDAY,GENERAL,,60000,,,공식 가격표는 1인 기준,OFFICIAL,S080,2026-09-03,CONFIRMED,
2026,KIA,GWANGJU,CENTER_TABLE,중앙테이블석,STANDARD,WEEKDAY,GENERAL,,45000,,,공식 가격표는 1인 기준,OFFICIAL,S080,2026-09-03,CONFIRMED,
2026,KIA,GWANGJU,CENTER_TABLE,중앙테이블석,STANDARD,WEEKEND_HOLIDAY,GENERAL,,55000,,,공식 가격표는 1인 기준,OFFICIAL,S080,2026-09-03,CONFIRMED,
2026,KIA,GWANGJU,MEDIHEAL_TABLE,메디힐 테이블석,STANDARD,WEEKDAY,GENERAL,,30000,,,공식 가격표는 1인 기준,OFFICIAL,S080,2026-09-03,CONFIRMED,
2026,KIA,GWANGJU,MEDIHEAL_TABLE,메디힐 테이블석,STANDARD,WEEKEND_HOLIDAY,GENERAL,,35000,,,공식 가격표는 1인 기준,OFFICIAL,S080,2026-09-03,CONFIRMED,
2026,KIA,GWANGJU,PARTY_4F,4층파티석,STANDARD,WEEKDAY,GENERAL,,25000,,,공식 가격표는 1인 기준,OFFICIAL,S080,2026-09-03,CONFIRMED,
2026,KIA,GWANGJU,PARTY_4F,4층파티석,STANDARD,WEEKEND_HOLIDAY,GENERAL,,30000,,,공식 가격표는 1인 기준,OFFICIAL,S080,2026-09-03,CONFIRMED,
2026,KIA,GWANGJU,TIGERS_FAMILY,타이거즈가족석,STANDARD,WEEKDAY,GENERAL,,22000,,,공식 가격표는 1인 기준,OFFICIAL,S080,2026-09-03,CONFIRMED,
2026,KIA,GWANGJU,TIGERS_FAMILY,타이거즈가족석,STANDARD,WEEKEND_HOLIDAY,GENERAL,,27000,,,공식 가격표는 1인 기준,OFFICIAL,S080,2026-09-03,CONFIRMED,
2026,KIA,GWANGJU,OUTFIELD_FAMILY,외야가족석,STANDARD,WEEKDAY,GENERAL,,20000,,,공식 가격표는 1인 기준,OFFICIAL,S080,2026-09-03,CONFIRMED,
2026,KIA,GWANGJU,OUTFIELD_FAMILY,외야가족석,STANDARD,WEEKEND_HOLIDAY,GENERAL,,25000,,,공식 가격표는 1인 기준,OFFICIAL,S080,2026-09-03,CONFIRMED,
2026,KIA,GWANGJU,SURPRISE,서프라이즈석,STANDARD,WEEKDAY,GENERAL,,25000,,,공식 가격표는 1인 기준,OFFICIAL,S080,2026-09-03,CONFIRMED,
2026,KIA,GWANGJU,SURPRISE,서프라이즈석,STANDARD,WEEKEND_HOLIDAY,GENERAL,,30000,,,공식 가격표는 1인 기준,OFFICIAL,S080,2026-09-03,CONFIRMED,
2026,KIA,GWANGJU,SPECIAL_CHEER,응원특별석,STANDARD,WEEKDAY,GENERAL,,15000,,,공식 가격표는 1인 기준,OFFICIAL,S080,2026-09-03,CONFIRMED,
2026,KIA,GWANGJU,SPECIAL_CHEER,응원특별석,STANDARD,WEEKEND_HOLIDAY,GENERAL,,19000,,,공식 가격표는 1인 기준,OFFICIAL,S080,2026-09-03,CONFIRMED,
2026,KIA,GWANGJU,WHEELCHAIR,휠체어석,STANDARD,WEEKDAY,GENERAL,,4000,,,공식 가격표는 1인 기준,OFFICIAL,S080,2026-09-03,CONFIRMED,
2026,KIA,GWANGJU,WHEELCHAIR,휠체어석,STANDARD,WEEKEND_HOLIDAY,GENERAL,,5000,,,공식 가격표는 1인 기준,OFFICIAL,S080,2026-09-03,CONFIRMED,
2026,KIA,GWANGJU,K9,K9,STANDARD,WEEKDAY,SEVERE_DISABLED_PLUS_1,,4000,,,"중증장애인과 동반 1인, 현장판매·증빙 필요",OFFICIAL,S080,2026-09-03,CONFIRMED,
2026,KIA,GWANGJU,K9,K9,STANDARD,WEEKEND_HOLIDAY,SEVERE_DISABLED_PLUS_1,,5000,,,"중증장애인과 동반 1인, 현장판매·증빙 필요",OFFICIAL,S080,2026-09-03,CONFIRMED,
2026,KT,SUWON,CATCHER_TABLE_A,포수 뒤 테이블석 A,STANDARD,WEEKDAY_TUE_THU,GENERAL,,60000,,,,OFFICIAL,S091,2026-09-03,CONFIRMED,부가가치세 포함
2026,KT,SUWON,CATCHER_TABLE_A,포수 뒤 테이블석 A,STANDARD,WEEKEND_FRI_SUN_HOLIDAY,GENERAL,,70000,,,,OFFICIAL,S091,2026-09-03,CONFIRMED,부가가치세 포함
2026,KT,SUWON,CATCHER_TABLE_B,포수 뒤 테이블석 B,STANDARD,WEEKDAY_TUE_THU,GENERAL,,60000,,,,OFFICIAL,S091,2026-09-03,CONFIRMED,부가가치세 포함
2026,KT,SUWON,CATCHER_TABLE_B,포수 뒤 테이블석 B,STANDARD,WEEKEND_FRI_SUN_HOLIDAY,GENERAL,,70000,,,,OFFICIAL,S091,2026-09-03,CONFIRMED,부가가치세 포함
2026,KT,SUWON,CENTER_TABLE,중앙테이블석,STANDARD,WEEKDAY_TUE_THU,GENERAL,,50000,,,,OFFICIAL,S091,2026-09-03,CONFIRMED,부가가치세 포함
2026,KT,SUWON,CENTER_TABLE,중앙테이블석,STANDARD,WEEKEND_FRI_SUN_HOLIDAY,GENERAL,,60000,,,,OFFICIAL,S091,2026-09-03,CONFIRMED,부가가치세 포함
2026,KT,SUWON,EXCITING,익사이팅석,STANDARD,WEEKDAY_TUE_THU,GENERAL,,27000,,,,OFFICIAL,S091,2026-09-03,CONFIRMED,부가가치세 포함
2026,KT,SUWON,EXCITING,익사이팅석,STANDARD,WEEKEND_FRI_SUN_HOLIDAY,GENERAL,,32000,,,,OFFICIAL,S091,2026-09-03,CONFIRMED,부가가치세 포함
2026,KT,SUWON,CHEERING_RESERVED,응원지정석,STANDARD,WEEKDAY_TUE_THU,GENERAL,,20000,,,,OFFICIAL,S091,2026-09-03,CONFIRMED,부가가치세 포함
2026,KT,SUWON,CHEERING_RESERVED,응원지정석,STANDARD,WEEKEND_FRI_SUN_HOLIDAY,GENERAL,,24000,,,,OFFICIAL,S091,2026-09-03,CONFIRMED,부가가치세 포함
2026,KT,SUWON,WHEELCHAIR,휠체어석(장애인),STANDARD,WEEKDAY_TUE_THU,DISABLED,,10000,,,,OFFICIAL,S091,2026-09-03,CONFIRMED,부가가치세 포함
2026,KT,SUWON,WHEELCHAIR,휠체어석(장애인),STANDARD,WEEKEND_FRI_SUN_HOLIDAY,DISABLED,,12000,,,,OFFICIAL,S091,2026-09-03,CONFIRMED,부가가치세 포함
2026,KT,SUWON,SKY_ZONE_5F,스카이존(5F),STANDARD,WEEKDAY_TUE_THU,GENERAL,,12000,,,,OFFICIAL,S091,2026-09-03,CONFIRMED,부가가치세 포함
2026,KT,SUWON,SKY_ZONE_5F,스카이존(5F),STANDARD,WEEKEND_FRI_SUN_HOLIDAY,GENERAL,,14000,,,,OFFICIAL,S091,2026-09-03,CONFIRMED,부가가치세 포함
2026,KT,SUWON,OUTFIELD_TABLE,외야테이블석,STANDARD,WEEKDAY_TUE_THU,GENERAL,,30000,,,,OFFICIAL,S091,2026-09-03,CONFIRMED,부가가치세 포함
2026,KT,SUWON,OUTFIELD_TABLE,외야테이블석,STANDARD,WEEKEND_FRI_SUN_HOLIDAY,GENERAL,,35000,,,,OFFICIAL,S091,2026-09-03,CONFIRMED,부가가치세 포함
2026,KT,SUWON,WIZ_CAMPING,위즈 캠핑존,STANDARD,WEEKDAY_TUE_THU,GROUP_DISPLAY,,200000,,,,OFFICIAL,S091,2026-09-03,CONFIRMED,부가가치세 포함
2026,KT,SUWON,WIZ_CAMPING,위즈 캠핑존,STANDARD,WEEKEND_FRI_SUN_HOLIDAY,GROUP_DISPLAY,,240000,,,,OFFICIAL,S091,2026-09-03,CONFIRMED,부가가치세 포함
2026,KT,SUWON,OUTFIELD_GRASS,외야 잔디 자유석,STANDARD,WEEKDAY_TUE_THU,GENERAL,,12000,,,,OFFICIAL,S091,2026-09-03,CONFIRMED,부가가치세 포함
2026,KT,SUWON,OUTFIELD_GRASS,외야 잔디 자유석,STANDARD,WEEKEND_FRI_SUN_HOLIDAY,GENERAL,,14000,,,,OFFICIAL,S091,2026-09-03,CONFIRMED,부가가치세 포함
2026,KT,SUWON,OUTFIELD_BOX_1,외야BOX 1 (8인실),STANDARD,ALL_GAMES,GROUP,8,480000,,,,OFFICIAL,S091,2026-09-03,CONFIRMED,"객실·구역 단위 표시 금액, 부가가치세 포함"
2026,KT,SUWON,OUTFIELD_BOX_2,외야BOX 2 (12인실),STANDARD,ALL_GAMES,GROUP,12,720000,,,,OFFICIAL,S091,2026-09-03,CONFIRMED,"객실·구역 단위 표시 금액, 부가가치세 포함"
2026,KT,SUWON,SKYBOX_6,스카이박스 (6인실),STANDARD,ALL_GAMES,GROUP,6,420000,,,,OFFICIAL,S091,2026-09-03,CONFIRMED,"객실·구역 단위 표시 금액, 부가가치세 포함"
2026,KT,SUWON,SKYBOX_8,스카이박스 (8인실),STANDARD,ALL_GAMES,GROUP,8,560000,,,,OFFICIAL,S091,2026-09-03,CONFIRMED,"객실·구역 단위 표시 금액, 부가가치세 포함"
2026,KT,SUWON,SKYBOX_10,스카이박스 (10인실),STANDARD,ALL_GAMES,GROUP,10,700000,,,,OFFICIAL,S091,2026-09-03,CONFIRMED,"객실·구역 단위 표시 금액, 부가가치세 포함"
2026,KT,SUWON,SKYBOX_12,스카이박스 (12인실),STANDARD,ALL_GAMES,GROUP,12,840000,,,,OFFICIAL,S091,2026-09-03,CONFIRMED,"객실·구역 단위 표시 금액, 부가가치세 포함"
2026,KT,SUWON,SKYBOX_20,스카이박스 (20인실),STANDARD,ALL_GAMES,GROUP,20,1400000,,,,OFFICIAL,S091,2026-09-03,CONFIRMED,"객실·구역 단위 표시 금액, 부가가치세 포함"
2026,KT,SUWON,SKYBOX_24,스카이박스 (24인실),STANDARD,ALL_GAMES,GROUP,24,1680000,,,,OFFICIAL,S091,2026-09-03,CONFIRMED,"객실·구역 단위 표시 금액, 부가가치세 포함"
2026,LOTTE,SAJIK,INFIELD_UPPER_1B,1루내야상단석,STANDARD,IVORY_PLUS,GENERAL,,10400,,,공식 경기등급별 가격,OFFICIAL,S092,2026-09-03,CONFIRMED,
2026,LOTTE,SAJIK,INFIELD_UPPER_1B,1루내야상단석,STANDARD,IVORY,GENERAL,,11700,,,공식 경기등급별 가격,OFFICIAL,S092,2026-09-03,CONFIRMED,
2026,LOTTE,SAJIK,INFIELD_UPPER_1B,1루내야상단석,STANDARD,WEEKDAY,GENERAL,,13000,,,공식 경기등급별 가격,OFFICIAL,S092,2026-09-03,CONFIRMED,
2026,LOTTE,SAJIK,INFIELD_UPPER_1B,1루내야상단석,STANDARD,WEEKEND,GENERAL,,17000,,,공식 경기등급별 가격,OFFICIAL,S092,2026-09-03,CONFIRMED,
2026,LOTTE,SAJIK,INFIELD_UPPER_1B,1루내야상단석,STANDARD,BLUE,GENERAL,,18700,,,공식 경기등급별 가격,OFFICIAL,S092,2026-09-03,CONFIRMED,
2026,LOTTE,SAJIK,INFIELD_UPPER_1B,1루내야상단석,STANDARD,NAVY,GENERAL,,20400,,,공식 경기등급별 가격,OFFICIAL,S092,2026-09-03,CONFIRMED,
2026,LOTTE,SAJIK,INFIELD_UPPER_1B,1루내야상단석,STANDARD,IVORY_PLUS,YOUTH,,8000,,,공식 경기등급별 가격,OFFICIAL,S092,2026-09-03,CONFIRMED,
2026,LOTTE,SAJIK,INFIELD_UPPER_1B,1루내야상단석,STANDARD,IVORY,YOUTH,,9000,,,공식 경기등급별 가격,OFFICIAL,S092,2026-09-03,CONFIRMED,
2026,LOTTE,SAJIK,INFIELD_UPPER_1B,1루내야상단석,STANDARD,WEEKDAY,YOUTH,,10000,,,공식 경기등급별 가격,OFFICIAL,S092,2026-09-03,CONFIRMED,
2026,LOTTE,SAJIK,INFIELD_UPPER_1B,1루내야상단석,STANDARD,WEEKEND,YOUTH,,14000,,,공식 경기등급별 가격,OFFICIAL,S092,2026-09-03,CONFIRMED,
2026,LOTTE,SAJIK,INFIELD_UPPER_1B,1루내야상단석,STANDARD,BLUE,YOUTH,,15400,,,공식 경기등급별 가격,OFFICIAL,S092,2026-09-03,CONFIRMED,
2026,LOTTE,SAJIK,INFIELD_UPPER_1B,1루내야상단석,STANDARD,NAVY,YOUTH,,16800,,,공식 경기등급별 가격,OFFICIAL,S092,2026-09-03,CONFIRMED,
2026,LOTTE,SAJIK,INFIELD_UPPER_1B,1루내야상단석,STANDARD,IVORY_PLUS,CHILD,,7200,,,공식 경기등급별 가격,OFFICIAL,S092,2026-09-03,CONFIRMED,
2026,LOTTE,SAJIK,INFIELD_UPPER_1B,1루내야상단석,STANDARD,IVORY,CHILD,,8100,,,공식 경기등급별 가격,OFFICIAL,S092,2026-09-03,CONFIRMED,
2026,LOTTE,SAJIK,INFIELD_UPPER_1B,1루내야상단석,STANDARD,WEEKDAY,CHILD,,9000,,,공식 경기등급별 가격,OFFICIAL,S092,2026-09-03,CONFIRMED,
2026,LOTTE,SAJIK,INFIELD_UPPER_1B,1루내야상단석,STANDARD,WEEKEND,CHILD,,12000,,,공식 경기등급별 가격,OFFICIAL,S092,2026-09-03,CONFIRMED,
2026,LOTTE,SAJIK,INFIELD_UPPER_1B,1루내야상단석,STANDARD,BLUE,CHILD,,13200,,,공식 경기등급별 가격,OFFICIAL,S092,2026-09-03,CONFIRMED,
2026,LOTTE,SAJIK,INFIELD_UPPER_1B,1루내야상단석,STANDARD,NAVY,CHILD,,14400,,,공식 경기등급별 가격,OFFICIAL,S092,2026-09-03,CONFIRMED,
2026,LOTTE,SAJIK,INFIELD_UPPER_3B_A,3루내야상단석A,STANDARD,IVORY_PLUS,GENERAL,,9100,,,공식 경기등급별 가격,OFFICIAL,S092,2026-09-03,CONFIRMED,
2026,LOTTE,SAJIK,INFIELD_UPPER_3B_A,3루내야상단석A,STANDARD,IVORY,GENERAL,,11700,,,공식 경기등급별 가격,OFFICIAL,S092,2026-09-03,CONFIRMED,
2026,LOTTE,SAJIK,INFIELD_UPPER_3B_A,3루내야상단석A,STANDARD,WEEKDAY,GENERAL,,13000,,,공식 경기등급별 가격,OFFICIAL,S092,2026-09-03,CONFIRMED,
2026,LOTTE,SAJIK,INFIELD_UPPER_3B_A,3루내야상단석A,STANDARD,WEEKEND,GENERAL,,17000,,,공식 경기등급별 가격,OFFICIAL,S092,2026-09-03,CONFIRMED,
2026,LOTTE,SAJIK,INFIELD_UPPER_3B_A,3루내야상단석A,STANDARD,BLUE,GENERAL,,18700,,,공식 경기등급별 가격,OFFICIAL,S092,2026-09-03,CONFIRMED,
2026,LOTTE,SAJIK,INFIELD_UPPER_3B_A,3루내야상단석A,STANDARD,NAVY,GENERAL,,20400,,,공식 경기등급별 가격,OFFICIAL,S092,2026-09-03,CONFIRMED,
2026,LOTTE,SAJIK,INFIELD_UPPER_3B_A,3루내야상단석A,STANDARD,IVORY_PLUS,YOUTH,,7000,,,공식 경기등급별 가격,OFFICIAL,S092,2026-09-03,CONFIRMED,
2026,LOTTE,SAJIK,INFIELD_UPPER_3B_A,3루내야상단석A,STANDARD,IVORY,YOUTH,,9000,,,공식 경기등급별 가격,OFFICIAL,S092,2026-09-03,CONFIRMED,
2026,LOTTE,SAJIK,INFIELD_UPPER_3B_A,3루내야상단석A,STANDARD,WEEKDAY,YOUTH,,10000,,,공식 경기등급별 가격,OFFICIAL,S092,2026-09-03,CONFIRMED,
2026,LOTTE,SAJIK,INFIELD_UPPER_3B_A,3루내야상단석A,STANDARD,WEEKEND,YOUTH,,14000,,,공식 경기등급별 가격,OFFICIAL,S092,2026-09-03,CONFIRMED,
2026,LOTTE,SAJIK,INFIELD_UPPER_3B_A,3루내야상단석A,STANDARD,BLUE,YOUTH,,15400,,,공식 경기등급별 가격,OFFICIAL,S092,2026-09-03,CONFIRMED,
2026,LOTTE,SAJIK,INFIELD_UPPER_3B_A,3루내야상단석A,STANDARD,NAVY,YOUTH,,16800,,,공식 경기등급별 가격,OFFICIAL,S092,2026-09-03,CONFIRMED,
2026,LOTTE,SAJIK,INFIELD_UPPER_3B_A,3루내야상단석A,STANDARD,IVORY_PLUS,CHILD,,6300,,,공식 경기등급별 가격,OFFICIAL,S092,2026-09-03,CONFIRMED,
2026,LOTTE,SAJIK,INFIELD_UPPER_3B_A,3루내야상단석A,STANDARD,IVORY,CHILD,,8100,,,공식 경기등급별 가격,OFFICIAL,S092,2026-09-03,CONFIRMED,
2026,LOTTE,SAJIK,INFIELD_UPPER_3B_A,3루내야상단석A,STANDARD,WEEKDAY,CHILD,,9000,,,공식 경기등급별 가격,OFFICIAL,S092,2026-09-03,CONFIRMED,
2026,LOTTE,SAJIK,INFIELD_UPPER_3B_A,3루내야상단석A,STANDARD,WEEKEND,CHILD,,12000,,,공식 경기등급별 가격,OFFICIAL,S092,2026-09-03,CONFIRMED,
2026,LOTTE,SAJIK,INFIELD_UPPER_3B_A,3루내야상단석A,STANDARD,BLUE,CHILD,,13200,,,공식 경기등급별 가격,OFFICIAL,S092,2026-09-03,CONFIRMED,
2026,LOTTE,SAJIK,INFIELD_UPPER_3B_A,3루내야상단석A,STANDARD,NAVY,CHILD,,14400,,,공식 경기등급별 가격,OFFICIAL,S092,2026-09-03,CONFIRMED,
2026,LOTTE,SAJIK,INFIELD_UPPER_3B_B,3루내야상단석B,STANDARD,IVORY_PLUS,GENERAL,,6500,,,공식 경기등급별 가격,OFFICIAL,S092,2026-09-03,CONFIRMED,
2026,LOTTE,SAJIK,INFIELD_UPPER_3B_B,3루내야상단석B,STANDARD,IVORY,GENERAL,,11700,,,공식 경기등급별 가격,OFFICIAL,S092,2026-09-03,CONFIRMED,
2026,LOTTE,SAJIK,INFIELD_UPPER_3B_B,3루내야상단석B,STANDARD,WEEKDAY,GENERAL,,13000,,,공식 경기등급별 가격,OFFICIAL,S092,2026-09-03,CONFIRMED,
2026,LOTTE,SAJIK,INFIELD_UPPER_3B_B,3루내야상단석B,STANDARD,WEEKEND,GENERAL,,17000,,,공식 경기등급별 가격,OFFICIAL,S092,2026-09-03,CONFIRMED,
2026,LOTTE,SAJIK,INFIELD_UPPER_3B_B,3루내야상단석B,STANDARD,BLUE,GENERAL,,18700,,,공식 경기등급별 가격,OFFICIAL,S092,2026-09-03,CONFIRMED,
2026,LOTTE,SAJIK,INFIELD_UPPER_3B_B,3루내야상단석B,STANDARD,NAVY,GENERAL,,20400,,,공식 경기등급별 가격,OFFICIAL,S092,2026-09-03,CONFIRMED,
2026,LOTTE,SAJIK,INFIELD_UPPER_3B_B,3루내야상단석B,STANDARD,IVORY_PLUS,YOUTH,,5000,,,공식 경기등급별 가격,OFFICIAL,S092,2026-09-03,CONFIRMED,
2026,LOTTE,SAJIK,INFIELD_UPPER_3B_B,3루내야상단석B,STANDARD,IVORY,YOUTH,,9000,,,공식 경기등급별 가격,OFFICIAL,S092,2026-09-03,CONFIRMED,
2026,LOTTE,SAJIK,INFIELD_UPPER_3B_B,3루내야상단석B,STANDARD,WEEKDAY,YOUTH,,10000,,,공식 경기등급별 가격,OFFICIAL,S092,2026-09-03,CONFIRMED,
2026,LOTTE,SAJIK,INFIELD_UPPER_3B_B,3루내야상단석B,STANDARD,WEEKEND,YOUTH,,14000,,,공식 경기등급별 가격,OFFICIAL,S092,2026-09-03,CONFIRMED,
2026,LOTTE,SAJIK,INFIELD_UPPER_3B_B,3루내야상단석B,STANDARD,BLUE,YOUTH,,15400,,,공식 경기등급별 가격,OFFICIAL,S092,2026-09-03,CONFIRMED,
2026,LOTTE,SAJIK,INFIELD_UPPER_3B_B,3루내야상단석B,STANDARD,NAVY,YOUTH,,16800,,,공식 경기등급별 가격,OFFICIAL,S092,2026-09-03,CONFIRMED,
2026,LOTTE,SAJIK,INFIELD_UPPER_3B_B,3루내야상단석B,STANDARD,IVORY_PLUS,CHILD,,4500,,,공식 경기등급별 가격,OFFICIAL,S092,2026-09-03,CONFIRMED,
2026,LOTTE,SAJIK,INFIELD_UPPER_3B_B,3루내야상단석B,STANDARD,IVORY,CHILD,,8100,,,공식 경기등급별 가격,OFFICIAL,S092,2026-09-03,CONFIRMED,
2026,LOTTE,SAJIK,INFIELD_UPPER_3B_B,3루내야상단석B,STANDARD,WEEKDAY,CHILD,,9000,,,공식 경기등급별 가격,OFFICIAL,S092,2026-09-03,CONFIRMED,
2026,LOTTE,SAJIK,INFIELD_UPPER_3B_B,3루내야상단석B,STANDARD,WEEKEND,CHILD,,12000,,,공식 경기등급별 가격,OFFICIAL,S092,2026-09-03,CONFIRMED,
2026,LOTTE,SAJIK,INFIELD_UPPER_3B_B,3루내야상단석B,STANDARD,BLUE,CHILD,,13200,,,공식 경기등급별 가격,OFFICIAL,S092,2026-09-03,CONFIRMED,
2026,LOTTE,SAJIK,INFIELD_UPPER_3B_B,3루내야상단석B,STANDARD,NAVY,CHILD,,14400,,,공식 경기등급별 가격,OFFICIAL,S092,2026-09-03,CONFIRMED,
2026,LOTTE,SAJIK,CENTER_UPPER,중앙상단석,STANDARD,IVORY_PLUS,GENERAL,,7000,,,공식 경기등급별 가격,OFFICIAL,S092,2026-09-03,CONFIRMED,
2026,LOTTE,SAJIK,CENTER_UPPER,중앙상단석,STANDARD,IVORY,GENERAL,,9000,,,공식 경기등급별 가격,OFFICIAL,S092,2026-09-03,CONFIRMED,
2026,LOTTE,SAJIK,CENTER_UPPER,중앙상단석,STANDARD,WEEKDAY,GENERAL,,10000,,,공식 경기등급별 가격,OFFICIAL,S092,2026-09-03,CONFIRMED,
2026,LOTTE,SAJIK,CENTER_UPPER,중앙상단석,STANDARD,WEEKEND,GENERAL,,12000,,,공식 경기등급별 가격,OFFICIAL,S092,2026-09-03,CONFIRMED,
2026,LOTTE,SAJIK,CENTER_UPPER,중앙상단석,STANDARD,BLUE,GENERAL,,13200,,,공식 경기등급별 가격,OFFICIAL,S092,2026-09-03,CONFIRMED,
2026,LOTTE,SAJIK,CENTER_UPPER,중앙상단석,STANDARD,NAVY,GENERAL,,14400,,,공식 경기등급별 가격,OFFICIAL,S092,2026-09-03,CONFIRMED,
2026,LOTTE,SAJIK,CENTER_UPPER,중앙상단석,STANDARD,IVORY_PLUS,YOUTH,,4900,,,공식 경기등급별 가격,OFFICIAL,S092,2026-09-03,CONFIRMED,
2026,LOTTE,SAJIK,CENTER_UPPER,중앙상단석,STANDARD,IVORY,YOUTH,,6300,,,공식 경기등급별 가격,OFFICIAL,S092,2026-09-03,CONFIRMED,
2026,LOTTE,SAJIK,CENTER_UPPER,중앙상단석,STANDARD,WEEKDAY,YOUTH,,7000,,,공식 경기등급별 가격,OFFICIAL,S092,2026-09-03,CONFIRMED,
2026,LOTTE,SAJIK,CENTER_UPPER,중앙상단석,STANDARD,WEEKEND,YOUTH,,9000,,,공식 경기등급별 가격,OFFICIAL,S092,2026-09-03,CONFIRMED,
2026,LOTTE,SAJIK,CENTER_UPPER,중앙상단석,STANDARD,BLUE,YOUTH,,9900,,,공식 경기등급별 가격,OFFICIAL,S092,2026-09-03,CONFIRMED,
2026,LOTTE,SAJIK,CENTER_UPPER,중앙상단석,STANDARD,NAVY,YOUTH,,10800,,,공식 경기등급별 가격,OFFICIAL,S092,2026-09-03,CONFIRMED,
2026,LOTTE,SAJIK,CENTER_UPPER,중앙상단석,STANDARD,IVORY_PLUS,CHILD,,3500,,,공식 경기등급별 가격,OFFICIAL,S092,2026-09-03,CONFIRMED,
2026,LOTTE,SAJIK,CENTER_UPPER,중앙상단석,STANDARD,IVORY,CHILD,,4500,,,공식 경기등급별 가격,OFFICIAL,S092,2026-09-03,CONFIRMED,
2026,LOTTE,SAJIK,CENTER_UPPER,중앙상단석,STANDARD,WEEKDAY,CHILD,,5000,,,공식 경기등급별 가격,OFFICIAL,S092,2026-09-03,CONFIRMED,
2026,LOTTE,SAJIK,CENTER_UPPER,중앙상단석,STANDARD,WEEKEND,CHILD,,7000,,,공식 경기등급별 가격,OFFICIAL,S092,2026-09-03,CONFIRMED,
2026,LOTTE,SAJIK,CENTER_UPPER,중앙상단석,STANDARD,BLUE,CHILD,,7700,,,공식 경기등급별 가격,OFFICIAL,S092,2026-09-03,CONFIRMED,
2026,LOTTE,SAJIK,CENTER_UPPER,중앙상단석,STANDARD,NAVY,CHILD,,8400,,,공식 경기등급별 가격,OFFICIAL,S092,2026-09-03,CONFIRMED,
2026,LOTTE,SAJIK,OUTFIELD_1B,1루외야석,STANDARD,IVORY_PLUS,GENERAL,,6400,,,공식 경기등급별 가격,OFFICIAL,S092,2026-09-03,CONFIRMED,
2026,LOTTE,SAJIK,OUTFIELD_1B,1루외야석,STANDARD,IVORY,GENERAL,,7200,,,공식 경기등급별 가격,OFFICIAL,S092,2026-09-03,CONFIRMED,
2026,LOTTE,SAJIK,OUTFIELD_1B,1루외야석,STANDARD,WEEKDAY,GENERAL,,8000,,,공식 경기등급별 가격,OFFICIAL,S092,2026-09-03,CONFIRMED,
2026,LOTTE,SAJIK,OUTFIELD_1B,1루외야석,STANDARD,WEEKEND,GENERAL,,10000,,,공식 경기등급별 가격,OFFICIAL,S092,2026-09-03,CONFIRMED,
2026,LOTTE,SAJIK,OUTFIELD_1B,1루외야석,STANDARD,BLUE,GENERAL,,11000,,,공식 경기등급별 가격,OFFICIAL,S092,2026-09-03,CONFIRMED,
2026,LOTTE,SAJIK,OUTFIELD_1B,1루외야석,STANDARD,NAVY,GENERAL,,12000,,,공식 경기등급별 가격,OFFICIAL,S092,2026-09-03,CONFIRMED,
2026,LOTTE,SAJIK,OUTFIELD_1B,1루외야석,STANDARD,IVORY_PLUS,YOUTH,,4000,,,공식 경기등급별 가격,OFFICIAL,S092,2026-09-03,CONFIRMED,
2026,LOTTE,SAJIK,OUTFIELD_1B,1루외야석,STANDARD,IVORY,YOUTH,,4500,,,공식 경기등급별 가격,OFFICIAL,S092,2026-09-03,CONFIRMED,
2026,LOTTE,SAJIK,OUTFIELD_1B,1루외야석,STANDARD,WEEKDAY,YOUTH,,5000,,,공식 경기등급별 가격,OFFICIAL,S092,2026-09-03,CONFIRMED,
2026,LOTTE,SAJIK,OUTFIELD_1B,1루외야석,STANDARD,WEEKEND,YOUTH,,7000,,,공식 경기등급별 가격,OFFICIAL,S092,2026-09-03,CONFIRMED,
2026,LOTTE,SAJIK,OUTFIELD_1B,1루외야석,STANDARD,BLUE,YOUTH,,7700,,,공식 경기등급별 가격,OFFICIAL,S092,2026-09-03,CONFIRMED,
2026,LOTTE,SAJIK,OUTFIELD_1B,1루외야석,STANDARD,NAVY,YOUTH,,8400,,,공식 경기등급별 가격,OFFICIAL,S092,2026-09-03,CONFIRMED,
2026,LOTTE,SAJIK,OUTFIELD_1B,1루외야석,STANDARD,IVORY_PLUS,CHILD,,2400,,,공식 경기등급별 가격,OFFICIAL,S092,2026-09-03,CONFIRMED,
2026,LOTTE,SAJIK,OUTFIELD_1B,1루외야석,STANDARD,IVORY,CHILD,,2700,,,공식 경기등급별 가격,OFFICIAL,S092,2026-09-03,CONFIRMED,
2026,LOTTE,SAJIK,OUTFIELD_1B,1루외야석,STANDARD,WEEKDAY,CHILD,,3000,,,공식 경기등급별 가격,OFFICIAL,S092,2026-09-03,CONFIRMED,
2026,LOTTE,SAJIK,OUTFIELD_1B,1루외야석,STANDARD,WEEKEND,CHILD,,5000,,,공식 경기등급별 가격,OFFICIAL,S092,2026-09-03,CONFIRMED,
2026,LOTTE,SAJIK,OUTFIELD_1B,1루외야석,STANDARD,BLUE,CHILD,,5500,,,공식 경기등급별 가격,OFFICIAL,S092,2026-09-03,CONFIRMED,
2026,LOTTE,SAJIK,OUTFIELD_1B,1루외야석,STANDARD,NAVY,CHILD,,6000,,,공식 경기등급별 가격,OFFICIAL,S092,2026-09-03,CONFIRMED,
2026,LOTTE,SAJIK,OUTFIELD_3B,3루외야석,STANDARD,IVORY_PLUS,GENERAL,,4000,,,공식 경기등급별 가격,OFFICIAL,S092,2026-09-03,CONFIRMED,
2026,LOTTE,SAJIK,OUTFIELD_3B,3루외야석,STANDARD,IVORY,GENERAL,,7200,,,공식 경기등급별 가격,OFFICIAL,S092,2026-09-03,CONFIRMED,
2026,LOTTE,SAJIK,OUTFIELD_3B,3루외야석,STANDARD,WEEKDAY,GENERAL,,8000,,,공식 경기등급별 가격,OFFICIAL,S092,2026-09-03,CONFIRMED,
2026,LOTTE,SAJIK,OUTFIELD_3B,3루외야석,STANDARD,WEEKEND,GENERAL,,10000,,,공식 경기등급별 가격,OFFICIAL,S092,2026-09-03,CONFIRMED,
2026,LOTTE,SAJIK,OUTFIELD_3B,3루외야석,STANDARD,BLUE,GENERAL,,11000,,,공식 경기등급별 가격,OFFICIAL,S092,2026-09-03,CONFIRMED,
2026,LOTTE,SAJIK,OUTFIELD_3B,3루외야석,STANDARD,NAVY,GENERAL,,12000,,,공식 경기등급별 가격,OFFICIAL,S092,2026-09-03,CONFIRMED,
2026,LOTTE,SAJIK,OUTFIELD_3B,3루외야석,STANDARD,IVORY_PLUS,YOUTH,,2500,,,공식 경기등급별 가격,OFFICIAL,S092,2026-09-03,CONFIRMED,
2026,LOTTE,SAJIK,OUTFIELD_3B,3루외야석,STANDARD,IVORY,YOUTH,,4500,,,공식 경기등급별 가격,OFFICIAL,S092,2026-09-03,CONFIRMED,
2026,LOTTE,SAJIK,OUTFIELD_3B,3루외야석,STANDARD,WEEKDAY,YOUTH,,5000,,,공식 경기등급별 가격,OFFICIAL,S092,2026-09-03,CONFIRMED,
2026,LOTTE,SAJIK,OUTFIELD_3B,3루외야석,STANDARD,WEEKEND,YOUTH,,7000,,,공식 경기등급별 가격,OFFICIAL,S092,2026-09-03,CONFIRMED,
2026,LOTTE,SAJIK,OUTFIELD_3B,3루외야석,STANDARD,BLUE,YOUTH,,7700,,,공식 경기등급별 가격,OFFICIAL,S092,2026-09-03,CONFIRMED,
2026,LOTTE,SAJIK,OUTFIELD_3B,3루외야석,STANDARD,NAVY,YOUTH,,8400,,,공식 경기등급별 가격,OFFICIAL,S092,2026-09-03,CONFIRMED,
2026,LOTTE,SAJIK,OUTFIELD_3B,3루외야석,STANDARD,IVORY_PLUS,CHILD,,1500,,,공식 경기등급별 가격,OFFICIAL,S092,2026-09-03,CONFIRMED,
2026,LOTTE,SAJIK,OUTFIELD_3B,3루외야석,STANDARD,IVORY,CHILD,,2700,,,공식 경기등급별 가격,OFFICIAL,S092,2026-09-03,CONFIRMED,
2026,LOTTE,SAJIK,OUTFIELD_3B,3루외야석,STANDARD,WEEKDAY,CHILD,,3000,,,공식 경기등급별 가격,OFFICIAL,S092,2026-09-03,CONFIRMED,
2026,LOTTE,SAJIK,OUTFIELD_3B,3루외야석,STANDARD,WEEKEND,CHILD,,5000,,,공식 경기등급별 가격,OFFICIAL,S092,2026-09-03,CONFIRMED,
2026,LOTTE,SAJIK,OUTFIELD_3B,3루외야석,STANDARD,BLUE,CHILD,,5500,,,공식 경기등급별 가격,OFFICIAL,S092,2026-09-03,CONFIRMED,
2026,LOTTE,SAJIK,OUTFIELD_3B,3루외야석,STANDARD,NAVY,CHILD,,6000,,,공식 경기등급별 가격,OFFICIAL,S092,2026-09-03,CONFIRMED,
2026,LOTTE,SAJIK,AVENUEL_GROUND,에비뉴엘석(그라운드석),STANDARD,IVORY_PLUS,GENERAL,,120000,,,공식 경기등급별 1인 가격,OFFICIAL,S092,2026-09-03,CONFIRMED,
2026,LOTTE,SAJIK,AVENUEL_GROUND,에비뉴엘석(그라운드석),STANDARD,IVORY,GENERAL,,120000,,,공식 경기등급별 1인 가격,OFFICIAL,S092,2026-09-03,CONFIRMED,
2026,LOTTE,SAJIK,AVENUEL_GROUND,에비뉴엘석(그라운드석),STANDARD,WEEKDAY,GENERAL,,120000,,,공식 경기등급별 1인 가격,OFFICIAL,S092,2026-09-03,CONFIRMED,
2026,LOTTE,SAJIK,AVENUEL_GROUND,에비뉴엘석(그라운드석),STANDARD,WEEKEND,GENERAL,,150000,,,공식 경기등급별 1인 가격,OFFICIAL,S092,2026-09-03,CONFIRMED,
2026,LOTTE,SAJIK,AVENUEL_GROUND,에비뉴엘석(그라운드석),STANDARD,BLUE,GENERAL,,150000,,,공식 경기등급별 1인 가격,OFFICIAL,S092,2026-09-03,CONFIRMED,
2026,LOTTE,SAJIK,AVENUEL_GROUND,에비뉴엘석(그라운드석),STANDARD,NAVY,GENERAL,,150000,,,공식 경기등급별 1인 가격,OFFICIAL,S092,2026-09-03,CONFIRMED,
2026,LOTTE,SAJIK,AVENUEL_GROUND_OBSTRUCTED,에비뉴엘석(그라운드석)(시야방해),STANDARD,IVORY_PLUS,GENERAL,,84000,,,공식 경기등급별 1인 가격,OFFICIAL,S092,2026-09-03,CONFIRMED,
2026,LOTTE,SAJIK,AVENUEL_GROUND_OBSTRUCTED,에비뉴엘석(그라운드석)(시야방해),STANDARD,IVORY,GENERAL,,84000,,,공식 경기등급별 1인 가격,OFFICIAL,S092,2026-09-03,CONFIRMED,
2026,LOTTE,SAJIK,AVENUEL_GROUND_OBSTRUCTED,에비뉴엘석(그라운드석)(시야방해),STANDARD,WEEKDAY,GENERAL,,84000,,,공식 경기등급별 1인 가격,OFFICIAL,S092,2026-09-03,CONFIRMED,
2026,LOTTE,SAJIK,AVENUEL_GROUND_OBSTRUCTED,에비뉴엘석(그라운드석)(시야방해),STANDARD,WEEKEND,GENERAL,,105000,,,공식 경기등급별 1인 가격,OFFICIAL,S092,2026-09-03,CONFIRMED,
2026,LOTTE,SAJIK,AVENUEL_GROUND_OBSTRUCTED,에비뉴엘석(그라운드석)(시야방해),STANDARD,BLUE,GENERAL,,105000,,,공식 경기등급별 1인 가격,OFFICIAL,S092,2026-09-03,CONFIRMED,
2026,LOTTE,SAJIK,AVENUEL_GROUND_OBSTRUCTED,에비뉴엘석(그라운드석)(시야방해),STANDARD,NAVY,GENERAL,,105000,,,공식 경기등급별 1인 가격,OFFICIAL,S092,2026-09-03,CONFIRMED,
2026,LOTTE,SAJIK,CENTER_TABLE,중앙탁자석,STANDARD,IVORY_PLUS,GENERAL,,32000,,,공식 경기등급별 1인 가격,OFFICIAL,S092,2026-09-03,CONFIRMED,
2026,LOTTE,SAJIK,CENTER_TABLE,중앙탁자석,STANDARD,IVORY,GENERAL,,36000,,,공식 경기등급별 1인 가격,OFFICIAL,S092,2026-09-03,CONFIRMED,
2026,LOTTE,SAJIK,CENTER_TABLE,중앙탁자석,STANDARD,WEEKDAY,GENERAL,,40000,,,공식 경기등급별 1인 가격,OFFICIAL,S092,2026-09-03,CONFIRMED,
2026,LOTTE,SAJIK,CENTER_TABLE,중앙탁자석,STANDARD,WEEKEND,GENERAL,,55000,,,공식 경기등급별 1인 가격,OFFICIAL,S092,2026-09-03,CONFIRMED,
2026,LOTTE,SAJIK,CENTER_TABLE,중앙탁자석,STANDARD,BLUE,GENERAL,,60500,,,공식 경기등급별 1인 가격,OFFICIAL,S092,2026-09-03,CONFIRMED,
2026,LOTTE,SAJIK,CENTER_TABLE,중앙탁자석,STANDARD,NAVY,GENERAL,,66000,,,공식 경기등급별 1인 가격,OFFICIAL,S092,2026-09-03,CONFIRMED,
2026,LOTTE,SAJIK,MEDIHEAL_WIDE_TABLE,메디힐존(와이드탁자석),STANDARD,IVORY_PLUS,GENERAL,,24000,,,공식 경기등급별 1인 가격,OFFICIAL,S092,2026-09-03,CONFIRMED,
2026,LOTTE,SAJIK,MEDIHEAL_WIDE_TABLE,메디힐존(와이드탁자석),STANDARD,IVORY,GENERAL,,27000,,,공식 경기등급별 1인 가격,OFFICIAL,S092,2026-09-03,CONFIRMED,
2026,LOTTE,SAJIK,MEDIHEAL_WIDE_TABLE,메디힐존(와이드탁자석),STANDARD,WEEKDAY,GENERAL,,30000,,,공식 경기등급별 1인 가격,OFFICIAL,S092,2026-09-03,CONFIRMED,
2026,LOTTE,SAJIK,MEDIHEAL_WIDE_TABLE,메디힐존(와이드탁자석),STANDARD,WEEKEND,GENERAL,,45000,,,공식 경기등급별 1인 가격,OFFICIAL,S092,2026-09-03,CONFIRMED,
2026,LOTTE,SAJIK,MEDIHEAL_WIDE_TABLE,메디힐존(와이드탁자석),STANDARD,BLUE,GENERAL,,49500,,,공식 경기등급별 1인 가격,OFFICIAL,S092,2026-09-03,CONFIRMED,
2026,LOTTE,SAJIK,MEDIHEAL_WIDE_TABLE,메디힐존(와이드탁자석),STANDARD,NAVY,GENERAL,,54000,,,공식 경기등급별 1인 가격,OFFICIAL,S092,2026-09-03,CONFIRMED,
2026,LOTTE,SAJIK,NAVER_CLIP_CHEER_TABLE,네이버 클립존(응원탁자석),STANDARD,IVORY_PLUS,GENERAL,,24000,,,공식 경기등급별 1인 가격,OFFICIAL,S092,2026-09-03,CONFIRMED,
2026,LOTTE,SAJIK,NAVER_CLIP_CHEER_TABLE,네이버 클립존(응원탁자석),STANDARD,IVORY,GENERAL,,27000,,,공식 경기등급별 1인 가격,OFFICIAL,S092,2026-09-03,CONFIRMED,
2026,LOTTE,SAJIK,NAVER_CLIP_CHEER_TABLE,네이버 클립존(응원탁자석),STANDARD,WEEKDAY,GENERAL,,30000,,,공식 경기등급별 1인 가격,OFFICIAL,S092,2026-09-03,CONFIRMED,
2026,LOTTE,SAJIK,NAVER_CLIP_CHEER_TABLE,네이버 클립존(응원탁자석),STANDARD,WEEKEND,GENERAL,,45000,,,공식 경기등급별 1인 가격,OFFICIAL,S092,2026-09-03,CONFIRMED,
2026,LOTTE,SAJIK,NAVER_CLIP_CHEER_TABLE,네이버 클립존(응원탁자석),STANDARD,BLUE,GENERAL,,49500,,,공식 경기등급별 1인 가격,OFFICIAL,S092,2026-09-03,CONFIRMED,
2026,LOTTE,SAJIK,NAVER_CLIP_CHEER_TABLE,네이버 클립존(응원탁자석),STANDARD,NAVY,GENERAL,,54000,,,공식 경기등급별 1인 가격,OFFICIAL,S092,2026-09-03,CONFIRMED,
2026,LOTTE,SAJIK,PREMIUM_3B,3루 프리미엄석,STANDARD,IVORY_PLUS,GENERAL,,28000,,,공식 경기등급별 1인 가격,OFFICIAL,S092,2026-09-03,CONFIRMED,
2026,LOTTE,SAJIK,PREMIUM_3B,3루 프리미엄석,STANDARD,IVORY,GENERAL,,31500,,,공식 경기등급별 1인 가격,OFFICIAL,S092,2026-09-03,CONFIRMED,
2026,LOTTE,SAJIK,PREMIUM_3B,3루 프리미엄석,STANDARD,WEEKDAY,GENERAL,,35000,,,공식 경기등급별 1인 가격,OFFICIAL,S092,2026-09-03,CONFIRMED,
2026,LOTTE,SAJIK,PREMIUM_3B,3루 프리미엄석,STANDARD,WEEKEND,GENERAL,,50000,,,공식 경기등급별 1인 가격,OFFICIAL,S092,2026-09-03,CONFIRMED,
2026,LOTTE,SAJIK,PREMIUM_3B,3루 프리미엄석,STANDARD,BLUE,GENERAL,,55000,,,공식 경기등급별 1인 가격,OFFICIAL,S092,2026-09-03,CONFIRMED,
2026,LOTTE,SAJIK,PREMIUM_3B,3루 프리미엄석,STANDARD,NAVY,GENERAL,,60000,,,공식 경기등급별 1인 가격,OFFICIAL,S092,2026-09-03,CONFIRMED,
2026,LOTTE,SAJIK,INFIELD_TABLE,내야탁자석,STANDARD,IVORY_PLUS,GENERAL,,20000,,,공식 경기등급별 1인 가격,OFFICIAL,S092,2026-09-03,CONFIRMED,
2026,LOTTE,SAJIK,INFIELD_TABLE,내야탁자석,STANDARD,IVORY,GENERAL,,22500,,,공식 경기등급별 1인 가격,OFFICIAL,S092,2026-09-03,CONFIRMED,
2026,LOTTE,SAJIK,INFIELD_TABLE,내야탁자석,STANDARD,WEEKDAY,GENERAL,,25000,,,공식 경기등급별 1인 가격,OFFICIAL,S092,2026-09-03,CONFIRMED,
2026,LOTTE,SAJIK,INFIELD_TABLE,내야탁자석,STANDARD,WEEKEND,GENERAL,,35000,,,공식 경기등급별 1인 가격,OFFICIAL,S092,2026-09-03,CONFIRMED,
2026,LOTTE,SAJIK,INFIELD_TABLE,내야탁자석,STANDARD,BLUE,GENERAL,,38500,,,공식 경기등급별 1인 가격,OFFICIAL,S092,2026-09-03,CONFIRMED,
2026,LOTTE,SAJIK,INFIELD_TABLE,내야탁자석,STANDARD,NAVY,GENERAL,,42000,,,공식 경기등급별 1인 가격,OFFICIAL,S092,2026-09-03,CONFIRMED,
2026,LOTTE,SAJIK,CENTER_UPPER_TABLE,중앙상단탁자석,STANDARD,IVORY_PLUS,GENERAL,,20000,,,공식 경기등급별 1인 가격,OFFICIAL,S092,2026-09-03,CONFIRMED,
2026,LOTTE,SAJIK,CENTER_UPPER_TABLE,중앙상단탁자석,STANDARD,IVORY,GENERAL,,22500,,,공식 경기등급별 1인 가격,OFFICIAL,S092,2026-09-03,CONFIRMED,
2026,LOTTE,SAJIK,CENTER_UPPER_TABLE,중앙상단탁자석,STANDARD,WEEKDAY,GENERAL,,25000,,,공식 경기등급별 1인 가격,OFFICIAL,S092,2026-09-03,CONFIRMED,
2026,LOTTE,SAJIK,CENTER_UPPER_TABLE,중앙상단탁자석,STANDARD,WEEKEND,GENERAL,,35000,,,공식 경기등급별 1인 가격,OFFICIAL,S092,2026-09-03,CONFIRMED,
2026,LOTTE,SAJIK,CENTER_UPPER_TABLE,중앙상단탁자석,STANDARD,BLUE,GENERAL,,38500,,,공식 경기등급별 1인 가격,OFFICIAL,S092,2026-09-03,CONFIRMED,
2026,LOTTE,SAJIK,CENTER_UPPER_TABLE,중앙상단탁자석,STANDARD,NAVY,GENERAL,,42000,,,공식 경기등급별 1인 가격,OFFICIAL,S092,2026-09-03,CONFIRMED,
2026,LOTTE,SAJIK,CENTER_UPPER_TABLE_OBSTRUCTED,중앙상단탁자석(시야방해),STANDARD,IVORY_PLUS,GENERAL,,8000,,,공식 경기등급별 1인 가격,OFFICIAL,S092,2026-09-03,CONFIRMED,
2026,LOTTE,SAJIK,CENTER_UPPER_TABLE_OBSTRUCTED,중앙상단탁자석(시야방해),STANDARD,IVORY,GENERAL,,9000,,,공식 경기등급별 1인 가격,OFFICIAL,S092,2026-09-03,CONFIRMED,
2026,LOTTE,SAJIK,CENTER_UPPER_TABLE_OBSTRUCTED,중앙상단탁자석(시야방해),STANDARD,WEEKDAY,GENERAL,,10000,,,공식 경기등급별 1인 가격,OFFICIAL,S092,2026-09-03,CONFIRMED,
2026,LOTTE,SAJIK,CENTER_UPPER_TABLE_OBSTRUCTED,중앙상단탁자석(시야방해),STANDARD,WEEKEND,GENERAL,,14000,,,공식 경기등급별 1인 가격,OFFICIAL,S092,2026-09-03,CONFIRMED,
2026,LOTTE,SAJIK,CENTER_UPPER_TABLE_OBSTRUCTED,중앙상단탁자석(시야방해),STANDARD,BLUE,GENERAL,,15400,,,공식 경기등급별 1인 가격,OFFICIAL,S092,2026-09-03,CONFIRMED,
2026,LOTTE,SAJIK,CENTER_UPPER_TABLE_OBSTRUCTED,중앙상단탁자석(시야방해),STANDARD,NAVY,GENERAL,,16800,,,공식 경기등급별 1인 가격,OFFICIAL,S092,2026-09-03,CONFIRMED,
2026,LOTTE,SAJIK,THREEDISM_3B_GROUP,쓰리디즘글라스존(3루단체석),STANDARD,IVORY_PLUS,GENERAL,,20000,,,공식 경기등급별 1인 가격,OFFICIAL,S092,2026-09-03,CONFIRMED,
2026,LOTTE,SAJIK,THREEDISM_3B_GROUP,쓰리디즘글라스존(3루단체석),STANDARD,IVORY,GENERAL,,22500,,,공식 경기등급별 1인 가격,OFFICIAL,S092,2026-09-03,CONFIRMED,
2026,LOTTE,SAJIK,THREEDISM_3B_GROUP,쓰리디즘글라스존(3루단체석),STANDARD,WEEKDAY,GENERAL,,25000,,,공식 경기등급별 1인 가격,OFFICIAL,S092,2026-09-03,CONFIRMED,
2026,LOTTE,SAJIK,THREEDISM_3B_GROUP,쓰리디즘글라스존(3루단체석),STANDARD,WEEKEND,GENERAL,,30000,,,공식 경기등급별 1인 가격,OFFICIAL,S092,2026-09-03,CONFIRMED,
2026,LOTTE,SAJIK,THREEDISM_3B_GROUP,쓰리디즘글라스존(3루단체석),STANDARD,BLUE,GENERAL,,33000,,,공식 경기등급별 1인 가격,OFFICIAL,S092,2026-09-03,CONFIRMED,
2026,LOTTE,SAJIK,THREEDISM_3B_GROUP,쓰리디즘글라스존(3루단체석),STANDARD,NAVY,GENERAL,,36000,,,공식 경기등급별 1인 가격,OFFICIAL,S092,2026-09-03,CONFIRMED,
2026,LOTTE,SAJIK,THREEDISM_3B_GROUP_OBSTRUCTED,쓰리디즘글라스존(3루단체석)(시야방해),STANDARD,IVORY_PLUS,GENERAL,,14000,,,공식 경기등급별 1인 가격,OFFICIAL,S092,2026-09-03,CONFIRMED,
2026,LOTTE,SAJIK,THREEDISM_3B_GROUP_OBSTRUCTED,쓰리디즘글라스존(3루단체석)(시야방해),STANDARD,IVORY,GENERAL,,15700,,,공식 경기등급별 1인 가격,OFFICIAL,S092,2026-09-03,CONFIRMED,
2026,LOTTE,SAJIK,THREEDISM_3B_GROUP_OBSTRUCTED,쓰리디즘글라스존(3루단체석)(시야방해),STANDARD,WEEKDAY,GENERAL,,17500,,,공식 경기등급별 1인 가격,OFFICIAL,S092,2026-09-03,CONFIRMED,
2026,LOTTE,SAJIK,THREEDISM_3B_GROUP_OBSTRUCTED,쓰리디즘글라스존(3루단체석)(시야방해),STANDARD,WEEKEND,GENERAL,,21000,,,공식 경기등급별 1인 가격,OFFICIAL,S092,2026-09-03,CONFIRMED,
2026,LOTTE,SAJIK,THREEDISM_3B_GROUP_OBSTRUCTED,쓰리디즘글라스존(3루단체석)(시야방해),STANDARD,BLUE,GENERAL,,23100,,,공식 경기등급별 1인 가격,OFFICIAL,S092,2026-09-03,CONFIRMED,
2026,LOTTE,SAJIK,THREEDISM_3B_GROUP_OBSTRUCTED,쓰리디즘글라스존(3루단체석)(시야방해),STANDARD,NAVY,GENERAL,,25200,,,공식 경기등급별 1인 가격,OFFICIAL,S092,2026-09-03,CONFIRMED,
2026,LOTTE,SAJIK,RENAULT_GLAMPING,르노존(외야 글램핑존),STANDARD,IVORY_PLUS,GENERAL,,24000,,,공식 경기등급별 1인 가격,OFFICIAL,S092,2026-09-03,CONFIRMED,
2026,LOTTE,SAJIK,RENAULT_GLAMPING,르노존(외야 글램핑존),STANDARD,IVORY,GENERAL,,27000,,,공식 경기등급별 1인 가격,OFFICIAL,S092,2026-09-03,CONFIRMED,
2026,LOTTE,SAJIK,RENAULT_GLAMPING,르노존(외야 글램핑존),STANDARD,WEEKDAY,GENERAL,,30000,,,공식 경기등급별 1인 가격,OFFICIAL,S092,2026-09-03,CONFIRMED,
2026,LOTTE,SAJIK,RENAULT_GLAMPING,르노존(외야 글램핑존),STANDARD,WEEKEND,GENERAL,,40000,,,공식 경기등급별 1인 가격,OFFICIAL,S092,2026-09-03,CONFIRMED,
2026,LOTTE,SAJIK,RENAULT_GLAMPING,르노존(외야 글램핑존),STANDARD,BLUE,GENERAL,,44000,,,공식 경기등급별 1인 가격,OFFICIAL,S092,2026-09-03,CONFIRMED,
2026,LOTTE,SAJIK,RENAULT_GLAMPING,르노존(외야 글램핑존),STANDARD,NAVY,GENERAL,,48000,,,공식 경기등급별 1인 가격,OFFICIAL,S092,2026-09-03,CONFIRMED,
2026,LOTTE,SAJIK,JUNGKWANJANG_OUTFIELD_TABLE,정관장 에브리타임존(외야탁자석),STANDARD,IVORY_PLUS,GENERAL,,24000,,,공식 경기등급별 1인 가격,OFFICIAL,S092,2026-09-03,CONFIRMED,
2026,LOTTE,SAJIK,JUNGKWANJANG_OUTFIELD_TABLE,정관장 에브리타임존(외야탁자석),STANDARD,IVORY,GENERAL,,27000,,,공식 경기등급별 1인 가격,OFFICIAL,S092,2026-09-03,CONFIRMED,
2026,LOTTE,SAJIK,JUNGKWANJANG_OUTFIELD_TABLE,정관장 에브리타임존(외야탁자석),STANDARD,WEEKDAY,GENERAL,,30000,,,공식 경기등급별 1인 가격,OFFICIAL,S092,2026-09-03,CONFIRMED,
2026,LOTTE,SAJIK,JUNGKWANJANG_OUTFIELD_TABLE,정관장 에브리타임존(외야탁자석),STANDARD,WEEKEND,GENERAL,,35000,,,공식 경기등급별 1인 가격,OFFICIAL,S092,2026-09-03,CONFIRMED,
2026,LOTTE,SAJIK,JUNGKWANJANG_OUTFIELD_TABLE,정관장 에브리타임존(외야탁자석),STANDARD,BLUE,GENERAL,,38500,,,공식 경기등급별 1인 가격,OFFICIAL,S092,2026-09-03,CONFIRMED,
2026,LOTTE,SAJIK,JUNGKWANJANG_OUTFIELD_TABLE,정관장 에브리타임존(외야탁자석),STANDARD,NAVY,GENERAL,,42000,,,공식 경기등급별 1인 가격,OFFICIAL,S092,2026-09-03,CONFIRMED,
2026,LOTTE,SAJIK,INFIELD_FIELD_1B,1루 내야필드석,STANDARD,IVORY_PLUS,GENERAL,,12000,,,공식 경기등급별 1인 가격,OFFICIAL,S092,2026-09-03,CONFIRMED,
2026,LOTTE,SAJIK,INFIELD_FIELD_1B,1루 내야필드석,STANDARD,IVORY,GENERAL,,13500,,,공식 경기등급별 1인 가격,OFFICIAL,S092,2026-09-03,CONFIRMED,
2026,LOTTE,SAJIK,INFIELD_FIELD_1B,1루 내야필드석,STANDARD,WEEKDAY,GENERAL,,15000,,,공식 경기등급별 1인 가격,OFFICIAL,S092,2026-09-03,CONFIRMED,
2026,LOTTE,SAJIK,INFIELD_FIELD_1B,1루 내야필드석,STANDARD,WEEKEND,GENERAL,,20000,,,공식 경기등급별 1인 가격,OFFICIAL,S092,2026-09-03,CONFIRMED,
2026,LOTTE,SAJIK,INFIELD_FIELD_1B,1루 내야필드석,STANDARD,BLUE,GENERAL,,22000,,,공식 경기등급별 1인 가격,OFFICIAL,S092,2026-09-03,CONFIRMED,
2026,LOTTE,SAJIK,INFIELD_FIELD_1B,1루 내야필드석,STANDARD,NAVY,GENERAL,,24000,,,공식 경기등급별 1인 가격,OFFICIAL,S092,2026-09-03,CONFIRMED,
2026,LOTTE,SAJIK,INFIELD_FIELD_3B_A,3루 내야필드석 A,STANDARD,IVORY_PLUS,GENERAL,,12000,,,공식 경기등급별 1인 가격,OFFICIAL,S092,2026-09-03,CONFIRMED,
2026,LOTTE,SAJIK,INFIELD_FIELD_3B_A,3루 내야필드석 A,STANDARD,IVORY,GENERAL,,13500,,,공식 경기등급별 1인 가격,OFFICIAL,S092,2026-09-03,CONFIRMED,
2026,LOTTE,SAJIK,INFIELD_FIELD_3B_A,3루 내야필드석 A,STANDARD,WEEKDAY,GENERAL,,15000,,,공식 경기등급별 1인 가격,OFFICIAL,S092,2026-09-03,CONFIRMED,
2026,LOTTE,SAJIK,INFIELD_FIELD_3B_A,3루 내야필드석 A,STANDARD,WEEKEND,GENERAL,,20000,,,공식 경기등급별 1인 가격,OFFICIAL,S092,2026-09-03,CONFIRMED,
2026,LOTTE,SAJIK,INFIELD_FIELD_3B_A,3루 내야필드석 A,STANDARD,BLUE,GENERAL,,22000,,,공식 경기등급별 1인 가격,OFFICIAL,S092,2026-09-03,CONFIRMED,
2026,LOTTE,SAJIK,INFIELD_FIELD_3B_A,3루 내야필드석 A,STANDARD,NAVY,GENERAL,,24000,,,공식 경기등급별 1인 가격,OFFICIAL,S092,2026-09-03,CONFIRMED,
2026,LOTTE,SAJIK,INFIELD_FIELD_3B_B,3루 내야필드석 B,STANDARD,IVORY_PLUS,GENERAL,,7500,,,공식 경기등급별 1인 가격,OFFICIAL,S092,2026-09-03,CONFIRMED,
2026,LOTTE,SAJIK,INFIELD_FIELD_3B_B,3루 내야필드석 B,STANDARD,IVORY,GENERAL,,13500,,,공식 경기등급별 1인 가격,OFFICIAL,S092,2026-09-03,CONFIRMED,
2026,LOTTE,SAJIK,INFIELD_FIELD_3B_B,3루 내야필드석 B,STANDARD,WEEKDAY,GENERAL,,15000,,,공식 경기등급별 1인 가격,OFFICIAL,S092,2026-09-03,CONFIRMED,
2026,LOTTE,SAJIK,INFIELD_FIELD_3B_B,3루 내야필드석 B,STANDARD,WEEKEND,GENERAL,,20000,,,공식 경기등급별 1인 가격,OFFICIAL,S092,2026-09-03,CONFIRMED,
2026,LOTTE,SAJIK,INFIELD_FIELD_3B_B,3루 내야필드석 B,STANDARD,BLUE,GENERAL,,22000,,,공식 경기등급별 1인 가격,OFFICIAL,S092,2026-09-03,CONFIRMED,
2026,LOTTE,SAJIK,INFIELD_FIELD_3B_B,3루 내야필드석 B,STANDARD,NAVY,GENERAL,,24000,,,공식 경기등급별 1인 가격,OFFICIAL,S092,2026-09-03,CONFIRMED,
2026,LOTTE,SAJIK,CENTER_UPPER_OBSTRUCTED,중앙상단석(시야방해),STANDARD,IVORY_PLUS,GENERAL,,5600,,,공식 경기등급별 1인 가격,OFFICIAL,S092,2026-09-03,CONFIRMED,
2026,LOTTE,SAJIK,CENTER_UPPER_OBSTRUCTED,중앙상단석(시야방해),STANDARD,IVORY,GENERAL,,6300,,,공식 경기등급별 1인 가격,OFFICIAL,S092,2026-09-03,CONFIRMED,
2026,LOTTE,SAJIK,CENTER_UPPER_OBSTRUCTED,중앙상단석(시야방해),STANDARD,WEEKDAY,GENERAL,,7000,,,공식 경기등급별 1인 가격,OFFICIAL,S092,2026-09-03,CONFIRMED,
2026,LOTTE,SAJIK,CENTER_UPPER_OBSTRUCTED,중앙상단석(시야방해),STANDARD,WEEKEND,GENERAL,,8500,,,공식 경기등급별 1인 가격,OFFICIAL,S092,2026-09-03,CONFIRMED,
2026,LOTTE,SAJIK,CENTER_UPPER_OBSTRUCTED,중앙상단석(시야방해),STANDARD,BLUE,GENERAL,,9300,,,공식 경기등급별 1인 가격,OFFICIAL,S092,2026-09-03,CONFIRMED,
2026,LOTTE,SAJIK,CENTER_UPPER_OBSTRUCTED,중앙상단석(시야방해),STANDARD,NAVY,GENERAL,,10200,,,공식 경기등급별 1인 가격,OFFICIAL,S092,2026-09-03,CONFIRMED,
2026,LOTTE,SAJIK,SKYBOX,스카이박스,STANDARD,ALL_GAMES,GROUP,10,1000000,,,"1루 자이언츠룸·3루 V3룸, 실 단위 요금",OFFICIAL,S092,2026-09-03,CONFIRMED,
2026,NC,CHANGWON,PREMIUM,프리미엄석,DYNAMIC_MIN,SAMPLE_EVENT_2026-09-08,GENERAL,,106000,2026-09-08,2026-09-08,시즌 고정가격 아님,OFFICIAL,S094,2026-09-03,CONFIRMED,2026-09-08 NC-롯데 공식 예매 화면의 경기별 동적 가격 표본
2026,NC,CHANGWON,PREMIUM,프리미엄석,DYNAMIC_MAX,SAMPLE_EVENT_2026-09-08,GENERAL,,109000,2026-09-08,2026-09-08,시즌 고정가격 아님,OFFICIAL,S094,2026-09-03,CONFIRMED,2026-09-08 NC-롯데 공식 예매 화면의 경기별 동적 가격 표본
2026,NC,CHANGWON,PREMIUM_TABLE,프리미엄 테이블석,DYNAMIC_MIN,SAMPLE_EVENT_2026-09-08,GENERAL,,78000,2026-09-08,2026-09-08,시즌 고정가격 아님,OFFICIAL,S094,2026-09-03,CONFIRMED,2026-09-08 NC-롯데 공식 예매 화면의 경기별 동적 가격 표본
2026,NC,CHANGWON,PREMIUM_TABLE,프리미엄 테이블석,DYNAMIC_MAX,SAMPLE_EVENT_2026-09-08,GENERAL,,81300,2026-09-08,2026-09-08,시즌 고정가격 아님,OFFICIAL,S094,2026-09-03,CONFIRMED,2026-09-08 NC-롯데 공식 예매 화면의 경기별 동적 가격 표본
2026,NC,CHANGWON,TABLE,테이블석,DYNAMIC_MIN,SAMPLE_EVENT_2026-09-08,GENERAL,,65900,2026-09-08,2026-09-08,시즌 고정가격 아님,OFFICIAL,S094,2026-09-03,CONFIRMED,2026-09-08 NC-롯데 공식 예매 화면의 경기별 동적 가격 표본
2026,NC,CHANGWON,TABLE,테이블석,DYNAMIC_MAX,SAMPLE_EVENT_2026-09-08,GENERAL,,70200,2026-09-08,2026-09-08,시즌 고정가격 아님,OFFICIAL,S094,2026-09-03,CONFIRMED,2026-09-08 NC-롯데 공식 예매 화면의 경기별 동적 가격 표본
2026,NC,CHANGWON,MINI_TABLE,미니 테이블석,DYNAMIC_MIN,SAMPLE_EVENT_2026-09-08,GENERAL,,36800,2026-09-08,2026-09-08,시즌 고정가격 아님,OFFICIAL,S094,2026-09-03,CONFIRMED,2026-09-08 NC-롯데 공식 예매 화면의 경기별 동적 가격 표본
2026,NC,CHANGWON,MINI_TABLE,미니 테이블석,DYNAMIC_MAX,SAMPLE_EVENT_2026-09-08,GENERAL,,37000,2026-09-08,2026-09-08,시즌 고정가격 아님,OFFICIAL,S094,2026-09-03,CONFIRMED,2026-09-08 NC-롯데 공식 예매 화면의 경기별 동적 가격 표본
2026,NC,CHANGWON,INFIELD_1F_2F,내야석(1층/2층),DYNAMIC_MIN,SAMPLE_EVENT_2026-09-08,GENERAL,,24200,2026-09-08,2026-09-08,시즌 고정가격 아님,OFFICIAL,S094,2026-09-03,CONFIRMED,2026-09-08 NC-롯데 공식 예매 화면의 경기별 동적 가격 표본
2026,NC,CHANGWON,INFIELD_1F_2F,내야석(1층/2층),DYNAMIC_MAX,SAMPLE_EVENT_2026-09-08,GENERAL,,28900,2026-09-08,2026-09-08,시즌 고정가격 아님,OFFICIAL,S094,2026-09-03,CONFIRMED,2026-09-08 NC-롯데 공식 예매 화면의 경기별 동적 가격 표본
2026,NC,CHANGWON,INFIELD_3F_4F,내야석(3층/4층),DYNAMIC_MIN,SAMPLE_EVENT_2026-09-08,GENERAL,,19100,2026-09-08,2026-09-08,시즌 고정가격 아님,OFFICIAL,S094,2026-09-03,CONFIRMED,2026-09-08 NC-롯데 공식 예매 화면의 경기별 동적 가격 표본
2026,NC,CHANGWON,INFIELD_3F_4F,내야석(3층/4층),DYNAMIC_MAX,SAMPLE_EVENT_2026-09-08,GENERAL,,22700,2026-09-08,2026-09-08,시즌 고정가격 아님,OFFICIAL,S094,2026-09-03,CONFIRMED,2026-09-08 NC-롯데 공식 예매 화면의 경기별 동적 가격 표본
2026,NC,CHANGWON,OUTFIELD,외야석,DYNAMIC_MIN,SAMPLE_EVENT_2026-09-08,GENERAL,,17000,2026-09-08,2026-09-08,시즌 고정가격 아님,OFFICIAL,S094,2026-09-03,CONFIRMED,2026-09-08 NC-롯데 공식 예매 화면의 경기별 동적 가격 표본
2026,NC,CHANGWON,OUTFIELD,외야석,DYNAMIC_MAX,SAMPLE_EVENT_2026-09-08,GENERAL,,22500,2026-09-08,2026-09-08,시즌 고정가격 아님,OFFICIAL,S094,2026-09-03,CONFIRMED,2026-09-08 NC-롯데 공식 예매 화면의 경기별 동적 가격 표본
2026,NC,CHANGWON,OUTFIELD_GRASS_5,외야잔디석 (5인),DYNAMIC_MIN,SAMPLE_EVENT_2026-09-08,GENERAL,5,18400,2026-09-08,2026-09-08,시즌 고정가격 아님,OFFICIAL,S094,2026-09-03,CONFIRMED,2026-09-08 NC-롯데 공식 예매 화면의 경기별 동적 가격 표본
2026,NC,CHANGWON,OUTFIELD_GRASS_5,외야잔디석 (5인),DYNAMIC_MAX,SAMPLE_EVENT_2026-09-08,GENERAL,5,19100,2026-09-08,2026-09-08,시즌 고정가격 아님,OFFICIAL,S094,2026-09-03,CONFIRMED,2026-09-08 NC-롯데 공식 예매 화면의 경기별 동적 가격 표본
2026,NC,CHANGWON,BBQ_6,바베큐석 (6인),DYNAMIC_MIN,SAMPLE_EVENT_2026-09-08,GENERAL,6,39000,2026-09-08,2026-09-08,시즌 고정가격 아님,OFFICIAL,S094,2026-09-03,CONFIRMED,2026-09-08 NC-롯데 공식 예매 화면의 경기별 동적 가격 표본; 바비큐 세트 포함
2026,NC,CHANGWON,BBQ_6,바베큐석 (6인),DYNAMIC_MAX,SAMPLE_EVENT_2026-09-08,GENERAL,6,44200,2026-09-08,2026-09-08,시즌 고정가격 아님,OFFICIAL,S094,2026-09-03,CONFIRMED,2026-09-08 NC-롯데 공식 예매 화면의 경기별 동적 가격 표본; 바비큐 세트 포함
2026,NC,CHANGWON,PICNIC_TABLE_6,피크닉테이블석 (6인),DYNAMIC_MIN,SAMPLE_EVENT_2026-09-08,GENERAL,6,27800,2026-09-08,2026-09-08,시즌 고정가격 아님,OFFICIAL,S094,2026-09-03,CONFIRMED,2026-09-08 NC-롯데 공식 예매 화면의 경기별 동적 가격 표본
2026,NC,CHANGWON,PICNIC_TABLE_6,피크닉테이블석 (6인),DYNAMIC_MAX,SAMPLE_EVENT_2026-09-08,GENERAL,6,33300,2026-09-08,2026-09-08,시즌 고정가격 아님,OFFICIAL,S094,2026-09-03,CONFIRMED,2026-09-08 NC-롯데 공식 예매 화면의 경기별 동적 가격 표본
2026,NC,CHANGWON,FAMILY_2,가족석 (2인),DYNAMIC_MIN,SAMPLE_EVENT_2026-09-08,GENERAL,2,46000,2026-09-08,2026-09-08,시즌 고정가격 아님,OFFICIAL,S094,2026-09-03,CONFIRMED,2026-09-08 NC-롯데 공식 예매 화면의 경기별 동적 가격 표본; 게임존 패스 포함
2026,NC,CHANGWON,FAMILY_2,가족석 (2인),DYNAMIC_MAX,SAMPLE_EVENT_2026-09-08,GENERAL,2,46800,2026-09-08,2026-09-08,시즌 고정가격 아님,OFFICIAL,S094,2026-09-03,CONFIRMED,2026-09-08 NC-롯데 공식 예매 화면의 경기별 동적 가격 표본; 게임존 패스 포함
2026,NC,CHANGWON,FAMILY_4,가족석 (4인),DYNAMIC_MIN,SAMPLE_EVENT_2026-09-08,GENERAL,4,43300,2026-09-08,2026-09-08,시즌 고정가격 아님,OFFICIAL,S094,2026-09-03,CONFIRMED,2026-09-08 NC-롯데 공식 예매 화면의 경기별 동적 가격 표본; F&B 기프트박스·게임존 패스 포함
2026,NC,CHANGWON,FAMILY_4,가족석 (4인),DYNAMIC_MAX,SAMPLE_EVENT_2026-09-08,GENERAL,4,45000,2026-09-08,2026-09-08,시즌 고정가격 아님,OFFICIAL,S094,2026-09-03,CONFIRMED,2026-09-08 NC-롯데 공식 예매 화면의 경기별 동적 가격 표본; F&B 기프트박스·게임존 패스 포함
2026,NC,CHANGWON,FAMILY_6,가족석 (6인),DYNAMIC_MIN,SAMPLE_EVENT_2026-09-08,GENERAL,6,41800,2026-09-08,2026-09-08,시즌 고정가격 아님,OFFICIAL,S094,2026-09-03,CONFIRMED,2026-09-08 NC-롯데 공식 예매 화면의 경기별 동적 가격 표본; F&B 기프트박스·게임존 패스 포함
2026,NC,CHANGWON,FAMILY_6,가족석 (6인),DYNAMIC_MAX,SAMPLE_EVENT_2026-09-08,GENERAL,6,42800,2026-09-08,2026-09-08,시즌 고정가격 아님,OFFICIAL,S094,2026-09-03,CONFIRMED,2026-09-08 NC-롯데 공식 예매 화면의 경기별 동적 가격 표본; F&B 기프트박스·게임존 패스 포함
2026,NC,CHANGWON,ROUND_TABLE_2,라운드테이블석 (2인),DYNAMIC_MIN,SAMPLE_EVENT_2026-09-08,GENERAL,2,33800,2026-09-08,2026-09-08,시즌 고정가격 아님,OFFICIAL,S094,2026-09-03,CONFIRMED,2026-09-08 NC-롯데 공식 예매 화면의 경기별 동적 가격 표본
2026,NC,CHANGWON,ROUND_TABLE_2,라운드테이블석 (2인),DYNAMIC_MAX,SAMPLE_EVENT_2026-09-08,GENERAL,2,33900,2026-09-08,2026-09-08,시즌 고정가격 아님,OFFICIAL,S094,2026-09-03,CONFIRMED,2026-09-08 NC-롯데 공식 예매 화면의 경기별 동적 가격 표본
2026,NC,CHANGWON,ROUND_TABLE_4,라운드테이블석 (4인),DYNAMIC_MIN,SAMPLE_EVENT_2026-09-08,GENERAL,4,31100,2026-09-08,2026-09-08,시즌 고정가격 아님,OFFICIAL,S094,2026-09-03,CONFIRMED,2026-09-08 NC-롯데 공식 예매 화면의 경기별 동적 가격 표본
2026,NC,CHANGWON,ROUND_TABLE_4,라운드테이블석 (4인),DYNAMIC_MAX,SAMPLE_EVENT_2026-09-08,GENERAL,4,31800,2026-09-08,2026-09-08,시즌 고정가격 아님,OFFICIAL,S094,2026-09-03,CONFIRMED,2026-09-08 NC-롯데 공식 예매 화면의 경기별 동적 가격 표본
2026,NC,CHANGWON,WHEELCHAIR,휠체어석,DYNAMIC_DISPLAY,SAMPLE_EVENT_2026-09-08,GENERAL,,20000,2026-09-08,2026-09-08,시즌 고정가격 아님,OFFICIAL,S094,2026-09-03,CONFIRMED,2026-09-08 NC-롯데 공식 예매 화면의 경기별 동적 가격 표본; 비장애인 기준 표시 가격
2026,NC,CHANGWON,COUNTER,카운터석,DYNAMIC_MIN,SAMPLE_EVENT_2026-09-08,GENERAL,,30300,2026-09-08,2026-09-08,시즌 고정가격 아님,OFFICIAL,S094,2026-09-03,CONFIRMED,2026-09-08 NC-롯데 공식 예매 화면의 경기별 동적 가격 표본
2026,NC,CHANGWON,COUNTER,카운터석,DYNAMIC_MAX,SAMPLE_EVENT_2026-09-08,GENERAL,,33300,2026-09-08,2026-09-08,시즌 고정가격 아님,OFFICIAL,S094,2026-09-03,CONFIRMED,2026-09-08 NC-롯데 공식 예매 화면의 경기별 동적 가격 표본
2026,NC,CHANGWON,OPEN_BOX_2,오픈박스 (2인),DYNAMIC_MIN,SAMPLE_EVENT_2026-09-08,GENERAL,2,56700,2026-09-08,2026-09-08,시즌 고정가격 아님,OFFICIAL,S094,2026-09-03,CONFIRMED,2026-09-08 NC-롯데 공식 예매 화면의 경기별 동적 가격 표본
2026,NC,CHANGWON,OPEN_BOX_2,오픈박스 (2인),DYNAMIC_MAX,SAMPLE_EVENT_2026-09-08,GENERAL,2,57100,2026-09-08,2026-09-08,시즌 고정가격 아님,OFFICIAL,S094,2026-09-03,CONFIRMED,2026-09-08 NC-롯데 공식 예매 화면의 경기별 동적 가격 표본
2026,NC,CHANGWON,OPEN_BOX_4,오픈박스 (4인),DYNAMIC_MIN,SAMPLE_EVENT_2026-09-08,GENERAL,4,55100,2026-09-08,2026-09-08,시즌 고정가격 아님,OFFICIAL,S094,2026-09-03,CONFIRMED,2026-09-08 NC-롯데 공식 예매 화면의 경기별 동적 가격 표본
2026,NC,CHANGWON,OPEN_BOX_4,오픈박스 (4인),DYNAMIC_MAX,SAMPLE_EVENT_2026-09-08,GENERAL,4,56200,2026-09-08,2026-09-08,시즌 고정가격 아님,OFFICIAL,S094,2026-09-03,CONFIRMED,2026-09-08 NC-롯데 공식 예매 화면의 경기별 동적 가격 표본
2026,NC,CHANGWON,OUTFIELD_COUNTER,외야 카운터석,DYNAMIC_MIN,SAMPLE_EVENT_2026-09-08,GENERAL,,29500,2026-09-08,2026-09-08,시즌 고정가격 아님,OFFICIAL,S094,2026-09-03,CONFIRMED,2026-09-08 NC-롯데 공식 예매 화면의 경기별 동적 가격 표본
2026,NC,CHANGWON,OUTFIELD_COUNTER,외야 카운터석,DYNAMIC_MAX,SAMPLE_EVENT_2026-09-08,GENERAL,,31200,2026-09-08,2026-09-08,시즌 고정가격 아님,OFFICIAL,S094,2026-09-03,CONFIRMED,2026-09-08 NC-롯데 공식 예매 화면의 경기별 동적 가격 표본
2026,NC,CHANGWON,OUTFIELD_FAMILY_4,외야 가족석 (4인),DYNAMIC_MIN,SAMPLE_EVENT_2026-09-08,GENERAL,4,39900,2026-09-08,2026-09-08,시즌 고정가격 아님,OFFICIAL,S094,2026-09-03,CONFIRMED,2026-09-08 NC-롯데 공식 예매 화면의 경기별 동적 가격 표본
2026,NC,CHANGWON,OUTFIELD_FAMILY_4,외야 가족석 (4인),DYNAMIC_MAX,SAMPLE_EVENT_2026-09-08,GENERAL,4,41900,2026-09-08,2026-09-08,시즌 고정가격 아님,OFFICIAL,S094,2026-09-03,CONFIRMED,2026-09-08 NC-롯데 공식 예매 화면의 경기별 동적 가격 표본
2026,NC,CHANGWON,SKY_TABLE,스카이 테이블석,DYNAMIC_MIN,SAMPLE_EVENT_2026-09-08,GENERAL,,32200,2026-09-08,2026-09-08,시즌 고정가격 아님,OFFICIAL,S094,2026-09-03,CONFIRMED,2026-09-08 NC-롯데 공식 예매 화면의 경기별 동적 가격 표본
2026,NC,CHANGWON,SKY_TABLE,스카이 테이블석,DYNAMIC_MAX,SAMPLE_EVENT_2026-09-08,GENERAL,,33400,2026-09-08,2026-09-08,시즌 고정가격 아님,OFFICIAL,S094,2026-09-03,CONFIRMED,2026-09-08 NC-롯데 공식 예매 화면의 경기별 동적 가격 표본
2026,NC,CHANGWON,HIGH_VIEW_TABLE,하이뷰 테이블석,DYNAMIC_MIN,SAMPLE_EVENT_2026-09-08,GENERAL,,16000,2026-09-08,2026-09-08,시즌 고정가격 아님,OFFICIAL,S094,2026-09-03,CONFIRMED,2026-09-08 NC-롯데 공식 예매 화면의 경기별 동적 가격 표본
2026,NC,CHANGWON,HIGH_VIEW_TABLE,하이뷰 테이블석,DYNAMIC_MAX,SAMPLE_EVENT_2026-09-08,GENERAL,,33400,2026-09-08,2026-09-08,시즌 고정가격 아님,OFFICIAL,S094,2026-09-03,CONFIRMED,2026-09-08 NC-롯데 공식 예매 화면의 경기별 동적 가격 표본
2026,NC,CHANGWON,ROUND_TABLE_6,라운드테이블석 (6인),DYNAMIC_DISPLAY,SAMPLE_EVENT_2026-09-08,DISPLAYED_AMOUNT,6,183600,2026-09-08,2026-09-08,결제 단계에서 단위 재확인,OFFICIAL,S094,2026-09-03,PARTIAL,공식 화면 표시 금액. 1인/구역 총액 단위가 목록만으로 불명확
2026,NC,CHANGWON,BULLPEN,불펜석,DYNAMIC_DISPLAY,SAMPLE_EVENT_2026-09-08,DISPLAYED_AMOUNT,,25900,2026-09-08,2026-09-08,결제 단계에서 단위 재확인,OFFICIAL,S094,2026-09-03,PARTIAL,공식 화면 표시 금액. 1인/구역 총액 단위가 목록만으로 불명확
2026,NC,CHANGWON,BULLPEN_FAMILY_4,불펜가족석 (4인),DYNAMIC_DISPLAY,SAMPLE_EVENT_2026-09-08,DISPLAYED_AMOUNT,4,107600,2026-09-08,2026-09-08,결제 단계에서 단위 재확인,OFFICIAL,S094,2026-09-03,PARTIAL,공식 화면 표시 금액. 1인/구역 총액 단위가 목록만으로 불명확
2026,NC,CHANGWON,SKYBOX,스카이박스,DYNAMIC_RANGE,SAMPLE_EVENT_2026-09-08,MIXED_SKYBOX_PRODUCTS,,77700,2026-09-08,2026-09-08,하한값; 세부 스카이박스별 단위 재확인,OFFICIAL,S094,2026-09-03,PARTIAL,"6개 하위 상품 전체 표시 범위 77,700~1,759,200원 중 하한"
2026,NC,CHANGWON,SKYBOX,스카이박스,DYNAMIC_RANGE,SAMPLE_EVENT_2026-09-08,MIXED_SKYBOX_PRODUCTS,,1759200,2026-09-08,2026-09-08,상한값; 세부 스카이박스별 단위 재확인,OFFICIAL,S094,2026-09-03,PARTIAL,"6개 하위 상품 전체 표시 범위 77,700~1,759,200원 중 상한"
